player,player_id,position,team_name,grades_coverage_defense,grades_defense,snap_counts_pass_play,rank,Year
Kevin Byard,10698,S,TEN,90.9,90.4,776,1.0,2021
Antoine Winfield Jr.,42475,S,TB,87.6,89.1,707,2.0,2021
Amani Hooker,51378,S,TEN,86.9,85.9,533,3.0,2021
Jevon Holland,83873,S,MIA,87.7,84.7,592,4.0,2021
Jalen Ramsey,10639,CB,LA,85.8,84.4,808,5.0,2021
Micah Hyde,7941,S,BUF,89.8,83.8,720,6.0,2021
A.J. Terrell,55586,CB,ATL,85.6,82.7,575,7.0,2021
Kendall Fuller,10718,CB,WAS,78.7,81.5,658,8.0,2021
Darius Slay,7817,CB,PHI,84.5,81.0,615,9.0,2021
Marcus Williams,11797,S,NO,84.3,80.1,672,10.0,2021
Adrian Phillips,9177,S,NE,84.5,80.0,538,11.0,2021
Nate Hobbs,55948,CB,LV,77.1,79.4,613,12.0,2021
J.C. Jackson,42781,CB,NE,80.4,78.9,592,13.0,2021
D.J. Reed Jr.,26940,CB,SEA,75.4,78.6,606,14.0,2021
Derwin James,51368,S,LAC,76.6,78.1,552,15.0,2021
Harrison Smith,7641,S,MIN,81.8,77.9,658,16.0,2021
Jordan Poyer,8000,S,BUF,86.8,77.7,698,17.0,2021
Tavierre Thomas,66931,CB,HST,76.1,77.6,413,18.0,2021
Marshon Lattimore,11766,CB,NO,76.4,77.3,640,19.0,2021
Denzel Ward,49558,CB,CLV,75.9,76.9,534,20.0,2021
Casey Hayward Jr.,7064,CB,LV,75.5,76.6,712,21.0,2021
Jayron Kearse,10878,S,DAL,75.5,75.9,674,22.0,2021
Chidobe Awuzie,11815,CB,CIN,74.5,75.5,703,23.0,2021
Devin McCourty,5552,S,NE,74.7,75.5,626,23.0,2021
Xavier McKinney,55775,S,NYG,78.4,75.4,675,25.0,2021
Adoree' Jackson,11773,CB,NYG,80.9,74.9,498,26.0,2021
Jimmie Ward,8665,S,SF,69.1,74.8,761,27.0,2021
Justin Simmons,10732,S,DEN,73.4,74.8,663,27.0,2021
Rasul Douglas,11854,CB,GB,77.2,74.5,490,29.0,2021
Adrian Amos,9575,S,GB,73.6,74.3,727,30.0,2021
Jordan Fuller,45326,S,LA,69.4,74.3,647,30.0,2021
Vonn Bell,10695,S,CIN,75.6,72.1,851,32.0,2021
Shaquill Griffin,11845,CB,JAX,71.1,72.0,508,33.0,2021
Trevon Moehrig,77847,S,LV,75.5,71.8,753,34.0,2021
Jamel Dean,34918,CB,TB,74.7,71.8,581,34.0,2021
Jeremy Chinn,43179,S,CAR,74.3,71.4,579,36.0,2021
Eric Rowe,9480,S,MIA,70.7,71.2,451,37.0,2021
Charvarius Ward,43034,CB,KC,69.4,71.2,591,37.0,2021
Quandre Diggs,9633,S,SEA,72.3,71.2,743,37.0,2021
Avonte Maddox,50543,CB,PHI,73.5,71.0,533,40.0,2021
Bobby McCain,9578,S,WAS,72.6,70.9,667,41.0,2021
Xavien Howard,10672,CB,MIA,71.1,70.9,648,41.0,2021
Isaiah Rodgers,27069,CB,IND,71.8,70.7,366,43.0,2021
Jordan Whitehead,49196,S,TB,68.0,70.7,611,43.0,2021
Taron Johnson,49511,CB,BUF,75.3,70.3,665,45.0,2021
Mike Hilton,10898,CB,CIN,70.0,70.2,754,46.0,2021
Sidney Jones,11798,CB,SEA,69.2,70.2,447,46.0,2021
Juan Thornhill,50426,S,KC,69.9,70.1,702,48.0,2021
Rock Ya-Sin,49564,CB,IND,72.4,69.9,395,49.0,2021
Carlton Davis,49335,CB,TB,71.8,69.9,539,49.0,2021
Kyle Dugger,90621,S,NE,73.7,69.7,462,51.0,2021
Kamren Curl,55800,S,WAS,65.5,69.4,577,52.0,2021
Emmanuel Moseley,50430,CB,SF,68.0,69.1,498,53.0,2021
Andrew Wingard,49268,S,JAX,75.2,69.1,534,53.0,2021
John Johnson III,11847,S,CLV,66.5,68.7,557,55.0,2021
Jalen Thompson,49116,S,ARZ,71.8,68.5,642,56.0,2021
Greg Newsome II,83341,CB,CLV,70.6,68.1,413,57.0,2021
Jessie Bates III,49162,S,CIN,70.0,67.8,829,58.0,2021
Jalen Mills,10867,CB,NE,63.5,67.5,529,59.0,2021
Tyrann Mathieu,7850,S,KC,75.7,67.4,730,60.0,2021
Robert Alford,7841,CB,ARZ,68.5,66.9,409,61.0,2021
Kenny Moore II,51596,CB,IND,62.1,66.6,683,62.0,2021
Xavier Woods,11946,S,MIN,58.3,66.4,758,63.0,2021
Chuck Clark,11941,S,BLT,61.1,66.3,676,64.0,2021
Nasir Adderley,33880,S,LAC,61.3,66.2,585,65.0,2021
Patrick Surtain II,83119,CB,DEN,66.3,66.1,534,66.0,2021
Anthony Brown,10823,CB,DAL,67.1,66.0,706,67.0,2021
Marlon Humphrey,11771,CB,BLT,65.0,65.9,498,68.0,2021
Jackrabbit Jenkins,7043,CB,TEN,65.1,65.9,652,68.0,2021
Tre'Davious White,11782,CB,BUF,69.0,65.7,408,70.0,2021
Eric Stokes,55912,CB,GB,67.1,65.5,669,71.0,2021
Nik Needham,50356,CB,MIA,67.6,65.2,438,72.0,2021
Tracy Walker,51266,S,DET,64.2,65.1,495,73.0,2021
Byron Jones,9460,CB,MIA,63.5,65.0,626,74.0,2021
Rodney McLeod,7271,S,PHI,60.4,64.8,477,75.0,2021
Budda Baker,11791,S,ARZ,65.2,64.6,658,76.0,2021
Greedy Williams,43254,CB,CLV,68.8,64.6,395,76.0,2021
Malcolm Jenkins,4937,S,NO,60.8,64.5,679,78.0,2021
Taylor Rapp,51172,S,LA,57.5,64.5,726,78.0,2021
Jaylon Johnson,56259,CB,CHI,60.5,64.2,521,80.0,2021
Mike Edwards,51282,S,TB,66.4,63.9,481,81.0,2021
Grant Delpit,60685,S,CLV,64.5,63.8,395,82.0,2021
Kristian Fulton,42894,CB,TEN,66.2,63.7,529,83.0,2021
L'Jarius Sneed,40588,CB,KC,61.7,63.6,723,84.0,2021
K'Waun Williams,9332,CB,SF,60.7,63.5,572,85.0,2021
Bryce Hall,42313,CB,NYJ,64.5,63.2,679,86.0,2021
Patrick Peterson,6157,CB,MIN,61.0,63.0,548,87.0,2021
Andrew Sendejo,6118,S,IND,65.1,62.9,410,88.0,2021
Steven Nelson,9531,CB,PHI,60.6,62.9,629,88.0,2021
James Bradberry,10696,CB,NYG,65.0,62.8,690,90.0,2021
Tyson Campbell,83217,CB,JAX,59.9,62.7,507,91.0,2021
Chris Harris Jr.,6457,CB,LAC,60.4,62.4,469,92.0,2021
Chauncey Gardner-Johnson,49371,CB,NO,62.2,62.2,446,93.0,2021
Joe Haden,5532,CB,PIT,64.2,62.1,446,94.0,2021
Elijah Molden,56290,CB,TEN,61.8,62.0,504,95.0,2021
Anthony Harris,9895,S,PHI,58.4,62.0,539,95.0,2021
Xavier Rhodes,7806,CB,IND,61.8,61.8,402,97.0,2021
Darious Williams,55724,CB,LA,60.7,61.8,749,97.0,2021
Damontae Kazee,11904,S,DAL,66.0,61.8,606,97.0,2021
Levi Wallace,25445,CB,BUF,63.9,61.6,686,100.0,2021
Donte Jackson,49377,CB,CAR,56.1,61.3,417,101.0,2021
Jourdan Lewis,11846,CB,DAL,62.8,61.3,595,101.0,2021
Ronald Darby,9483,CB,DEN,58.7,61.1,412,103.0,2021
Dean Marlowe,9966,S,DET,63.0,61.0,417,104.0,2021
David Long Jr.,27377,CB,LA,62.2,60.8,513,105.0,2021
Sean Chandler,51315,S,CAR,62.6,60.7,322,106.0,2021
Ashtyn Davis,49560,S,NYJ,66.1,60.7,420,106.0,2021
Eli Apple,10644,CB,CIN,60.4,60.5,845,108.0,2021
Logan Ryan,7864,S,NYG,51.1,60.4,602,109.0,2021
Tavon Young,10738,CB,BLT,62.6,60.4,404,109.0,2021
Paulson Adebo,52280,CB,NO,61.4,60.3,577,111.0,2021
Jamal Adams,11761,S,SEA,47.4,60.1,519,112.0,2021
Erik Harris,10346,S,ATL,60.3,59.7,421,113.0,2021
Cameron Sutton,11850,CB,PIT,56.6,59.3,689,114.0,2021
William Jackson III,10658,CB,WAS,59.5,59.3,494,114.0,2021
Duron Harmon,7872,S,ATL,54.8,59.1,611,116.0,2021
Amani Oruwariye,50533,CB,DET,60.3,59.0,535,117.0,2021
Eddie Jackson,11867,S,CHI,56.9,59.0,438,117.0,2021
Jaylinn Hawkins,51423,S,ATL,60.9,58.8,265,119.0,2021
Byron Murphy Jr.,44027,CB,ARZ,62.1,58.5,622,120.0,2021
Trevon Diggs,41817,CB,DAL,65.0,58.5,679,120.0,2021
Darnell Savage,34247,S,GB,62.2,58.4,712,122.0,2021
Keith Taylor,56289,CB,CAR,58.1,58.0,267,123.0,2021
Terrell Edmunds,51334,S,PIT,67.7,58.0,730,123.0,2021
Rudy Ford,11963,CB,JAX,59.4,57.7,310,125.0,2021
Fabian Moreau,11836,CB,ATL,55.2,57.7,597,125.0,2021
Jaquiski Tartt,9479,S,SF,54.1,57.5,592,127.0,2021
Minkah Fitzpatrick,51206,S,PIT,45.1,57.2,683,128.0,2021
Tevaughn Campbell,91247,CB,LAC,52.4,56.9,412,129.0,2021
Rayshawn Jenkins,11868,S,JAX,61.2,56.9,485,129.0,2021
Johnathan Abram,34646,S,LV,54.2,56.9,585,129.0,2021
Anthony Averett,50365,CB,BLT,55.0,56.3,540,132.0,2021
Javelin Guidry,56262,CB,NYJ,56.8,55.9,280,133.0,2021
Julian Love,51081,S,NYG,57.4,55.4,383,134.0,2021
Chandon Sullivan,49349,CB,GB,57.5,55.0,615,135.0,2021
Landon Collins,9466,S,WAS,38.8,54.7,425,136.0,2021
Michael Davis,12040,CB,LAC,54.4,54.0,523,137.0,2021
Duke Shelley,49569,CB,CHI,58.2,53.7,275,138.0,2021
Michael Carter II,60644,CB,NYJ,56.0,53.7,504,138.0,2021
Brandon Stephens,45644,S,BLT,46.5,53.1,488,140.0,2021
Desmond King II,11906,CB,HST,47.7,53.0,533,141.0,2021
Terrance Mitchell,8888,CB,HST,51.7,52.4,430,142.0,2021
Kareem Jackson,5545,S,DEN,48.5,52.0,533,143.0,2021
Tashaun Gipson Sr.,7288,S,CHI,50.8,51.5,368,144.0,2021
Eric Murray,10740,S,HST,54.7,50.9,417,145.0,2021
Justin Reid,49048,S,HST,45.3,50.8,450,146.0,2021
Tre Norwood,55675,S,PIT,49.2,50.4,320,147.0,2021
Kindle Vildor,49346,CB,CHI,45.6,50.2,475,148.0,2021
Brandon Facyson,50564,CB,LV,42.5,49.1,376,149.0,2021
Marco Wilson,55592,CB,ARZ,47.8,48.6,516,150.0,2021
AJ Parker,55983,CB,DET,57.1,48.3,378,151.0,2021
Daniel Sorensen,9253,S,KC,53.5,47.7,586,152.0,2021
Josh Norman,7649,CB,SF,45.4,47.2,480,153.0,2021
Bashaud Breeland,8737,CB,MIN,45.3,47.2,435,153.0,2021
Kyle Fuller,8649,CB,DEN,40.8,47.2,483,153.0,2021
Myles Hartsfield,49159,S,CAR,53.5,47.1,266,156.0,2021
Brandin Echols,98900,CB,NYJ,48.0,45.0,463,157.0,2021
Ugo Amadi,49352,CB,SEA,41.2,43.7,497,158.0,2021
Will Harris,51336,S,DET,41.7,42.6,592,159.0,2021
Mackensie Alexander,10688,CB,MIN,40.3,40.2,512,160.0,2021
Jaire Alexander,49350,CB,GB,91.1,90.7,637,1.0,2020
Jessie Bates III,49162,S,CIN,90.0,90.1,616,2.0,2020
Adrian Amos,9575,S,GB,92.1,89.9,700,3.0,2020
Xavien Howard,10672,CB,MIA,89.6,87.3,584,4.0,2020
John Johnson III,11847,S,LA,86.6,85.3,733,5.0,2020
Bryce Callahan,10000,CB,DEN,86.7,84.1,394,6.0,2020
Marcus Maye,11794,S,NYJ,85.8,82.9,695,7.0,2020
Darious Williams,55724,CB,LA,81.5,81.0,629,8.0,2020
Jonathan Jones,11217,CB,NE,80.8,80.7,453,9.0,2020
Kareem Jackson,5545,S,DEN,81.3,80.4,672,10.0,2020
James Bradberry,10696,CB,NYG,79.9,79.8,639,11.0,2020
Marcus Williams,11797,S,NO,72.9,78.6,633,12.0,2020
Jason Verrett,8660,CB,SF,76.1,77.6,493,13.0,2020
Justin Simmons,10732,S,DEN,79.0,77.4,672,14.0,2020
Xavier Rhodes,7806,CB,IND,78.9,77.3,617,15.0,2020
Jalen Ramsey,10639,CB,LA,77.8,77.3,697,15.0,2020
Brian Poole,11052,CB,NYJ,79.5,77.1,308,17.0,2020
Marlon Humphrey,11771,CB,BLT,77.6,76.4,717,18.0,2020
Minkah Fitzpatrick,51206,S,PIT,77.8,76.4,672,18.0,2020
Jamel Dean,34918,CB,TB,78.6,76.4,683,18.0,2020
Budda Baker,11791,S,ARZ,68.9,75.3,643,21.0,2020
Malcolm Butler,9040,CB,TEN,75.8,74.5,726,22.0,2020
Harrison Smith,7641,S,MIN,76.7,74.3,592,23.0,2020
Kenny Moore II,51596,CB,IND,77.5,73.8,660,24.0,2020
Jimmie Ward,8665,S,SF,72.5,73.5,509,25.0,2020
Darnell Savage,34247,S,GB,73.6,72.1,606,26.0,2020
Darius Phillips,49507,CB,CIN,68.1,72.1,359,26.0,2020
Donovan Wilson,49408,S,DAL,70.5,72.0,365,28.0,2020
Tashaun Gipson Sr.,7288,S,CHI,69.9,72.0,678,28.0,2020
Vonn Bell,10695,S,CIN,64.6,71.5,619,30.0,2020
Bradley Roby,8666,CB,HST,72.2,71.5,338,30.0,2020
William Jackson III,10658,CB,CIN,72.4,71.4,535,32.0,2020
Jordan Poyer,8000,S,BUF,70.4,71.3,771,33.0,2020
Terrell Edmunds,51334,S,PIT,75.3,71.2,573,34.0,2020
Cameron Dantzler,42472,CB,MIN,69.8,70.9,338,35.0,2020
Rodney McLeod,7271,S,PHI,77.3,70.8,503,36.0,2020
Khari Willis,51304,S,IND,64.4,70.5,565,37.0,2020
Denzel Ward,49558,CB,CLV,73.2,70.5,515,37.0,2020
Jimmy Smith,6179,CB,BLT,73.3,70.5,393,37.0,2020
Donte Jackson,49377,CB,CAR,69.0,70.4,391,40.0,2020
Micah Hyde,7941,S,BUF,69.2,70.3,730,41.0,2020
Jordan Whitehead,49196,S,TB,72.0,70.0,736,42.0,2020
Troy Hill,9881,CB,LA,71.9,69.9,705,43.0,2020
Chuck Clark,11941,S,BLT,70.8,69.8,777,44.0,2020
Ronald Darby,9483,CB,WAS,68.2,69.7,657,45.0,2020
DeShon Elliott,28854,S,BLT,70.6,69.6,762,46.0,2020
J.C. Jackson,42781,CB,NE,70.1,69.5,500,47.0,2020
Jalen Mills,10867,S,PHI,66.9,68.9,596,48.0,2020
Cameron Sutton,11850,CB,PIT,73.8,68.9,442,48.0,2020
Rayshawn Jenkins,11868,S,LAC,70.0,68.9,513,48.0,2020
Andrew Wingard,49268,S,JAX,69.8,68.8,236,51.0,2020
Tre'Davious White,11782,CB,BUF,71.9,68.5,687,52.0,2020
Kamren Curl,55800,S,WAS,69.5,68.4,522,53.0,2020
Levi Wallace,25445,CB,BUF,64.7,68.3,480,54.0,2020
Terrance Mitchell,8888,CB,CLV,65.3,68.2,796,55.0,2020
Keanu Neal,10651,S,ATL,66.2,68.2,615,55.0,2020
Steven Nelson,9531,CB,PIT,68.6,68.1,605,57.0,2020
Antoine Winfield Jr.,42475,S,TB,57.2,67.2,854,58.0,2020
Marcus Peters,9451,CB,BLT,72.1,67.2,673,58.0,2020
Tyrann Mathieu,7850,S,KC,63.1,67.0,748,60.0,2020
Desmond King II,11906,CB,TEN,62.4,67.0,525,60.0,2020
Ugo Amadi,49352,CB,SEA,67.8,66.8,469,62.0,2020
Jackrabbit Jenkins,7043,CB,NO,65.5,66.7,599,63.0,2020
Kendall Fuller,10718,CB,WAS,65.4,66.7,576,63.0,2020
Joe Haden,5532,CB,PIT,69.6,66.6,523,65.0,2020
Amani Hooker,51378,S,TEN,70.8,66.6,371,65.0,2020
Adrian Phillips,9177,S,NE,62.2,66.2,420,67.0,2020
Anthony Harris,9895,S,MIN,63.6,66.2,620,67.0,2020
Kevin Byard,10698,S,TEN,61.5,65.8,735,69.0,2020
Carlton Davis,49335,CB,TB,64.8,65.7,813,70.0,2020
Jordan Fuller,45326,S,LA,62.6,65.6,540,71.0,2020
Lonnie Johnson Jr.,55615,S,HST,69.1,65.5,468,72.0,2020
Jaquiski Tartt,9479,S,SF,63.5,65.3,222,73.0,2020
Duron Harmon,7872,S,DET,64.4,65.3,634,73.0,2020
Devin McCourty,5552,S,NE,64.3,65.2,549,75.0,2020
Jarrod Wilson,10902,S,JAX,64.7,64.7,439,76.0,2020
Byron Murphy Jr.,44027,CB,ARZ,63.3,64.7,536,76.0,2020
Jabrill Peppers,11780,S,NYG,57.2,64.7,570,76.0,2020
Shaquill Griffin,11845,CB,SEA,64.8,64.6,588,79.0,2020
Malcolm Jenkins,4937,S,NO,53.9,64.4,737,80.0,2020
Charvarius Ward,43034,CB,KC,66.8,64.3,629,81.0,2020
Logan Ryan,7864,S,NYG,60.8,64.1,657,82.0,2020
Kyle Fuller,8649,CB,CHI,70.2,64.0,684,83.0,2020
Chris Banjo,8419,S,ARZ,63.6,63.6,272,84.0,2020
Byron Jones,9460,CB,MIA,61.5,63.6,498,84.0,2020
Michael Davis,12040,CB,LAC,62.9,63.1,598,86.0,2020
Quandre Diggs,9633,S,SEA,56.2,63.1,765,86.0,2020
Darius Slay,7817,CB,PHI,63.1,62.9,518,88.0,2020
Bashaud Breeland,8737,CB,KC,69.4,62.8,574,89.0,2020
Trevon Diggs,41817,CB,DAL,63.9,62.7,444,90.0,2020
Jamal Adams,11761,S,SEA,52.5,62.7,575,90.0,2020
Ricardo Allen,8782,S,ATL,60.1,62.4,412,92.0,2020
Bobby McCain,9578,S,MIA,63.1,62.1,582,93.0,2020
Xavier Woods,11946,S,DAL,62.5,61.9,546,94.0,2020
Chris Harris Jr.,6457,CB,LAC,57.4,61.9,347,94.0,2020
Taron Johnson,49511,CB,BUF,58.4,61.5,676,96.0,2020
A.J. Terrell,55586,CB,ATL,57.0,60.8,610,97.0,2020
Justin Reid,49048,S,HST,67.2,60.7,501,98.0,2020
Mackensie Alexander,10688,CB,CIN,67.2,60.4,417,99.0,2020
Chauncey Gardner-Johnson,49371,CB,NO,61.2,60.3,634,100.0,2020
Tarvarius Moore,49178,S,SF,56.1,60.2,344,101.0,2020
Chandon Sullivan,49349,CB,GB,62.0,60.2,564,101.0,2020
Rasul Douglas,11854,CB,CAR,60.2,60.2,544,101.0,2020
Bryce Hall,42313,CB,NYJ,62.8,59.9,348,104.0,2020
Sean Murphy-Bunting,25891,CB,TB,60.4,59.6,806,105.0,2020
Eddie Jackson,11867,S,CHI,55.8,59.5,682,106.0,2020
Casey Hayward Jr.,7064,CB,LAC,59.5,59.5,482,106.0,2020
Julian Blackmon,49434,S,IND,53.6,59.4,637,108.0,2020
Marshon Lattimore,11766,CB,NO,59.7,59.1,612,109.0,2020
Jeremy Chinn,43179,S,CAR,64.4,59.0,610,110.0,2020
Juan Thornhill,50426,S,KC,63.6,59.0,582,110.0,2020
Eric Rowe,9480,S,MIA,64.1,58.9,579,112.0,2020
Isaiah Oliver,50393,CB,ATL,53.3,58.8,575,113.0,2020
Kenny Vaccaro,7796,S,TEN,60.1,58.7,583,114.0,2020
Emmanuel Moseley,50430,CB,SF,54.6,58.3,300,115.0,2020
C.J. Henderson,55593,CB,JAX,58.3,57.9,271,116.0,2020
Jimmy Moreland,28704,CB,WAS,55.7,57.6,459,117.0,2020
Erik Harris,10346,S,LV,57.9,57.0,439,118.0,2020
Isaac Yiadom,49355,CB,NYG,52.1,56.8,394,119.0,2020
Kris Boyd,34222,CB,MIN,50.3,55.8,227,120.0,2020
Jayron Kearse,10878,S,DET,58.7,55.7,307,121.0,2020
Jason McCourty,5127,CB,NE,51.8,55.7,421,121.0,2020
Nevin Lawson,8768,CB,LV,54.7,55.6,470,123.0,2020
Juston Burris,10752,S,CAR,59.5,55.3,509,124.0,2020
Trayvon Mullen,41968,CB,LV,58.3,55.3,576,124.0,2020
Patrick Peterson,6157,CB,ARZ,53.1,55.2,695,126.0,2020
Julian Love,51081,S,NYG,54.9,55.2,481,126.0,2020
Jaylon Johnson,56259,CB,CHI,56.1,54.9,520,128.0,2020
Karl Joseph,10648,S,CLV,49.1,54.7,520,129.0,2020
Anthony Brown,10823,CB,DAL,48.3,54.6,304,130.0,2020
Tre Flowers,49059,CB,SEA,51.1,54.4,421,131.0,2020
Darryl Roberts,9680,CB,DET,55.0,54.3,315,132.0,2020
Eric Murray,10740,S,HST,50.4,53.9,539,133.0,2020
Troy Apke,49260,S,WAS,58.0,53.8,269,134.0,2020
Tre Boston,8763,S,CAR,49.9,53.8,664,134.0,2020
Lamarcus Joyner,8676,CB,LV,55.2,53.8,449,134.0,2020
Tre Herndon,50380,CB,JAX,50.7,52.6,564,137.0,2020
Buster Skrine,6289,CB,CHI,46.2,52.3,384,138.0,2020
Kevin Johnson,9449,CB,CLV,52.6,51.4,420,139.0,2020
Blessuan Austin,50434,CB,NYJ,47.4,51.1,413,140.0,2020
Nickell Robey-Coleman,8483,CB,PHI,53.3,51.1,416,140.0,2020
Tracy Walker,51266,S,DET,40.8,51.0,462,142.0,2020
Essang Bassey,45258,CB,DEN,48.4,50.8,263,143.0,2020
Nasir Adderley,33880,S,LAC,42.5,50.8,558,143.0,2020
Kevin King,11788,CB,GB,45.6,50.6,497,145.0,2020
Amani Oruwariye,50533,CB,DET,51.2,50.4,591,146.0,2020
Lamar Jackson,50532,CB,NYJ,45.8,50.4,279,146.0,2020
Jeff Gladney,50471,CB,MIN,48.5,50.1,554,148.0,2020
Rock Ya-Sin,49564,CB,IND,48.2,49.9,382,149.0,2020
Nik Needham,50356,CB,MIA,45.3,49.7,442,150.0,2020
Dre Kirkpatrick,7023,CB,ARZ,46.1,49.0,509,151.0,2020
Michael Ojemudia,50327,CB,DEN,49.9,48.7,550,152.0,2020
Daniel Sorensen,9253,S,KC,56.9,48.4,722,153.0,2020
Jourdan Lewis,11846,CB,DAL,45.8,48.1,514,154.0,2020
Andrew Sendejo,6118,S,CLV,43.2,45.5,630,155.0,2020
Josh Jones,11816,S,JAX,39.2,43.9,390,156.0,2020
Vernon Hargreaves III,10645,CB,HST,37.3,41.2,558,157.0,2020
Kendall Sheffield,34105,CB,ATL,36.9,40.3,359,158.0,2020
Avonte Maddox,50543,CB,PHI,37.1,37.8,291,159.0,2020
Johnathan Abram,34646,S,LV,30.3,36.8,548,160.0,2020
Anthony Harris,9895,S,MIN,92.7,91.1,653,1.0,2019
Justin Simmons,10732,S,DEN,91.1,90.7,642,2.0,2019
Richard Sherman,6306,CB,SF,90.5,90.3,681,3.0,2019
Harrison Smith,7641,S,MIN,91.0,88.4,681,4.0,2019
Marcus Williams,11797,S,NO,89.5,88.2,692,5.0,2019
Jamal Adams,11761,S,NYJ,87.5,87.9,616,6.0,2019
Quinton Dunbar,10073,CB,WAS,89.5,87.6,368,7.0,2019
Jimmie Ward,8665,S,SF,84.5,85.0,628,8.0,2019
Marcus Peters,9451,CB,BLT,86.6,83.9,644,9.0,2019
Casey Hayward Jr.,7064,CB,LAC,83.0,83.0,544,10.0,2019
Stephon Gilmore,7016,CB,NE,85.4,82.7,648,11.0,2019
Kareem Jackson,5545,S,DEN,79.8,82.3,517,12.0,2019
Devin McCourty,5552,S,NE,88.2,80.8,642,13.0,2019
Steven Nelson,9531,CB,PIT,80.3,80.5,585,14.0,2019
K'Waun Williams,9332,CB,SF,77.6,80.3,504,15.0,2019
Adoree' Jackson,11773,CB,TEN,82.5,79.9,553,16.0,2019
Minkah Fitzpatrick,51206,S,PIT,77.4,79.8,608,17.0,2019
Brian Poole,11052,CB,NYJ,80.0,79.0,526,18.0,2019
Kevin Byard,10698,S,TEN,73.0,78.3,867,19.0,2019
Shaquill Griffin,11845,CB,SEA,77.0,78.0,684,20.0,2019
Micah Hyde,7941,S,BUF,79.4,77.7,658,21.0,2019
D.J. Hayden,7793,CB,JAX,77.9,76.9,440,22.0,2019
Earl Thomas III,5539,S,BLT,86.1,76.9,623,22.0,2019
Justin Reid,49048,S,HST,79.6,76.7,711,24.0,2019
Tre Boston,8763,S,CAR,90.6,76.4,673,25.0,2019
Troy Hill,9881,CB,LA,72.7,76.4,328,25.0,2019
Byron Jones,9460,CB,DAL,74.8,76.1,581,27.0,2019
Adrian Amos,9575,S,GB,76.4,75.7,697,28.0,2019
Kenny Moore II,51596,CB,IND,71.2,75.5,402,29.0,2019
Tyrann Mathieu,7850,S,KC,82.0,75.4,817,30.0,2019
Tre'Davious White,11782,CB,BUF,74.7,75.0,647,31.0,2019
Marcus Maye,11794,S,NYJ,77.4,74.5,697,32.0,2019
Nickell Robey-Coleman,8483,CB,LA,74.1,74.5,525,32.0,2019
Duron Harmon,7872,S,NE,75.9,74.4,484,34.0,2019
Ha Ha Clinton-Dix,8656,S,CHI,75.5,74.2,663,35.0,2019
Jordan Poyer,8000,S,BUF,70.2,74.0,660,36.0,2019
Jarrod Wilson,10902,S,JAX,79.6,73.7,628,37.0,2019
Jonathan Jones,11217,CB,NE,70.7,73.6,480,38.0,2019
Tracy Walker,51266,S,DET,76.0,73.5,527,39.0,2019
Quandre Diggs,9633,S,SEA,77.2,73.4,464,40.0,2019
Xavier Woods,11946,S,DAL,77.6,73.0,621,41.0,2019
Darqueze Dennard,8659,CB,CIN,76.0,72.2,307,42.0,2019
Chidobe Awuzie,11815,CB,DAL,70.5,72.2,656,42.0,2019
Jaire Alexander,49350,CB,GB,76.6,71.9,696,44.0,2019
Tavon Wilson,7051,S,DET,74.0,71.9,506,44.0,2019
Tramon Williams,3558,CB,GB,78.0,71.7,549,46.0,2019
Juan Thornhill,50426,S,KC,78.0,71.5,632,47.0,2019
Maurice Canady,10843,CB,NYJ,70.6,71.5,264,47.0,2019
Jalen Ramsey,10639,CB,LA,68.7,71.5,484,47.0,2019
Budda Baker,11791,S,ARZ,64.8,71.4,699,50.0,2019
Desmond King II,11906,CB,LAC,69.6,70.9,412,51.0,2019
Tramaine Brock Sr.,5903,CB,TEN,73.9,70.6,636,52.0,2019
Julian Love,51081,S,NYG,65.2,70.5,265,53.0,2019
Carlton Davis,49335,CB,TB,72.1,70.4,657,54.0,2019
Emmanuel Moseley,50430,CB,SF,68.0,70.4,493,54.0,2019
Joe Haden,5532,CB,PIT,71.3,70.3,613,56.0,2019
Desmond Trufant,7803,CB,ATL,70.3,70.2,302,57.0,2019
Karl Joseph,10648,S,LV,64.7,69.9,355,58.0,2019
Chris Harris Jr.,6457,CB,DEN,66.8,69.9,639,58.0,2019
Denzel Ward,49558,CB,CLV,72.7,69.9,448,58.0,2019
Chuck Clark,11941,S,BLT,77.9,69.8,499,61.0,2019
Jackrabbit Jenkins,7043,CB,NO,68.6,69.6,624,62.0,2019
Malik Hooker,11770,S,IND,65.6,69.5,502,63.0,2019
Khari Willis,51304,S,IND,66.4,69.5,403,63.0,2019
Damarious Randall,9463,S,CLV,69.9,69.3,414,65.0,2019
Antoine Bethea,3152,S,NYG,62.4,69.3,657,65.0,2019
Malcolm Jenkins,4937,S,PHI,67.9,69.2,712,67.0,2019
Landon Collins,9466,S,WAS,60.6,69.2,608,67.0,2019
Marlon Humphrey,11771,CB,BLT,74.8,69.1,651,69.0,2019
Eric Weddle,3653,S,LA,70.5,69.0,620,70.0,2019
Jourdan Lewis,11846,CB,DAL,65.5,68.7,423,71.0,2019
Patrick Peterson,6157,CB,ARZ,64.3,68.6,449,72.0,2019
Levi Wallace,25445,CB,BUF,68.3,68.6,508,72.0,2019
J.C. Jackson,42781,CB,NE,70.4,68.2,493,74.0,2019
Jeff Heath,8396,S,DAL,68.9,67.9,474,75.0,2019
Prince Amukamara,6171,CB,CHI,69.6,67.5,567,76.0,2019
Rodney McLeod,7271,S,PHI,71.9,67.2,711,77.0,2019
Mike Hilton,10898,CB,PIT,73.0,67.1,438,78.0,2019
Eddie Jackson,11867,S,CHI,66.1,67.0,660,79.0,2019
Trae Waynes,9444,CB,MIN,63.7,67.0,544,79.0,2019
Erik Harris,10346,S,LV,66.7,66.7,558,81.0,2019
Brandon Carr,4454,CB,BLT,66.0,66.4,537,82.0,2019
Sean Murphy-Bunting,25891,CB,TB,66.4,66.2,489,83.0,2019
Charvarius Ward,43034,CB,KC,62.9,65.7,814,84.0,2019
Mackensie Alexander,10688,CB,MIN,64.1,65.7,392,84.0,2019
Darnell Savage,34247,S,GB,76.3,65.7,586,84.0,2019
Marshon Lattimore,11766,CB,NO,65.7,65.6,596,87.0,2019
Rock Ya-Sin,49564,CB,IND,62.2,65.3,553,88.0,2019
Jaquiski Tartt,9479,S,SF,64.7,65.1,543,89.0,2019
Adrian Colbert,11983,S,MIA,64.7,64.9,227,90.0,2019
Vonn Bell,10695,S,NO,52.1,64.8,640,91.0,2019
Gareon Conley,11779,CB,HST,65.8,64.5,583,92.0,2019
Jalen Thompson,49116,S,ARZ,70.3,64.4,380,93.0,2019
Jabrill Peppers,11780,S,NYG,66.7,64.3,399,94.0,2019
Bradley Roby,8666,CB,HST,65.2,64.0,549,95.0,2019
Eli Apple,10644,CB,NO,59.1,63.8,647,96.0,2019
Bobby McCain,9578,S,MIA,69.6,63.6,301,97.0,2019
Terrell Edmunds,51334,S,PIT,58.3,63.6,621,97.0,2019
Taylor Rapp,51172,S,LA,61.4,63.3,531,99.0,2019
Rayshawn Jenkins,11868,S,LAC,67.5,63.1,556,100.0,2019
Logan Ryan,7864,CB,TEN,60.0,63.0,867,101.0,2019
Bradley McDougald,8220,S,SEA,62.6,62.8,689,102.0,2019
Andrew Adams,11240,S,TB,63.6,62.7,428,103.0,2019
Kevin King,11788,CB,GB,62.4,62.7,570,103.0,2019
Trayvon Mullen,41968,CB,LV,59.0,62.5,422,105.0,2019
Kyle Fuller,8649,CB,CHI,58.7,62.5,668,105.0,2019
Daryl Worley,10711,CB,LV,62.6,62.4,580,107.0,2019
James Bradberry,10696,CB,CAR,65.4,61.7,618,108.0,2019
Jessie Bates III,49162,S,CIN,64.9,61.2,588,109.0,2019
Kenny Vaccaro,7796,S,TEN,53.5,60.9,841,110.0,2019
Ronnie Harrison,49206,S,JAX,68.5,60.9,518,110.0,2019
Damontae Kazee,11904,CB,ATL,58.1,60.8,536,112.0,2019
Taron Johnson,49511,CB,BUF,63.0,60.6,367,113.0,2019
Justin Coleman,9892,CB,DET,58.8,60.5,628,114.0,2019
Nik Needham,50356,CB,MIA,60.0,59.9,454,115.0,2019
Buster Skrine,6289,CB,CHI,59.1,59.8,520,116.0,2019
Tashaun Gipson Sr.,7288,S,HST,64.5,59.5,561,117.0,2019
Daniel Sorensen,9253,S,KC,61.6,59.4,554,118.0,2019
Kevin Peterson,11302,CB,ARZ,61.3,59.2,187,119.0,2019
Eric Rowe,9480,CB,MIA,60.2,58.9,604,120.0,2019
Pierre Desir,8762,CB,IND,57.9,58.8,450,121.0,2019
Ricardo Allen,8782,S,ATL,57.3,58.6,585,122.0,2019
A.J. Bouye,8110,CB,JAX,55.4,58.4,562,123.0,2019
Michael Davis,12040,S,LAC,57.3,58.3,375,124.0,2019
Mike Edwards,51282,S,TB,52.5,58.2,440,125.0,2019
Will Parks,10853,S,DEN,57.3,57.7,379,126.0,2019
Ross Cockrell,8744,CB,CAR,61.3,57.5,487,127.0,2019
Isaiah Oliver,50393,CB,ATL,54.5,56.8,585,128.0,2019
Darryl Roberts,9680,CB,NYJ,58.5,56.6,441,129.0,2019
Darius Slay,7817,CB,DET,56.9,56.4,523,130.0,2019
T.J. Carrie,8853,CB,CLV,47.6,56.2,447,131.0,2019
Avonte Maddox,50543,CB,PHI,54.6,55.9,443,132.0,2019
B.W. Webb,7896,CB,CIN,54.5,55.7,506,133.0,2019
Donte Jackson,49377,CB,CAR,56.3,55.6,428,134.0,2019
Grant Haley,50473,CB,NYG,50.7,55.4,260,135.0,2019
Rashaan Melvin,8334,CB,DET,47.2,55.3,566,136.0,2019
Jaylen Watkins,8736,S,LAC,53.4,55.2,232,137.0,2019
Bashaud Breeland,8737,CB,KC,51.3,55.2,704,137.0,2019
Tre Herndon,50380,CB,JAX,54.1,54.7,532,139.0,2019
Greedy Williams,43254,CB,CLV,53.6,54.6,419,140.0,2019
Shawn Williams,7865,S,CIN,51.0,54.5,563,141.0,2019
William Jackson III,10658,CB,CIN,55.2,53.6,456,142.0,2019
Fabian Moreau,11836,CB,WAS,56.4,52.7,411,143.0,2019
Rasul Douglas,11854,CB,PHI,50.2,52.4,395,144.0,2019
Jalen Mills,10867,CB,PHI,49.8,51.0,369,145.0,2019
Isaac Yiadom,49355,CB,DEN,52.3,50.9,326,146.0,2019
Montae Nicholson,11878,S,WAS,49.3,50.1,536,147.0,2019
Tre Flowers,49059,CB,SEA,47.7,49.5,708,148.0,2019
DeAndre Baker,33356,CB,NYG,45.6,48.4,585,149.0,2019
Byron Murphy Jr.,44027,CB,ARZ,48.5,48.3,704,150.0,2019
Vernon Hargreaves III,10645,CB,HST,43.3,48.1,661,151.0,2019
Xavier Rhodes,7806,CB,MIN,45.3,47.9,558,152.0,2019
Lamarcus Joyner,8676,CB,LV,44.4,47.5,481,153.0,2019
Kendall Sheffield,34105,CB,ATL,48.9,47.5,453,153.0,2019
Tedric Thompson,11866,S,SEA,48.3,46.6,266,155.0,2019
Eric Reid,7799,S,CAR,36.1,46.6,668,155.0,2019
Josh Norman,7649,CB,WAS,43.4,45.7,339,157.0,2019
Jamal Perry,12259,CB,MIA,41.3,43.7,389,158.0,2019
Jordan Whitehead,49196,S,TB,36.5,42.9,643,159.0,2019
Jermaine Whitehead,9698,S,CLV,51.7,40.0,284,160.0,2019
Eddie Jackson,11867,S,CHI,94.7,93.2,626,1.0,2018
Stephon Gilmore,7016,CB,NE,90.8,90.9,817,2.0,2018
Jamal Adams,11761,S,NYJ,89.6,89.8,693,3.0,2018
Anthony Harris,9895,S,MIN,87.1,89.0,349,4.0,2018
Desmond King II,11906,CB,LAC,90.1,88.6,625,5.0,2018
Kevin Byard,10698,S,TEN,82.5,87.9,634,6.0,2018
Derwin James,51368,S,LAC,87.7,87.8,742,7.0,2018
Chris Harris Jr.,6457,CB,DEN,84.4,85.5,469,8.0,2018
Micah Hyde,7941,S,BUF,88.6,84.1,507,9.0,2018
John Johnson III,11847,S,LA,86.4,83.6,734,10.0,2018
Adrian Amos,9575,S,CHI,85.5,82.7,754,11.0,2018
Patrick Peterson,6157,CB,ARZ,83.7,82.5,611,12.0,2018
Jason McCourty,5127,CB,NE,83.3,82.3,699,13.0,2018
Eric Weddle,3653,S,BLT,78.6,82.3,708,13.0,2018
Kyle Fuller,8649,CB,CHI,82.3,81.4,746,15.0,2018
Bryce Callahan,10000,CB,CHI,81.3,81.3,496,16.0,2018
Prince Amukamara,6171,CB,CHI,77.1,81.0,680,17.0,2018
Johnathan Joseph,2969,CB,HST,81.1,80.8,570,18.0,2018
Devin McCourty,5552,S,NE,83.9,80.6,817,19.0,2018
Jessie Bates III,49162,S,CIN,80.9,79.9,665,20.0,2018
Byron Jones,9460,CB,DAL,80.4,79.9,701,20.0,2018
Nickell Robey-Coleman,8483,CB,LA,80.8,79.8,497,22.0,2018
Harrison Smith,7641,S,MIN,68.7,79.7,605,23.0,2018
Malcolm Jenkins,4937,S,PHI,85.5,79.6,821,24.0,2018
D.J. Swearinger Sr.,7838,S,ARZ,79.5,79.3,607,25.0,2018
Malik Hooker,11770,S,IND,82.2,79.2,616,26.0,2018
Kareem Jackson,5545,CB,HST,74.2,79.2,687,26.0,2018
Ha Ha Clinton-Dix,8656,S,WAS,82.0,79.1,603,28.0,2018
Denzel Ward,49558,CB,CLV,83.6,78.9,541,29.0,2018
Marlon Humphrey,11771,CB,BLT,82.0,78.7,536,30.0,2018
Mackensie Alexander,10688,CB,MIN,72.5,78.1,381,31.0,2018
Damontae Kazee,11904,S,ATL,82.7,77.9,624,32.0,2018
Pierre Desir,8762,CB,IND,73.9,77.7,682,33.0,2018
Jabrill Peppers,11780,S,CLV,77.3,77.6,482,34.0,2018
Marshon Lattimore,11766,CB,NO,75.8,77.5,698,35.0,2018
Justin Reid,49048,S,HST,77.6,77.4,627,36.0,2018
Xavien Howard,10672,CB,MIA,75.3,77.3,469,37.0,2018
Aqib Talib,4334,CB,LA,75.2,76.6,346,38.0,2018
Casey Hayward Jr.,7064,CB,LAC,74.5,75.9,734,39.0,2018
A.J. Bouye,8110,CB,JAX,79.3,75.7,512,40.0,2018
Tyrann Mathieu,7850,S,HST,70.6,75.3,735,41.0,2018
Darius Slay,7817,CB,DET,78.2,75.0,532,42.0,2018
Trumaine Johnson,7067,CB,NYJ,75.1,74.9,421,43.0,2018
D.J. Hayden,7793,CB,JAX,73.7,74.8,312,44.0,2018
Bradley McDougald,8220,S,SEA,76.4,74.7,606,45.0,2018
Karl Joseph,10648,S,LV,68.0,74.5,258,46.0,2018
Vonn Bell,10695,S,NO,68.3,74.1,620,47.0,2018
Tre Boston,8763,S,ARZ,78.2,74.1,540,47.0,2018
Will Parks,10853,S,DEN,75.7,74.0,371,49.0,2018
William Jackson III,10658,CB,CIN,72.9,73.4,633,50.0,2018
Lamarcus Joyner,8676,S,LA,70.9,73.1,694,51.0,2018
Adoree' Jackson,11773,CB,TEN,69.0,73.0,585,52.0,2018
Damarious Randall,9463,S,CLV,71.4,72.8,681,53.0,2018
Jalen Ramsey,10639,CB,JAX,72.7,72.8,621,53.0,2018
Patrick Chung,4957,S,NE,78.1,72.7,715,55.0,2018
Quandre Diggs,9633,S,DET,67.1,72.7,576,55.0,2018
Rasul Douglas,11854,CB,PHI,69.9,72.5,467,57.0,2018
Jaire Alexander,49350,CB,GB,73.0,72.4,470,58.0,2018
Kendall Fuller,10718,CB,KC,70.8,72.4,796,58.0,2018
Reshad Jones,5686,S,MIA,71.7,72.1,462,60.0,2018
Steven Nelson,9531,CB,KC,71.2,72.1,838,60.0,2018
Shawn Williams,7865,S,CIN,78.7,71.6,566,62.0,2018
Logan Ryan,7864,CB,TEN,70.1,71.6,540,62.0,2018
Tony Jefferson,8361,S,BLT,70.3,71.2,603,64.0,2018
Landon Collins,9466,S,NYG,68.2,70.9,480,65.0,2018
Joe Haden,5532,CB,PIT,70.9,70.9,616,65.0,2018
Brandon Carr,4454,CB,BLT,71.9,70.8,629,67.0,2018
Tashaun Gipson Sr.,7288,S,JAX,71.9,70.7,620,68.0,2018
T.J. McDonald,7852,S,MIA,66.7,70.6,546,69.0,2018
Ronald Darby,9483,CB,PHI,70.4,70.6,399,69.0,2018
Orlando Scandrick,4457,CB,KC,70.2,70.0,598,71.0,2018
Greg Stroman,49354,CB,WAS,68.6,70.0,279,71.0,2018
Quincy Wilson,11801,CB,IND,67.8,69.9,401,73.0,2018
Mike Hilton,10898,CB,PIT,72.0,69.9,451,73.0,2018
Michael Thomas,7279,S,NYG,70.1,69.7,352,75.0,2018
Taron Johnson,49511,CB,BUF,69.6,69.7,279,75.0,2018
Sean Davis,10692,S,PIT,71.5,69.7,642,75.0,2018
Desmond Trufant,7803,CB,ATL,68.7,69.5,682,78.0,2018
Trae Waynes,9444,CB,MIN,64.6,69.1,433,79.0,2018
Darryl Roberts,9680,S,NYJ,66.4,69.0,483,80.0,2018
Richard Sherman,6306,CB,SF,68.1,68.9,534,81.0,2018
Josh Norman,7649,CB,WAS,72.0,68.9,641,81.0,2018
Duron Harmon,7872,S,NE,69.3,68.8,511,83.0,2018
Kenny Moore II,51596,CB,IND,65.6,68.7,673,84.0,2018
Darqueze Dennard,8659,CB,CIN,60.7,68.6,431,85.0,2018
Jordan Poyer,8000,S,BUF,70.9,68.4,579,86.0,2018
Xavier Woods,11946,S,DAL,72.3,68.0,613,87.0,2018
Jackrabbit Jenkins,7043,CB,NYG,66.3,68.0,664,87.0,2018
Sharrod Neasman,11050,S,ATL,67.5,67.8,282,89.0,2018
Justin Evans,11805,S,TB,65.8,67.6,376,90.0,2018
Eric Murray,10740,S,KC,66.9,67.5,531,91.0,2018
Justin Coleman,9892,CB,SEA,75.1,67.3,521,92.0,2018
Tedric Thompson,11866,S,SEA,67.7,67.2,473,93.0,2018
Malcolm Butler,9040,CB,TEN,69.8,67.1,544,94.0,2018
T.J. Carrie,8853,CB,CLV,63.9,66.9,612,95.0,2018
Clayton Geathers,9542,S,IND,63.6,66.9,554,95.0,2018
K'Waun Williams,9332,CB,SF,66.0,66.7,409,97.0,2018
Jaquiski Tartt,9479,S,SF,58.5,66.6,274,98.0,2018
Kenny Vaccaro,7796,S,TEN,61.6,66.4,460,99.0,2018
James Bradberry,10696,CB,CAR,64.9,66.4,625,99.0,2018
Glover Quin,5035,S,DET,63.4,66.1,487,101.0,2018
Adrian Phillips,9177,S,LAC,67.5,66.0,564,102.0,2018
Corey Graham,3784,S,PHI,64.5,65.9,559,103.0,2018
Budda Baker,11791,CB,ARZ,60.6,65.9,529,103.0,2018
Anthony Brown,10823,CB,DAL,65.7,65.8,522,105.0,2018
Coty Sensabaugh,7115,CB,PIT,64.7,65.7,495,106.0,2018
Eric Reid,7799,S,CAR,66.7,65.7,459,106.0,2018
Antone Exum Jr.,8817,S,SF,63.5,65.3,345,108.0,2018
Donte Jackson,49377,CB,CAR,67.2,65.0,570,109.0,2018
Eli Apple,10644,CB,NO,64.2,64.9,675,110.0,2018
Jordan Whitehead,49196,S,TB,74.4,64.6,413,111.0,2018
Antoine Bethea,3152,S,ARZ,73.5,64.2,612,112.0,2018
Tre Flowers,49059,CB,SEA,57.4,64.1,616,113.0,2018
Gareon Conley,11779,CB,LV,61.5,64.0,374,114.0,2018
Chidobe Awuzie,11815,CB,DAL,65.4,63.9,619,115.0,2018
Ryan Smith,10742,CB,TB,61.8,63.8,275,116.0,2018
Terrell Edmunds,51334,S,PIT,65.2,63.7,642,117.0,2018
Tramon Williams,3558,S,GB,62.6,63.3,637,118.0,2018
Morris Claiborne,7012,CB,NYJ,60.3,62.7,630,119.0,2018
Josh Jones,11816,S,GB,59.2,62.3,311,120.0,2018
Marcus Peters,9451,CB,LA,60.6,62.1,695,121.0,2018
Briean Boddy-Calhoun,10903,CB,CLV,63.0,62.0,466,122.0,2018
Minkah Fitzpatrick,51206,CB,MIA,59.2,61.9,555,123.0,2018
Captain Munnerlyn,5140,CB,CAR,60.3,61.6,452,124.0,2018
Bene Benwikere,8783,CB,LV,55.4,61.4,335,125.0,2018
B.W. Webb,7896,CB,NYG,60.4,61.3,634,126.0,2018
Shareece Wright,6241,CB,HST,59.0,61.3,395,126.0,2018
Brian Poole,11052,CB,ATL,60.5,61.3,579,126.0,2018
Brent Grimes,3589,CB,TB,61.0,61.3,450,126.0,2018
Carlton Davis,49335,CB,TB,59.0,61.2,421,130.0,2018
Jimmy Smith,6179,CB,BLT,62.6,61.2,433,130.0,2018
Tre'Davious White,11782,CB,BUF,62.5,61.0,559,132.0,2018
Justin Simmons,10732,S,DEN,51.2,60.9,654,133.0,2018
Rafael Bush,5779,CB,BUF,59.2,60.9,262,133.0,2018
Nevin Lawson,8768,CB,DET,54.7,60.6,517,135.0,2018
Jahleel Addae,8117,S,LAC,58.3,60.5,736,136.0,2018
Rashaan Melvin,8334,CB,LV,56.3,60.5,357,136.0,2018
Fabian Moreau,11836,CB,WAS,58.3,60.4,567,138.0,2018
Dre Kirkpatrick,7023,CB,CIN,62.6,60.0,483,139.0,2018
Bradley Roby,8666,CB,DEN,58.6,59.9,591,140.0,2018
Ron Parker,6625,S,KC,62.7,59.6,688,141.0,2018
Darian Stewart,5820,S,DEN,60.8,59.6,521,141.0,2018
Josh Jackson,50417,CB,GB,64.0,59.1,468,143.0,2018
Xavier Rhodes,7806,CB,MIN,55.1,58.2,455,144.0,2018
Curtis Riley,10109,S,NYG,63.9,58.1,636,145.0,2018
Bobby McCain,9578,CB,MIA,54.0,57.9,471,146.0,2018
Avonte Maddox,50543,CB,PHI,53.6,57.6,494,147.0,2018
Buster Skrine,6289,CB,NYJ,50.8,57.3,440,148.0,2018
Robert Alford,7841,CB,ATL,53.1,56.6,601,149.0,2018
Jeff Heath,8396,S,DAL,59.1,56.4,686,150.0,2018
P.J. Williams,9511,CB,NO,48.0,55.0,596,151.0,2018
Marcus Gilchrist,6202,S,LV,53.5,54.4,490,152.0,2018
Kentrell Brice,11142,S,GB,51.5,52.1,395,153.0,2018
Ken Crawley,11224,CB,NO,48.9,50.8,273,154.0,2018
Shaquill Griffin,11845,CB,SEA,48.1,50.7,643,155.0,2018
Barry Church,5924,S,JAX,40.1,49.9,405,156.0,2018
Mike Adams,1972,S,CAR,42.1,49.2,598,157.0,2018
Mike Ford,50535,CB,DET,43.5,49.0,230,158.0,2018
Montae Nicholson,11878,S,WAS,42.8,47.2,329,159.0,2018
Ahkello Witherspoon,11821,CB,SF,39.8,44.5,431,160.0,2018
Harrison Smith,7641,S,MIN,91.6,91.8,701,1.0,2017
Jalen Ramsey,10639,CB,JAX,91.6,91.3,765,2.0,2017
Casey Hayward Jr.,7064,CB,LAC,92.1,91.1,607,3.0,2017
Adrian Amos,9575,S,CHI,89.5,90.9,392,4.0,2017
Lamarcus Joyner,8676,S,LA,91.2,90.9,475,4.0,2017
Glover Quin,5035,S,DET,91.3,90.6,645,6.0,2017
Kendall Fuller,10718,CB,WAS,91.2,90.6,515,6.0,2017
William Jackson III,10658,CB,CIN,90.4,90.2,424,8.0,2017
Earl Thomas III,5539,S,SEA,90.5,90.2,545,8.0,2017
Tre'Davious White,11782,CB,BUF,90.1,89.4,683,10.0,2017
Micah Hyde,7941,S,BUF,90.4,87.7,664,11.0,2017
Jordan Poyer,8000,S,BUF,90.9,87.7,636,11.0,2017
Patrick Robinson,5557,CB,PHI,89.9,87.0,641,13.0,2017
Antoine Bethea,3152,S,ARZ,87.6,86.4,511,14.0,2017
Marshon Lattimore,11766,CB,NO,87.9,86.1,583,15.0,2017
Desmond King II,11906,CB,LAC,86.6,85.7,491,16.0,2017
Kevin Byard,10698,S,TEN,85.4,85.3,800,17.0,2017
A.J. Bouye,8110,CB,JAX,84.7,84.5,778,18.0,2017
Mike Hilton,10898,CB,PIT,81.9,83.1,443,19.0,2017
Stephon Gilmore,7016,CB,NE,87.2,83.0,654,20.0,2017
Landon Collins,9466,S,NYG,81.6,82.3,534,21.0,2017
Jimmy Smith,6179,CB,BLT,84.1,81.9,356,22.0,2017
John Johnson III,11847,S,LA,82.9,81.5,509,23.0,2017
Tramon Williams,3558,CB,ARZ,83.8,81.5,438,23.0,2017
Aqib Talib,4334,CB,DEN,81.6,81.4,465,25.0,2017
Marcus Peters,9451,CB,KC,81.7,81.3,625,26.0,2017
Andrew Sendejo,6118,S,MIN,81.3,81.0,539,27.0,2017
Darius Slay,7817,CB,DET,80.0,80.6,649,28.0,2017
Tre Boston,8763,S,LAC,89.0,80.6,631,28.0,2017
Nickell Robey-Coleman,8483,CB,LA,83.3,80.5,489,30.0,2017
E.J. Gaines,8823,CB,BUF,80.6,80.0,426,31.0,2017
Tyvon Branch,4414,S,ARZ,79.7,79.2,361,32.0,2017
Chris Harris Jr.,6457,CB,DEN,75.8,79.1,527,33.0,2017
Trevor Williams,11004,CB,LAC,80.2,79.1,622,33.0,2017
Jaquiski Tartt,9479,S,SF,81.2,78.6,336,35.0,2017
Bradley Roby,8666,CB,DEN,77.5,78.3,442,36.0,2017
Ronald Darby,9483,CB,PHI,78.1,78.3,390,36.0,2017
Rashaan Melvin,8334,CB,IND,75.9,77.9,346,38.0,2017
Bryce Callahan,10000,CB,CHI,77.3,77.7,374,39.0,2017
Kam Chancellor,5656,S,SEA,72.7,77.7,384,39.0,2017
Kyle Fuller,8649,CB,CHI,79.0,77.0,603,41.0,2017
Robert Alford,7841,CB,ATL,74.2,76.7,744,42.0,2017
Jeff Heath,8396,S,DAL,80.8,76.6,561,43.0,2017
Bobby McCain,9578,CB,MIA,78.9,76.4,464,44.0,2017
Justin Coleman,9892,CB,SEA,76.1,76.3,461,45.0,2017
Jason McCourty,5127,CB,CLV,73.5,76.3,516,45.0,2017
Rodney McLeod,7271,S,PHI,81.6,76.2,734,47.0,2017
Mike Adams,1972,S,CAR,80.3,75.9,678,48.0,2017
K'Waun Williams,9332,CB,SF,73.8,75.3,428,49.0,2017
Desmond Trufant,7803,CB,ATL,72.8,75.1,668,50.0,2017
Darqueze Dennard,8659,CB,CIN,72.4,74.9,583,51.0,2017
Matthias Farley,10953,S,IND,64.5,74.9,501,51.0,2017
Briean Boddy-Calhoun,10903,CB,CLV,77.5,74.7,368,53.0,2017
Adoree' Jackson,11773,CB,TEN,75.2,74.6,781,54.0,2017
Justin Simmons,10732,S,DEN,68.5,74.5,416,55.0,2017
Malcolm Jenkins,4937,S,PHI,74.3,74.5,802,55.0,2017
T.J. Carrie,8853,CB,LV,75.0,74.5,607,55.0,2017
Ahkello Witherspoon,11821,CB,SF,73.7,74.5,381,55.0,2017
Brent Grimes,3589,CB,TB,75.2,74.1,521,59.0,2017
Marlon Humphrey,11771,CB,BLT,75.3,73.9,402,60.0,2017
D.J. Swearinger Sr.,7838,S,WAS,70.4,73.6,649,61.0,2017
Duron Harmon,7872,S,NE,79.5,73.6,618,61.0,2017
Bradley McDougald,8220,S,SEA,82.0,73.5,395,63.0,2017
Ken Crawley,11224,CB,NO,74.1,73.4,634,64.0,2017
Prince Amukamara,6171,CB,CHI,71.5,73.3,513,65.0,2017
Eric Weddle,3653,S,BLT,76.1,73.3,670,65.0,2017
Tyrann Mathieu,7850,CB,ARZ,69.1,72.6,666,67.0,2017
Barry Church,5924,S,JAX,72.2,72.5,760,68.0,2017
Xavier Rhodes,7806,CB,MIN,71.0,72.4,644,69.0,2017
Artie Burns,10659,CB,PIT,73.6,72.4,633,69.0,2017
Josh Norman,7649,CB,WAS,69.3,72.2,526,71.0,2017
Ricardo Allen,8782,S,ATL,71.1,72.1,697,72.0,2017
Keanu Neal,10651,S,ATL,64.1,72.0,743,73.0,2017
Jourdan Lewis,11846,CB,DAL,70.2,72.0,480,73.0,2017
Malcolm Butler,9040,CB,NE,69.7,71.5,770,75.0,2017
Devin McCourty,5552,S,NE,66.7,71.5,784,75.0,2017
Ha Ha Clinton-Dix,8656,S,GB,69.2,71.5,593,75.0,2017
George Iloka,7159,S,CIN,70.1,71.4,562,78.0,2017
Ross Cockrell,8744,CB,NYG,74.1,71.1,401,79.0,2017
Jahleel Addae,8117,S,LAC,70.3,70.6,624,80.0,2017
Patrick Chung,4957,S,NE,74.4,70.6,738,80.0,2017
Eric Reid,7799,S,SF,72.6,70.2,433,82.0,2017
Tony Jefferson,8361,S,BLT,65.5,70.2,668,82.0,2017
Aaron Colvin,8749,CB,JAX,74.4,69.8,600,84.0,2017
Steven Nelson,9531,CB,KC,67.7,69.6,359,85.0,2017
Andre Hal,8850,S,HST,64.4,69.6,563,85.0,2017
Joe Haden,5532,CB,PIT,70.5,69.3,412,87.0,2017
Patrick Peterson,6157,CB,ARZ,68.4,69.2,630,88.0,2017
Bashaud Breeland,8737,CB,WAS,72.0,68.8,521,89.0,2017
Jamal Adams,11761,S,NYJ,65.5,68.5,635,90.0,2017
Reshad Jones,5686,S,MIA,56.1,68.4,607,91.0,2017
Eddie Jackson,11867,S,CHI,69.0,68.3,627,92.0,2017
Jalen Mills,10867,CB,PHI,67.2,68.1,795,93.0,2017
Trumaine Johnson,7067,CB,LA,68.4,67.9,645,94.0,2017
Karl Joseph,10648,S,LV,56.5,67.8,514,95.0,2017
Morgan Burnett,5596,S,GB,66.5,67.8,414,95.0,2017
Brandon Carr,4454,CB,BLT,66.2,67.7,629,97.0,2017
Dominique Rodgers-Cromartie,4330,CB,NYG,69.0,67.6,393,98.0,2017
Tashaun Gipson Sr.,7288,S,JAX,65.1,67.4,749,99.0,2017
Johnathan Joseph,2969,CB,HST,71.0,67.4,488,99.0,2017
Derrick Kindred,10763,S,CLV,64.3,67.2,379,101.0,2017
Terence Newman,1321,CB,MIN,63.9,66.6,419,102.0,2017
Chris Conte,6245,S,TB,72.0,66.5,459,103.0,2017
Trae Waynes,9444,CB,MIN,61.8,66.3,667,104.0,2017
Brian Poole,11052,CB,ATL,64.6,66.3,545,104.0,2017
Kareem Jackson,5545,CB,HST,57.9,66.1,541,106.0,2017
LeShaun Sims,10791,CB,TEN,64.8,65.9,326,107.0,2017
Buster Skrine,6289,CB,NYJ,61.4,65.9,604,107.0,2017
Jamar Taylor,7835,CB,CLV,62.7,65.9,550,107.0,2017
Sean Smith,4984,CB,LV,63.9,65.8,444,110.0,2017
Logan Ryan,7864,CB,TEN,62.0,65.4,686,111.0,2017
Malik Hooker,11770,S,IND,66.5,65.3,254,112.0,2017
Byron Jones,9460,S,DAL,68.8,65.3,574,112.0,2017
Shaquill Griffin,11845,CB,SEA,63.0,65.3,544,112.0,2017
Darryl Roberts,9680,CB,NYJ,66.2,65.2,322,115.0,2017
Vonn Bell,10695,S,NO,65.4,65.1,631,116.0,2017
Mike Mitchell,4970,S,PIT,61.3,64.9,433,117.0,2017
Xavien Howard,10672,CB,MIA,63.6,64.8,607,118.0,2017
Eli Apple,10644,CB,NYG,59.0,64.5,393,119.0,2017
Marcus Gilchrist,6202,S,HST,63.2,64.5,501,119.0,2017
P.J. Williams,9511,CB,NO,62.0,64.5,500,119.0,2017
Robert McClain,5771,CB,TB,65.6,64.1,446,122.0,2017
Ryan Smith,10742,CB,TB,58.8,63.9,365,123.0,2017
Reggie Nelson,3637,S,LV,52.9,63.8,601,124.0,2017
Terrance Mitchell,8888,CB,KC,61.1,63.6,451,125.0,2017
Dre Kirkpatrick,7023,CB,CIN,61.8,63.5,527,126.0,2017
Darius Butler,4964,S,IND,65.5,63.3,352,127.0,2017
Morris Claiborne,7012,CB,NYJ,58.3,62.9,534,128.0,2017
Quandre Diggs,9633,CB,DET,63.7,62.8,534,129.0,2017
Cordrea Tankersley,11852,CB,MIA,59.4,62.7,365,130.0,2017
Damarious Randall,9463,CB,GB,58.1,62.7,438,130.0,2017
Kayvon Webster,7871,CB,LA,62.3,62.4,374,132.0,2017
Dexter McDonald,9675,CB,LV,63.0,62.3,352,133.0,2017
Davon House,6283,CB,GB,60.0,62.3,391,133.0,2017
T.J. McDonald,7852,S,MIA,56.7,62.2,328,135.0,2017
Darian Thompson,10705,S,NYG,57.3,62.2,622,135.0,2017
Daryl Worley,10711,CB,CAR,59.2,62.1,520,137.0,2017
Justin Evans,11805,S,TB,54.5,62.1,435,137.0,2017
Darian Stewart,5820,S,DEN,56.0,61.9,513,139.0,2017
Anthony Brown,10823,CB,DAL,58.7,60.5,541,140.0,2017
Daniel Sorensen,9253,S,KC,71.8,60.5,655,140.0,2017
Jabrill Peppers,11780,S,CLV,61.7,60.5,452,140.0,2017
James Bradberry,10696,CB,CAR,55.3,60.4,698,143.0,2017
Leonard Johnson,7385,CB,BUF,60.8,60.1,505,144.0,2017
Tavon Wilson,7051,S,DET,56.2,60.1,328,144.0,2017
Marcus Maye,11794,S,NYJ,53.7,59.5,622,146.0,2017
Deshazor Everett,9940,S,WAS,56.8,58.9,316,147.0,2017
Captain Munnerlyn,5140,CB,CAR,60.4,58.9,351,147.0,2017
Nevin Lawson,8768,CB,DET,51.9,58.0,346,149.0,2017
Ron Parker,6625,S,KC,56.0,57.3,674,150.0,2017
Johnathan Cyprien,7814,S,TEN,48.5,56.8,504,151.0,2017
Nate Hairston,11913,CB,IND,57.4,56.4,374,152.0,2017
Orlando Scandrick,4457,CB,DAL,48.9,55.3,388,153.0,2017
Josh Jones,11816,S,GB,52.2,53.1,440,154.0,2017
Kurt Coleman,5767,S,CAR,45.7,52.9,525,155.0,2017
Kenny Vaccaro,7796,S,NO,41.8,50.3,442,156.0,2017
Dontae Johnson,8764,CB,SF,48.9,50.3,594,156.0,2017
Sean Davis,10692,S,PIT,46.7,47.3,619,158.0,2017
Josh Shaw,9553,S,CIN,45.0,45.6,403,159.0,2017
Kevin Johnson,9449,CB,HST,34.0,38.6,333,160.0,2017
Keith Tandy,7166,S,TB,90.5,91.4,240,1.0,2016
Devin McCourty,5552,S,NE,92.1,91.1,804,2.0,2016
Chris Harris Jr.,6457,CB,DEN,90.6,90.2,660,3.0,2016
Dominique Rodgers-Cromartie,4330,CB,NYG,90.6,90.2,534,3.0,2016
Eric Weddle,3653,S,BLT,88.7,90.0,656,5.0,2016
Eric Berry,5530,S,KC,90.3,89.9,710,6.0,2016
Aqib Talib,4334,CB,DEN,89.8,88.9,515,7.0,2016
Brent Grimes,3589,CB,TB,87.4,88.6,609,8.0,2016
A.J. Bouye,8110,CB,HST,89.9,87.4,576,9.0,2016
Quintin Demps,4431,S,HST,83.1,86.1,444,10.0,2016
Barry Church,5924,S,DAL,81.4,86.1,493,10.0,2016
Malcolm Butler,9040,CB,NE,86.9,83.3,797,12.0,2016
D.J. Swearinger Sr.,7838,S,ARZ,82.8,83.0,533,13.0,2016
Terence Newman,1321,CB,MIN,83.0,83.0,459,13.0,2016
Casey Hayward Jr.,7064,CB,LAC,83.6,82.8,633,15.0,2016
Jackrabbit Jenkins,7043,CB,NYG,83.2,82.5,658,16.0,2016
Landon Collins,9466,S,NYG,73.4,81.7,755,17.0,2016
Lardarius Webb,5011,S,BLT,82.0,81.7,649,17.0,2016
Kam Chancellor,5656,S,SEA,78.5,81.6,507,19.0,2016
Darius Butler,4964,CB,IND,85.9,81.4,338,20.0,2016
Ricardo Allen,8782,S,ATL,85.8,81.2,918,21.0,2016
Darius Slay,7817,CB,DET,80.2,80.4,510,22.0,2016
William Gay,3786,CB,PIT,79.2,80.0,691,23.0,2016
Patrick Peterson,6157,CB,ARZ,80.1,79.8,648,24.0,2016
Marcus Peters,9451,CB,KC,79.2,79.7,661,25.0,2016
Earl Thomas III,5539,S,SEA,80.3,79.6,416,26.0,2016
Jahleel Addae,8117,S,LAC,80.3,79.5,319,27.0,2016
Richard Sherman,6306,CB,SEA,76.9,79.3,706,28.0,2016
Glover Quin,5035,S,DET,79.3,77.5,676,29.0,2016
Tavon Wilson,7051,S,DET,73.4,77.3,434,30.0,2016
Will Blackmon,3060,S,WAS,76.5,76.9,366,31.0,2016
Maurice Alexander,8745,S,LA,79.8,76.3,592,32.0,2016
Tavon Young,10738,CB,BLT,75.6,76.3,563,32.0,2016
Mike Adams,1972,S,IND,70.1,75.9,617,34.0,2016
Morgan Burnett,5596,S,GB,71.3,75.6,709,35.0,2016
Harrison Smith,7641,S,MIN,68.5,75.1,564,36.0,2016
Logan Ryan,7864,CB,NE,76.2,75.0,740,37.0,2016
Byron Jones,9460,S,DAL,72.5,74.7,741,38.0,2016
Jalen Collins,9475,CB,ATL,73.7,74.5,450,39.0,2016
Malcolm Jenkins,4937,S,PHI,74.7,74.5,643,39.0,2016
Sean Smith,4984,CB,LV,74.3,74.0,561,41.0,2016
Tony Jefferson,8361,S,ARZ,59.5,73.9,573,42.0,2016
Xavier Rhodes,7806,CB,MIN,73.0,73.8,480,43.0,2016
Kurt Coleman,5767,S,CAR,72.5,73.3,661,44.0,2016
Johnathan Cyprien,7814,S,JAX,59.1,73.3,649,44.0,2016
Jamar Taylor,7835,CB,CLV,77.7,73.2,533,46.0,2016
Adrian Amos,9575,S,CHI,70.3,73.2,571,46.0,2016
Keanu Neal,10651,S,ATL,80.3,73.2,803,46.0,2016
Jalen Ramsey,10639,CB,JAX,73.1,72.8,645,49.0,2016
Ron Parker,6625,S,KC,74.5,72.8,723,49.0,2016
Reggie Nelson,3637,S,LV,69.3,71.7,671,51.0,2016
Josh Norman,7649,CB,WAS,76.6,71.7,650,51.0,2016
Rodney McLeod,7271,S,PHI,70.1,71.6,643,53.0,2016
Byron Maxwell,6325,CB,MIA,74.5,71.5,539,54.0,2016
Adam Jones,2223,CB,CIN,72.0,71.4,674,55.0,2016
Ross Cockrell,8744,CB,PIT,70.1,71.1,812,56.0,2016
Darian Stewart,5820,S,DEN,72.8,71.1,633,56.0,2016
Shawn Williams,7865,S,CIN,67.0,71.0,571,58.0,2016
Clayton Geathers,9542,S,IND,65.5,71.0,369,58.0,2016
Nickell Robey-Coleman,8483,CB,BUF,74.0,70.7,388,60.0,2016
Jairus Byrd,4965,S,NO,70.5,70.2,583,61.0,2016
Ha Ha Clinton-Dix,8656,S,GB,63.1,70.1,799,62.0,2016
Trumaine Johnson,7067,CB,LA,73.9,70.0,605,63.0,2016
Duron Harmon,7872,S,NE,71.3,70.0,447,63.0,2016
Corey Graham,3784,S,BUF,67.9,69.8,599,65.0,2016
Daniel Sorensen,9253,S,KC,80.5,69.7,446,66.0,2016
Kareem Jackson,5545,CB,HST,71.7,69.6,541,67.0,2016
Nevin Lawson,8768,CB,DET,67.8,69.5,615,68.0,2016
Tramaine Brock Sr.,5903,CB,SF,67.7,69.5,588,68.0,2016
James Bradberry,10696,CB,CAR,70.2,69.5,523,68.0,2016
Brian Poole,11052,CB,ATL,64.3,69.2,779,71.0,2016
Mike Mitchell,4970,S,PIT,71.2,69.0,797,72.0,2016
Dre Kirkpatrick,7023,CB,CIN,71.0,68.9,632,73.0,2016
Andrew Adams,11240,S,NYG,67.1,68.8,482,74.0,2016
Aaron Colvin,8749,CB,JAX,71.2,68.6,211,75.0,2016
Kevin Byard,10698,S,TEN,66.1,68.5,454,76.0,2016
Ronald Darby,9483,CB,BUF,61.3,68.3,461,77.0,2016
Tre Boston,8763,S,CAR,65.4,68.3,591,77.0,2016
Artie Burns,10659,CB,PIT,69.2,68.3,689,77.0,2016
Daryl Worley,10711,CB,CAR,63.5,68.1,587,80.0,2016
George Iloka,7159,S,CIN,69.4,68.0,665,81.0,2016
Orlando Scandrick,4457,CB,DAL,69.9,67.9,497,82.0,2016
Dwight Lowery,4427,S,LAC,73.1,67.9,640,82.0,2016
Karl Joseph,10648,S,LV,67.1,67.6,397,84.0,2016
Bradley McDougald,8220,S,TB,62.9,67.4,622,85.0,2016
Lamarcus Joyner,8676,CB,LA,66.9,67.3,495,86.0,2016
Isa Abdul-Quddus,6722,S,MIA,70.2,67.3,592,86.0,2016
Jimmy Smith,6179,CB,BLT,65.6,67.2,380,88.0,2016
Johnathan Joseph,2969,CB,HST,64.2,67.2,480,88.0,2016
Jimmie Ward,8665,CB,SF,64.5,66.9,381,90.0,2016
T.J. Ward,5563,S,DEN,65.2,66.7,582,91.0,2016
Captain Munnerlyn,5140,CB,MIN,66.3,66.5,461,92.0,2016
Prince Amukamara,6171,CB,JAX,63.8,66.3,546,93.0,2016
Anthony Brown,10823,CB,DAL,64.7,65.9,531,94.0,2016
T.J. McDonald,7852,S,LA,68.8,65.8,671,95.0,2016
Tramon Williams,3558,CB,CLV,63.7,65.8,381,95.0,2016
DeShawn Shead,7450,CB,SEA,63.5,65.7,612,97.0,2016
Jason McCourty,5127,CB,TEN,63.5,65.6,557,98.0,2016
Rashaan Melvin,8334,CB,IND,63.6,65.5,419,99.0,2016
Robert Alford,7841,CB,ATL,67.2,65.5,903,99.0,2016
Cre'Von LeBlanc,11218,CB,CHI,65.9,65.4,460,101.0,2016
Kenny Vaccaro,7796,S,NO,61.8,65.2,465,102.0,2016
David Amerson,7832,CB,LV,65.1,64.9,621,103.0,2016
Steven Nelson,9531,CB,KC,61.9,64.3,683,104.0,2016
Micah Hyde,7941,CB,GB,60.3,64.3,665,104.0,2016
Josh Shaw,9553,CB,CIN,65.7,64.2,428,106.0,2016
Brice McCain,5112,CB,TEN,65.8,64.1,636,107.0,2016
Andrew Sendejo,6118,S,MIN,60.4,64.1,556,107.0,2016
Brandon Carr,4454,CB,DAL,63.7,64.0,751,109.0,2016
Darrelle Revis,3630,CB,NYJ,62.3,63.8,545,110.0,2016
Rafael Bush,5779,S,DET,60.3,63.8,367,110.0,2016
Bradley Roby,8666,CB,DEN,63.1,63.6,487,112.0,2016
Stephon Gilmore,7016,CB,BUF,61.5,63.6,574,112.0,2016
Andre Hal,8850,S,HST,59.5,63.5,616,114.0,2016
Briean Boddy-Calhoun,10903,CB,CLV,60.7,63.4,357,115.0,2016
Shareece Wright,6241,CB,BLT,59.8,63.4,426,115.0,2016
Bryce Callahan,10000,CB,CHI,61.7,62.9,320,117.0,2016
Marcus Gilchrist,6202,S,NYJ,60.2,62.7,510,118.0,2016
Tony Lippett,9589,CB,MIA,63.0,62.5,563,119.0,2016
Harold Jones-Quartey,10055,S,CHI,57.1,62.4,447,120.0,2016
Tyrann Mathieu,7850,S,ARZ,60.4,62.3,362,121.0,2016
Sterling Moore,6871,CB,NO,63.7,62.3,522,121.0,2016
Leodis McKelvin,4325,CB,PHI,61.6,62.2,373,123.0,2016
Bobby McCain,9578,CB,MIA,65.1,61.9,489,124.0,2016
Daimion Stafford,8031,S,TEN,58.9,61.9,402,124.0,2016
Duke Ihenacho,7297,S,WAS,67.4,61.9,396,124.0,2016
Vernon Hargreaves III,10645,CB,TB,56.4,61.6,636,127.0,2016
Nolan Carroll,5668,CB,PHI,61.5,61.4,582,128.0,2016
Joe Haden,5532,CB,CLV,60.0,61.3,482,129.0,2016
Marcus Williams,9115,CB,NYJ,59.8,60.6,321,130.0,2016
Bashaud Breeland,8737,CB,WAS,60.5,60.5,471,131.0,2016
Quinten Rollins,9495,CB,GB,56.5,59.5,502,132.0,2016
Antoine Bethea,3152,S,SF,54.1,59.4,609,133.0,2016
Buster Skrine,6289,CB,NYJ,56.0,59.2,499,134.0,2016
Marcus Cooper,8035,CB,ARZ,55.6,59.0,525,135.0,2016
Eli Apple,10644,CB,NYG,59.8,58.9,502,136.0,2016
Jaquiski Tartt,9479,S,SF,59.1,58.7,355,137.0,2016
Sean Davis,10692,S,PIT,60.5,58.2,633,138.0,2016
Eric Reid,7799,S,SF,55.8,58.1,408,139.0,2016
Donte Whitner,2953,S,WAS,52.8,57.2,356,140.0,2016
B.W. Webb,7896,CB,NO,54.5,56.8,419,141.0,2016
Michael Thomas,7279,S,MIA,52.9,56.7,362,142.0,2016
Vonn Bell,10695,S,NO,44.6,56.1,581,143.0,2016
Derrick Kindred,10763,S,CLV,54.3,55.7,294,144.0,2016
Jeremy Lane,7164,CB,SEA,54.6,55.2,561,145.0,2016
Patrick Chung,4957,S,NE,48.3,54.4,773,146.0,2016
Corey White,7652,CB,BUF,62.1,54.3,264,147.0,2016
Adrian Phillips,9177,S,LAC,46.2,54.0,355,148.0,2016
Tashaun Gipson Sr.,7288,S,JAX,47.4,53.1,635,149.0,2016
D.J. Hayden,7793,CB,LV,52.5,53.1,341,149.0,2016
Vontae Davis,4948,CB,IND,52.8,52.7,526,151.0,2016
LaDarius Gunter,9925,CB,GB,50.3,50.6,705,152.0,2016
Calvin Pryor,8653,S,NYJ,46.5,50.5,505,153.0,2016
Tracy Porter,4354,CB,CHI,46.0,49.4,576,154.0,2016
E.J. Gaines,8823,CB,LA,43.3,47.9,391,155.0,2016
Craig Mager,9516,CB,LAC,43.5,47.2,272,156.0,2016
Leonard Johnson,7385,CB,CAR,47.2,46.3,348,157.0,2016
Chris Conte,6245,S,TB,48.3,46.0,442,158.0,2016
Perrish Cox,5660,CB,TEN,42.0,42.9,429,159.0,2016
Jalen Mills,10867,CB,PHI,37.5,39.0,435,160.0,2016
Tyrann Mathieu,7850,CB,ARZ,90.9,90.8,586,1.0,2015
Earl Thomas III,5539,S,SEA,90.9,90.6,686,2.0,2015
Charles Woodson,330,S,LV,92.1,90.1,737,3.0,2015
Jason Verrett,8660,CB,LAC,90.9,88.4,433,4.0,2015
Josh Norman,7649,CB,CAR,89.9,85.7,856,5.0,2015
Harrison Smith,7641,S,MIN,78.2,85.0,535,6.0,2015
Kurt Coleman,5767,S,CAR,88.8,84.3,827,7.0,2015
Patrick Peterson,6157,CB,ARZ,84.5,83.4,728,8.0,2015
Richard Sherman,6306,CB,SEA,79.4,79.9,688,9.0,2015
Johnathan Joseph,2969,CB,HST,83.0,79.9,580,9.0,2015
Trumaine Johnson,7067,CB,LA,78.7,79.8,564,11.0,2015
Eric Berry,5530,S,KC,82.3,79.3,784,12.0,2015
Chris Harris Jr.,6457,CB,DEN,77.5,79.2,835,13.0,2015
Patrick Chung,4957,S,NE,79.3,78.8,667,14.0,2015
Darius Slay,7817,CB,DET,77.0,78.1,616,15.0,2015
Reshad Jones,5686,S,MIA,67.3,78.0,625,16.0,2015
Duron Harmon,7872,S,NE,85.1,77.8,492,17.0,2015
Darian Stewart,5820,S,DEN,76.2,77.7,647,18.0,2015
Ha Ha Clinton-Dix,8656,S,GB,71.8,77.3,752,19.0,2015
Devin McCourty,5552,S,NE,78.0,77.1,694,20.0,2015
Adam Jones,2223,CB,CIN,77.8,77.0,634,21.0,2015
Ronald Darby,9483,CB,BUF,74.9,76.6,579,22.0,2015
Dominique Rodgers-Cromartie,4330,CB,NYG,76.9,76.6,555,22.0,2015
Captain Munnerlyn,5140,CB,MIN,76.4,76.4,558,24.0,2015
David Amerson,7832,CB,LV,76.0,76.2,613,25.0,2015
Delvin Breaux,10251,CB,NO,75.9,75.8,579,26.0,2015
Malcolm Jenkins,4937,S,PHI,75.5,75.8,733,26.0,2015
Casey Hayward Jr.,7064,CB,GB,77.5,75.7,698,28.0,2015
Mike Mitchell,4970,S,PIT,78.6,75.4,784,29.0,2015
Eric Weddle,3653,S,LAC,78.4,75.3,448,30.0,2015
Bradley Roby,8666,CB,DEN,75.4,75.0,612,31.0,2015
Rodney McLeod,7271,S,LA,71.3,74.9,715,32.0,2015
Morgan Burnett,5596,S,GB,68.4,74.4,506,33.0,2015
Bashaud Breeland,8737,CB,WAS,70.4,74.3,632,34.0,2015
Leon Hall,3634,CB,CIN,71.6,74.1,546,35.0,2015
Sean Smith,4984,CB,KC,71.4,74.0,642,36.0,2015
Calvin Pryor,8653,S,NYJ,81.9,73.8,470,37.0,2015
Quandre Diggs,9633,CB,DET,73.0,73.4,335,38.0,2015
Logan Ryan,7864,CB,NE,70.2,73.2,732,39.0,2015
Malcolm Butler,9040,CB,NE,73.3,73.0,798,40.0,2015
Jackrabbit Jenkins,7043,CB,LA,72.2,72.9,647,41.0,2015
Desmond Trufant,7803,CB,ATL,67.6,72.8,582,42.0,2015
Walter Thurmond,5635,S,PHI,71.4,72.6,729,43.0,2015
Sam Shields,5943,CB,GB,75.0,72.6,501,43.0,2015
Ross Cockrell,8744,CB,PIT,73.5,72.6,511,43.0,2015
Aqib Talib,4334,CB,DEN,73.4,72.5,780,46.0,2015
K'Waun Williams,9332,CB,CLV,66.1,71.7,352,47.0,2015
Donte Whitner,2953,S,CLV,70.4,71.6,494,48.0,2015
Reggie Nelson,3637,S,CIN,74.2,71.6,730,48.0,2015
Kam Chancellor,5656,S,SEA,68.0,71.4,472,50.0,2015
Jimmie Ward,8665,CB,SF,69.8,71.2,473,51.0,2015
Stephon Gilmore,7016,CB,BUF,68.6,71.1,512,52.0,2015
Marcus Gilchrist,6202,S,NYJ,64.7,70.8,696,53.0,2015
Kyle Fuller,8649,CB,CHI,70.1,70.8,615,53.0,2015
Ron Parker,6625,S,KC,69.7,70.6,794,55.0,2015
Vontae Davis,4948,CB,IND,69.7,70.1,636,56.0,2015
Michael Thomas,7279,S,MIA,68.6,70.1,367,56.0,2015
Andre Hal,8850,S,HST,76.4,69.7,502,58.0,2015
George Iloka,7159,S,CIN,72.4,69.6,465,59.0,2015
Adrian Amos,9575,S,CHI,61.9,69.6,619,59.0,2015
Prince Amukamara,6171,CB,NYG,70.0,69.4,491,61.0,2015
Will Allen,1832,S,PIT,60.8,68.9,617,62.0,2015
Antrel Rolle,2225,S,CHI,65.3,68.6,236,63.0,2015
Darrelle Revis,3630,CB,NYJ,66.3,68.5,584,64.0,2015
Patrick Robinson,5557,CB,LAC,67.4,68.5,448,64.0,2015
Ricardo Allen,8782,S,ATL,72.2,68.4,499,66.0,2015
Terence Newman,1321,CB,MIN,64.9,68.2,625,67.0,2015
Da'Norris Searcy,6252,S,TEN,66.2,68.2,490,67.0,2015
Byron Jones,9460,CB,DAL,72.3,68.1,512,69.0,2015
Tramaine Brock Sr.,5903,CB,SF,68.2,68.0,592,70.0,2015
William Gay,3786,CB,PIT,66.5,67.8,788,71.0,2015
Brent Grimes,3589,CB,MIA,63.9,67.6,535,72.0,2015
T.J. Ward,5563,S,DEN,70.2,67.4,571,73.0,2015
Jeremy Lane,7164,CB,SEA,67.6,67.1,239,74.0,2015
Isa Abdul-Quddus,6722,S,DET,62.5,66.9,403,75.0,2015
Trevin Wade,7227,CB,NYG,64.8,66.8,371,76.0,2015
Eric Reid,7799,S,SF,65.8,66.7,637,77.0,2015
Quintin Demps,4431,S,HST,67.8,66.4,519,78.0,2015
Tyvon Branch,4414,S,KC,61.1,66.3,411,79.0,2015
Kareem Jackson,5545,CB,HST,64.8,65.7,429,80.0,2015
Sterling Moore,6871,CB,TB,61.9,65.7,412,80.0,2015
Tony Jefferson,8361,S,ARZ,60.4,65.4,613,82.0,2015
Lardarius Webb,5011,CB,BLT,63.4,65.4,558,82.0,2015
Chris Conte,6245,S,TB,66.1,65.2,443,84.0,2015
Will Hill III,6999,S,BLT,59.8,65.1,588,85.0,2015
Kenny Vaccaro,7796,S,NO,61.5,65.1,647,85.0,2015
Jairus Byrd,4965,S,NO,60.5,65.0,514,87.0,2015
Robert Alford,7841,CB,ATL,63.7,64.9,555,88.0,2015
Bryce Callahan,10000,CB,CHI,62.3,64.5,240,89.0,2015
Bene Benwikere,8783,CB,CAR,56.4,64.4,574,90.0,2015
Tramon Williams,3558,CB,CLV,62.7,64.3,551,91.0,2015
Damarious Randall,9463,CB,GB,62.7,63.7,593,92.0,2015
Shareece Wright,6241,CB,BLT,62.4,63.7,325,92.0,2015
Kenneth Acker,8815,CB,SF,59.1,63.6,465,94.0,2015
Barry Church,5924,S,DAL,49.4,63.6,508,94.0,2015
Corey Graham,3784,S,BUF,50.4,63.4,612,96.0,2015
Kyshoen Jarrett,9614,S,WAS,66.9,63.4,417,96.0,2015
Aaron Colvin,8749,CB,JAX,61.1,63.3,671,98.0,2015
Davon House,6283,CB,JAX,66.6,63.2,647,99.0,2015
Bradley McDougald,8220,S,TB,61.8,63.2,518,99.0,2015
Perrish Cox,5660,CB,TEN,65.1,63.0,400,101.0,2015
Charles Tillman,1351,CB,CAR,58.1,62.6,490,102.0,2015
Roman Harper,2988,S,CAR,63.4,62.5,724,103.0,2015
Xavier Rhodes,7806,CB,MIN,59.1,62.5,670,103.0,2015
Dwight Lowery,4427,S,IND,60.9,62.3,659,105.0,2015
Kendrick Lewis,5659,S,BLT,64.0,62.3,574,105.0,2015
Bacarri Rambo,7972,S,BUF,57.4,62.3,455,105.0,2015
Mike Adams,1972,S,IND,53.0,62.0,487,108.0,2015
Nolan Carroll,5668,CB,PHI,61.2,61.8,456,109.0,2015
Kyle Wilson,5554,CB,NO,67.2,61.6,368,110.0,2015
Jimmy Smith,6179,CB,BLT,60.6,61.0,624,111.0,2015
Glover Quin,5035,S,DET,57.4,60.8,569,112.0,2015
Phillip Adams,5747,CB,ATL,59.1,60.6,322,113.0,2015
Rashad Johnson,5018,S,ARZ,57.1,60.6,635,113.0,2015
Kevin Johnson,9449,CB,HST,59.0,60.1,570,115.0,2015
Brandon Carr,4454,CB,DAL,56.0,59.3,601,116.0,2015
Jahleel Addae,8117,S,LAC,57.9,58.9,443,117.0,2015
Daimion Stafford,8031,S,TEN,57.4,58.8,209,118.0,2015
Jordan Poyer,8000,S,CLV,63.5,58.7,270,119.0,2015
T.J. McDonald,7852,S,LA,53.7,58.4,467,120.0,2015
Byron Maxwell,6325,CB,PHI,54.4,58.4,552,120.0,2015
Jude Adjei-Barimah,10298,CB,TB,53.5,57.6,281,122.0,2015
Darius Butler,4964,CB,IND,55.9,57.6,413,122.0,2015
Michael Griffin,3635,S,TEN,54.5,57.5,526,124.0,2015
Marcus Peters,9451,CB,KC,58.1,57.5,776,124.0,2015
Dashon Goldson,3742,S,WAS,61.6,57.3,640,126.0,2015
Will Blackmon,3060,CB,WAS,54.0,57.1,548,127.0,2015
Cary Williams,4543,CB,WAS,47.5,57.1,377,127.0,2015
Jaquiski Tartt,9479,S,SF,49.2,57.0,409,129.0,2015
Lamarcus Joyner,8676,CB,LA,60.1,57.0,535,129.0,2015
Tracy Porter,4354,CB,CHI,54.2,56.9,523,131.0,2015
Josh Evans,7951,S,JAX,56.9,56.5,400,132.0,2015
Brice McCain,5112,CB,MIA,58.4,56.4,400,133.0,2015
Jerraud Powers,5015,CB,ARZ,55.0,56.2,579,134.0,2015
Coty Sensabaugh,7115,CB,TEN,53.4,56.2,576,134.0,2015
Alterraun Verner,5628,CB,TB,53.4,55.5,386,136.0,2015
William Moore,4978,S,ATL,53.2,55.3,289,137.0,2015
T.J. Carrie,8853,CB,LV,54.6,54.9,630,138.0,2015
Johnathan Cyprien,7814,S,JAX,50.8,54.5,612,139.0,2015
Antonio Cromartie,2964,CB,NYJ,52.2,53.6,604,140.0,2015
J.J. Wilcox,7861,S,DAL,57.5,52.8,469,141.0,2015
Nevin Lawson,8768,CB,DET,50.1,52.8,358,141.0,2015
Buster Skrine,6289,CB,NYJ,50.6,52.5,530,143.0,2015
DeShawn Shead,7450,CB,SEA,47.3,52.2,489,144.0,2015
Andrew Sendejo,6118,S,MIN,48.5,51.7,533,145.0,2015
Neiko Thorpe,7716,CB,LV,52.6,51.2,351,146.0,2015
Brandon Meriweather,3640,S,NYG,51.3,50.9,512,147.0,2015
Nickell Robey-Coleman,8483,CB,BUF,48.7,50.5,481,148.0,2015
E.J. Biggers,5141,CB,PHI,48.7,49.9,403,149.0,2015
Tashaun Gipson Sr.,7288,S,CLV,42.9,49.7,465,150.0,2015
Landon Collins,9466,S,NYG,37.9,49.6,676,151.0,2015
Dre Kirkpatrick,7023,CB,CIN,49.5,47.7,744,152.0,2015
Sergio Brown,5803,S,JAX,40.9,47.4,329,153.0,2015
Morris Claiborne,7012,CB,DAL,49.4,46.7,398,154.0,2015
Valentino Blake,7362,CB,PIT,47.7,43.9,664,155.0,2015
D.J. Hayden,7793,CB,LV,37.9,43.4,612,156.0,2015
Jamar Taylor,7835,CB,MIA,40.4,42.4,425,157.0,2015
Greg Toler,5055,CB,IND,40.2,42.0,437,158.0,2015
Brandon Flowers,4349,CB,LAC,36.5,38.1,384,159.0,2015
Brandon Browner,2512,CB,NO,27.5,27.4,633,160.0,2015
Vontae Davis,4948,CB,IND,92.5,93.3,638,1.0,2014
Chris Harris Jr.,6457,CB,DEN,92.2,92.0,722,2.0,2014
Richard Sherman,6306,CB,SEA,89.5,90.5,730,3.0,2014
Eric Weddle,3653,S,LAC,90.0,90.3,617,4.0,2014
Devin McCourty,5552,S,NE,90.2,90.0,745,5.0,2014
Glover Quin,5035,S,DET,90.4,88.1,737,6.0,2014
Antoine Bethea,3152,S,SF,89.6,87.7,649,7.0,2014
Harrison Smith,7641,S,MIN,74.8,87.4,634,8.0,2014
Earl Thomas III,5539,S,SEA,89.1,87.3,719,9.0,2014
Sean Smith,4984,CB,KC,87.5,87.1,627,10.0,2014
Kareem Jackson,5545,CB,HST,85.9,84.2,505,11.0,2014
Darrelle Revis,3630,CB,NE,83.2,84.1,761,12.0,2014
Will Hill III,6999,S,BLT,83.8,83.9,486,13.0,2014
Mike Adams,1972,S,IND,85.2,82.3,749,14.0,2014
Orlando Scandrick,4457,CB,DAL,81.6,81.4,629,15.0,2014
Desmond Trufant,7803,CB,ATL,79.0,81.4,644,15.0,2014
Bene Benwikere,8783,CB,CAR,80.1,81.1,379,17.0,2014
Reshad Jones,5686,S,MIA,64.8,81.0,449,18.0,2014
Dawan Landry,3091,S,NYJ,75.6,80.6,594,19.0,2014
James Ihedigbo,4147,S,DET,80.3,80.0,600,20.0,2014
Rashean Mathis,1355,CB,DET,80.3,79.4,708,21.0,2014
Corey Graham,3784,CB,BUF,77.0,79.3,490,22.0,2014
Tashaun Gipson Sr.,7288,S,CLV,79.9,79.2,461,23.0,2014
Kurt Coleman,5767,S,KC,75.4,79.2,332,23.0,2014
Brandon Flowers,4349,CB,LAC,78.5,79.0,497,25.0,2014
Kam Chancellor,5656,S,SEA,80.3,78.2,635,26.0,2014
Reggie Nelson,3637,S,CIN,82.9,78.2,724,26.0,2014
Jim Leonhard,2694,S,CLV,82.6,78.1,337,28.0,2014
Donte Whitner,2953,S,CLV,70.5,78.1,679,28.0,2014
Patrick Chung,4957,S,NE,70.9,77.6,576,30.0,2014
Dominique Rodgers-Cromartie,4330,CB,NYG,76.2,77.1,471,31.0,2014
Malcolm Jenkins,4937,S,PHI,75.7,75.9,707,32.0,2014
Ryan Mundy,4508,S,CHI,75.7,75.4,563,33.0,2014
Chris Culliver,6232,CB,SF,75.5,75.1,527,34.0,2014
Da'Norris Searcy,6252,S,BUF,66.1,75.1,421,34.0,2014
William Gay,3786,CB,PIT,73.9,74.2,615,36.0,2014
Alterraun Verner,5628,CB,TB,63.8,74.1,500,37.0,2014
Darian Stewart,5820,S,BLT,70.1,73.7,546,38.0,2014
Johnathan Joseph,2969,CB,HST,74.2,73.6,558,39.0,2014
Nate Allen,5562,S,PHI,72.5,73.6,657,39.0,2014
Brandon Boykin,7123,CB,PHI,73.7,73.5,430,41.0,2014
Stephon Gilmore,7016,CB,BUF,73.6,73.2,522,42.0,2014
Husain Abdullah,4652,S,KC,80.5,72.7,623,43.0,2014
Robert Blanton,7136,S,MIN,60.0,72.5,556,44.0,2014
Jackrabbit Jenkins,7043,CB,LA,70.0,71.9,500,45.0,2014
E.J. Gaines,8823,CB,LA,70.3,71.7,582,46.0,2014
Morgan Burnett,5596,S,GB,55.0,71.2,639,47.0,2014
Josh Norman,7649,CB,CAR,72.5,71.2,448,47.0,2014
Tim Jennings,3007,CB,CHI,67.8,70.9,627,49.0,2014
Jerraud Powers,5015,CB,ARZ,75.7,70.9,571,49.0,2014
Darius Slay,7817,CB,DET,70.0,70.9,731,49.0,2014
Sterling Moore,6871,CB,DAL,70.7,70.8,585,52.0,2014
Joe Haden,5532,CB,CLV,69.7,70.8,624,52.0,2014
Rahim Moore,6197,S,DEN,74.0,69.8,774,54.0,2014
Aqib Talib,4334,CB,DEN,66.1,69.7,671,55.0,2014
Darius Butler,4964,CB,IND,70.2,69.4,528,56.0,2014
George Iloka,7159,S,CIN,64.2,69.3,733,57.0,2014
Xavier Rhodes,7806,CB,MIN,71.2,68.8,601,58.0,2014
Barry Church,5924,S,DAL,62.6,68.8,624,58.0,2014
Calvin Pryor,8653,S,NYJ,63.3,68.6,430,60.0,2014
Josh Robinson,7068,CB,MIN,65.1,68.3,472,61.0,2014
Tramon Williams,3558,CB,GB,67.7,68.1,684,62.0,2014
Troy Polamalu,1332,S,PIT,69.5,68.0,475,63.0,2014
Captain Munnerlyn,5140,CB,MIN,64.7,67.8,631,64.0,2014
Brent Grimes,3589,CB,MIA,64.8,67.8,598,64.0,2014
Bradley Roby,8666,CB,DEN,69.9,67.7,644,66.0,2014
Dwight Lowery,4427,S,ATL,62.0,67.5,624,67.0,2014
Ha Ha Clinton-Dix,8656,S,GB,69.2,67.4,664,68.0,2014
Rodney McLeod,7271,S,LA,71.2,67.1,631,69.0,2014
Kendrick Lewis,5659,S,HST,59.9,66.9,685,70.0,2014
T.J. Carrie,8853,CB,LV,64.8,66.8,350,71.0,2014
Johnathan Cyprien,7814,S,JAX,61.4,66.8,560,71.0,2014
Patrick Robinson,5557,CB,NO,66.1,66.5,395,73.0,2014
Perrish Cox,5660,CB,SF,64.0,66.4,588,74.0,2014
Leon Hall,3634,CB,CIN,66.9,66.3,611,75.0,2014
Alan Ball,3853,CB,JAX,61.7,66.1,306,76.0,2014
Louis Delmas,4956,S,MIA,63.7,65.6,508,77.0,2014
Cary Williams,4543,CB,PHI,65.6,65.4,704,78.0,2014
Charles Woodson,330,S,LV,63.3,65.4,625,78.0,2014
Dontae Johnson,8764,CB,SF,62.0,65.3,337,80.0,2014
Jahleel Addae,8117,S,LAC,61.6,64.6,295,81.0,2014
Adam Jones,2223,CB,CIN,65.5,64.5,575,82.0,2014
Eric Reid,7799,S,SF,61.4,64.3,546,83.0,2014
Marcus Gilchrist,6202,S,LAC,58.5,64.0,598,84.0,2014
Ron Parker,6625,S,KC,68.9,63.8,617,85.0,2014
T.J. Ward,5563,S,DEN,55.4,63.7,743,86.0,2014
Brock Vereen,8766,S,CHI,65.3,63.7,315,86.0,2014
Demetrius McCray,7992,CB,JAX,64.0,63.5,453,88.0,2014
Brice McCain,5112,CB,PIT,63.3,63.4,462,89.0,2014
Antonio Cromartie,2964,CB,ARZ,62.7,63.3,678,90.0,2014
Micah Hyde,7941,S,GB,64.4,63.0,528,91.0,2014
Kyle Arrington,4742,CB,NE,60.8,62.9,406,92.0,2014
Jason McCourty,5127,CB,TEN,59.4,62.6,613,93.0,2014
Sam Shields,5943,CB,GB,63.2,62.5,559,94.0,2014
Lardarius Webb,5011,CB,BLT,60.4,62.5,633,94.0,2014
Terence Newman,1321,CB,CIN,58.7,62.2,548,96.0,2014
A.J. Bouye,8110,CB,HST,65.2,62.1,451,97.0,2014
Marcus Williams,9115,CB,NYJ,60.8,62.0,285,98.0,2014
T.J. McDonald,7852,S,LA,54.7,61.4,636,99.0,2014
Cortland Finnegan,3160,CB,MIA,63.0,61.3,434,100.0,2014
Aaron Williams,6186,S,BUF,62.9,61.2,567,101.0,2014
Kemal Ishmael,8026,S,ATL,50.5,61.2,508,101.0,2014
Darrin Walls,6553,CB,NYJ,57.0,61.0,473,103.0,2014
LaRon Landry,3622,S,IND,54.8,60.8,367,104.0,2014
D.J. Hayden,7793,CB,LV,60.0,60.8,372,104.0,2014
Jimmy Wilson,6387,S,MIA,64.1,60.6,474,106.0,2014
Byron Maxwell,6325,CB,SEA,60.6,60.4,534,107.0,2014
Demontre Hurst,8359,CB,CHI,52.7,59.9,287,108.0,2014
Major Wright,5600,S,TB,53.6,59.8,298,109.0,2014
Patrick Peterson,6157,CB,ARZ,62.0,59.8,664,109.0,2014
Tarell Brown,3763,CB,LV,57.7,59.8,524,109.0,2014
Johnthan Banks,7824,CB,TB,62.3,59.6,549,112.0,2014
Buster Skrine,6289,CB,CLV,56.5,58.0,679,113.0,2014
Nickell Robey-Coleman,8483,CB,BUF,60.2,57.8,452,114.0,2014
Rafael Bush,5779,S,NO,49.4,57.2,305,115.0,2014
Rashad Johnson,5018,S,ARZ,55.2,57.0,721,116.0,2014
Mark Barron,7013,S,LA,58.2,56.8,411,117.0,2014
Coty Sensabaugh,7115,CB,TEN,56.3,56.4,405,118.0,2014
Thomas DeCoud,4412,S,CAR,61.9,56.0,413,119.0,2014
Stevie Brown,5773,S,NYG,47.4,55.9,345,120.0,2014
Greg Toler,5055,CB,IND,50.1,55.9,710,120.0,2014
Brandon Carr,4454,CB,DAL,52.2,55.7,708,122.0,2014
Quintin Demps,4431,S,NYG,57.2,55.5,389,123.0,2014
Brandon Meriweather,3640,S,WAS,43.3,55.4,364,124.0,2014
Robert McClain,5771,CB,ATL,49.8,55.4,407,124.0,2014
D.J. Swearinger Sr.,7838,S,HST,58.9,55.4,656,124.0,2014
Dwayne Gratz,7845,CB,JAX,47.1,54.8,487,127.0,2014
Brandian Ross,6755,S,LV,53.2,54.8,439,127.0,2014
Roman Harper,2988,S,CAR,48.7,54.2,634,129.0,2014
Chris Owens,5013,CB,KC,50.0,53.6,350,130.0,2014
Bradley Fletcher,4989,CB,PHI,46.9,53.6,640,130.0,2014
J.J. Wilcox,7861,S,DAL,52.7,52.9,688,132.0,2014
Robert Alford,7841,CB,ATL,50.6,52.9,367,132.0,2014
Mike Mitchell,4970,S,PIT,46.4,52.6,656,134.0,2014
Brandon Browner,2512,CB,NE,52.0,51.9,475,135.0,2014
Antonio Allen,7224,CB,NYJ,50.4,51.8,338,136.0,2014
Cassius Vaughn,5845,CB,DET,50.0,51.1,324,137.0,2014
Keenan Lewis,5019,CB,NO,51.8,50.2,573,138.0,2014
Chykie Brown,6316,CB,NYG,50.0,50.2,340,138.0,2014
Melvin White,8248,CB,CAR,51.0,49.4,326,140.0,2014
Bashaud Breeland,8737,CB,WAS,49.9,48.8,528,141.0,2014
Kenny Vaccaro,7796,S,NO,58.9,48.5,605,142.0,2014
Leonard Johnson,7385,CB,TB,46.3,48.4,293,143.0,2014
Deone Bucannon,8662,S,ARZ,64.9,48.2,531,144.0,2014
Antoine Cason,4341,CB,BLT,39.2,48.1,423,145.0,2014
George Wilson,2210,S,TEN,64.6,48.1,482,145.0,2014
Antrel Rolle,2225,S,NYG,56.9,47.7,627,147.0,2014
Kyle Fuller,8649,CB,CHI,46.3,47.7,523,147.0,2014
Michael Griffin,3635,S,TEN,46.4,47.5,629,149.0,2014
Tharold Simon,7920,CB,SEA,45.4,44.9,277,150.0,2014
E.J. Biggers,5141,CB,WAS,44.5,44.5,351,151.0,2014
Josh Evans,7951,S,JAX,43.8,43.3,546,152.0,2014
David Amerson,7832,CB,WAS,43.3,43.0,549,153.0,2014
Ryan Clark,1229,S,WAS,50.3,42.9,617,154.0,2014
Corey White,7652,CB,NO,37.7,42.8,485,155.0,2014
Shareece Wright,6241,CB,LAC,38.8,41.5,496,156.0,2014
Matt Elam,7813,S,BLT,33.9,40.8,428,157.0,2014
Blidi Wreh-Wilson,7851,CB,TEN,33.7,38.8,383,158.0,2014
Cortez Allen,6280,CB,PIT,38.0,34.7,290,159.0,2014
Dashon Goldson,3742,S,TB,29.9,31.8,454,160.0,2014
Richard Sherman,6306,CB,SEA,90.1,90.2,723,1.0,2013
Jairus Byrd,4965,S,BUF,89.8,89.4,401,2.0,2013
Will Hill III,6999,S,NYG,89.0,88.9,483,3.0,2013
Brent Grimes,3589,CB,MIA,89.4,88.7,650,4.0,2013
Brandon Boykin,7123,CB,PHI,91.1,88.6,520,5.0,2013
Kam Chancellor,5656,S,SEA,89.3,87.0,746,6.0,2013
Eric Weddle,3653,S,LAC,89.2,85.9,728,7.0,2013
Eric Berry,5530,S,KC,87.9,85.8,701,8.0,2013
Devin McCourty,5552,S,NE,86.0,85.1,704,9.0,2013
Darrelle Revis,3630,CB,TB,83.2,84.7,587,10.0,2013
Byron Maxwell,6325,CB,SEA,84.9,84.7,461,10.0,2013
Tyrann Mathieu,7850,CB,ARZ,79.4,84.6,522,12.0,2013
Troy Polamalu,1332,S,PIT,90.1,83.8,650,13.0,2013
T.J. Ward,5563,S,CLV,77.9,83.5,677,14.0,2013
Tramaine Brock Sr.,5903,CB,SF,85.3,82.8,574,15.0,2013
Desmond Trufant,7803,CB,ATL,82.5,82.8,581,15.0,2013
Chris Harris Jr.,6457,CB,DEN,82.7,82.3,680,17.0,2013
Antrel Rolle,2225,S,NYG,81.5,81.7,686,18.0,2013
Earl Thomas III,5539,S,SEA,89.1,81.4,754,19.0,2013
Alterraun Verner,5628,CB,TEN,79.6,80.8,617,20.0,2013
Donte Whitner,2953,S,SF,86.4,80.5,734,21.0,2013
Dominique Rodgers-Cromartie,4330,CB,DEN,82.6,80.3,612,22.0,2013
William Gay,3786,CB,PIT,75.1,80.3,581,22.0,2013
Nickell Robey-Coleman,8483,CB,BUF,77.0,79.8,455,24.0,2013
Captain Munnerlyn,5140,CB,CAR,75.9,79.5,679,25.0,2013
Glover Quin,5035,S,DET,78.6,79.0,644,26.0,2013
Adam Jones,2223,CB,CIN,78.3,78.8,681,27.0,2013
Patrick Peterson,6157,CB,ARZ,80.0,78.7,722,28.0,2013
Joe Haden,5532,CB,CLV,77.3,77.6,652,29.0,2013
Tramon Williams,3558,CB,GB,77.4,77.6,669,29.0,2013
Jason McCourty,5127,CB,TEN,75.0,77.3,635,31.0,2013
Vontae Davis,4948,CB,IND,77.6,77.3,634,31.0,2013
Alan Ball,3853,CB,JAX,75.6,76.6,589,33.0,2013
Lardarius Webb,5011,CB,BLT,74.2,76.4,607,34.0,2013
Will Blackmon,3060,CB,JAX,65.0,75.9,388,35.0,2013
Corey Graham,3784,CB,BLT,74.9,75.6,483,36.0,2013
Orlando Scandrick,4457,CB,DAL,78.8,75.5,689,37.0,2013
Trumaine McBride,3837,CB,NYG,77.4,75.1,394,38.0,2013
Johnathan Joseph,2969,CB,HST,73.8,74.9,481,39.0,2013
Leodis McKelvin,4325,CB,BUF,76.4,74.5,559,40.0,2013
Aaron Williams,6186,S,BUF,72.9,74.3,551,41.0,2013
Drayton Florence,1362,CB,CAR,75.3,74.3,467,41.0,2013
Keenan Lewis,5019,CB,NO,76.4,73.5,602,43.0,2013
Charles Woodson,330,S,LV,71.3,73.2,643,44.0,2013
Chris Crocker,1399,CB,CIN,72.8,72.9,387,45.0,2013
Walter Thurmond,5635,CB,SEA,73.8,72.8,430,46.0,2013
Rashean Mathis,1355,CB,DET,72.7,72.8,486,46.0,2013
Terence Newman,1321,CB,CIN,71.6,72.5,535,48.0,2013
Michael Griffin,3635,S,TEN,65.7,72.4,541,49.0,2013
Chris Owens,5013,CB,MIA,68.4,72.3,391,50.0,2013
Cortez Allen,6280,CB,PIT,70.4,72.0,473,51.0,2013
Mike Mitchell,4970,S,CAR,73.1,71.7,635,52.0,2013
Rashad Johnson,5018,S,ARZ,74.2,71.6,458,53.0,2013
Jimmy Wilson,6387,CB,MIA,70.9,71.5,447,54.0,2013
Terrell Thomas,4377,CB,NYG,69.5,71.1,415,55.0,2013
Sam Shields,5943,CB,GB,71.8,70.8,543,56.0,2013
Kyle Arrington,4742,CB,NE,66.4,70.7,570,57.0,2013
Dwayne Gratz,7845,CB,JAX,66.3,70.6,301,58.0,2013
Tarell Brown,3763,CB,SF,68.1,70.4,595,59.0,2013
Darian Stewart,5820,S,LA,72.3,70.3,374,60.0,2013
Bradley Fletcher,4989,CB,PHI,67.7,70.0,642,61.0,2013
Tim Jennings,3007,CB,CHI,70.0,70.0,568,61.0,2013
Jimmy Smith,6179,CB,BLT,66.8,69.9,624,63.0,2013
Prince Amukamara,6171,CB,NYG,65.8,69.8,659,64.0,2013
Eric Reid,7799,S,SF,69.6,69.5,740,65.0,2013
Robert McClain,5771,CB,ATL,67.3,69.1,394,66.0,2013
Jahleel Addae,8117,S,LAC,67.8,68.8,400,67.0,2013
Reggie Nelson,3637,S,CIN,63.8,68.8,664,67.0,2013
Barry Church,5924,S,DAL,64.7,68.6,626,69.0,2013
Corey White,7652,CB,NO,68.9,68.5,427,70.0,2013
Jamarca Sanford,5155,S,MIN,69.8,68.4,485,71.0,2013
DeAngelo Hall,1729,CB,WAS,71.0,68.4,581,71.0,2013
Bernard Pollard,2999,S,TEN,63.5,68.2,632,73.0,2013
Coty Sensabaugh,7115,CB,TEN,71.6,67.8,368,74.0,2013
Brandon Carr,4454,CB,DAL,66.3,67.7,694,75.0,2013
Trumaine Johnson,7067,CB,LA,66.7,67.6,552,76.0,2013
Ryan Clark,1229,S,PIT,67.9,67.2,644,77.0,2013
Sean Smith,4984,CB,KC,65.8,67.0,707,78.0,2013
Zackary Bowman,4456,CB,CHI,68.7,67.0,324,78.0,2013
Antoine Bethea,3152,S,IND,57.4,66.9,695,80.0,2013
Kenny Vaccaro,7796,S,NO,64.0,66.7,480,81.0,2013
Rafael Bush,5779,S,NO,68.0,66.7,413,81.0,2013
Jackrabbit Jenkins,7043,CB,LA,65.2,66.3,633,83.0,2013
Melvin White,8248,CB,CAR,64.7,65.8,510,84.0,2013
Marcus Gilchrist,6202,S,LAC,56.9,65.7,721,85.0,2013
Alfonzo Dennard,7208,CB,NE,64.6,65.7,522,85.0,2013
Yeremiah Bell,1513,S,ARZ,65.3,65.5,717,87.0,2013
Aqib Talib,4334,CB,NE,62.5,65.5,568,87.0,2013
Cary Williams,4543,CB,PHI,64.2,65.4,778,89.0,2013
Josh Wilson,3671,CB,WAS,63.8,65.4,569,89.0,2013
William Moore,4978,S,ATL,62.7,65.2,605,91.0,2013
Da'Norris Searcy,6252,S,BUF,62.3,65.1,466,92.0,2013
Quintin Mikell,1662,S,CAR,60.5,65.1,452,92.0,2013
George Iloka,7159,S,CIN,61.6,64.7,688,94.0,2013
Xavier Rhodes,7806,CB,MIN,65.4,64.6,458,95.0,2013
Louis Delmas,4956,S,DET,67.5,64.6,655,95.0,2013
Mike Jenkins,4339,CB,LV,60.6,64.1,549,97.0,2013
Nate Allen,5562,S,PHI,64.0,63.8,750,98.0,2013
Malcolm Jenkins,4937,S,NO,65.4,63.3,579,99.0,2013
Robert Alford,7841,CB,ATL,66.6,63.2,388,100.0,2013
Carlos Rogers,2226,CB,SF,60.5,63.2,684,100.0,2013
James Ihedigbo,4147,S,BLT,48.6,63.2,645,100.0,2013
Darius Butler,4964,CB,IND,62.1,63.2,558,100.0,2013
Shiloh Keo,6296,S,HST,71.1,63.1,430,104.0,2013
Tashaun Gipson Sr.,7288,S,CLV,59.4,63.0,667,105.0,2013
Jerraud Powers,5015,CB,ARZ,60.8,62.9,712,106.0,2013
Rahim Moore,6197,S,DEN,64.9,62.4,447,107.0,2013
Isaiah Frey,7173,CB,CHI,58.5,62.3,349,108.0,2013
Brandon Flowers,4349,CB,KC,58.9,62.2,587,109.0,2013
Steve Gregory,3326,S,NE,54.1,61.9,607,110.0,2013
LaRon Landry,3622,S,IND,66.4,61.9,542,110.0,2013
Andrew Sendejo,6118,S,MIN,52.7,61.5,474,112.0,2013
Nolan Carroll,5668,CB,MIA,56.6,61.2,476,113.0,2013
Dawan Landry,3091,S,NYJ,53.8,60.6,673,114.0,2013
David Amerson,7832,CB,WAS,57.7,60.5,449,115.0,2013
Mark Barron,7013,S,TB,53.1,60.1,529,116.0,2013
Mike Adams,1972,S,DEN,52.6,59.8,572,117.0,2013
Kareem Jackson,5545,CB,HST,57.6,59.6,461,118.0,2013
Chris Cook,5559,CB,MIN,58.9,59.4,440,119.0,2013
Kyle Wilson,5554,CB,NYJ,60.7,59.1,365,120.0,2013
Dwight Bentley,7086,CB,DET,57.8,58.7,346,121.0,2013
Dee Milliner,7790,CB,NYJ,53.9,58.6,466,122.0,2013
Johnthan Banks,7824,CB,TB,53.2,58.1,573,123.0,2013
D.J. Swearinger Sr.,7838,S,HST,59.2,58.0,491,124.0,2013
Reshad Jones,5686,S,MIA,49.9,57.8,677,125.0,2013
Morris Claiborne,7012,CB,DAL,56.4,57.8,372,125.0,2013
Davon House,6283,CB,GB,54.2,57.7,342,127.0,2013
Jeff Heath,8396,S,DAL,52.2,56.6,351,128.0,2013
Marcus Cooper,8035,CB,KC,55.1,56.3,482,129.0,2013
M.D. Jennings,6752,S,GB,46.2,56.1,510,130.0,2013
Morgan Burnett,5596,S,GB,48.1,54.8,545,131.0,2013
T.J. McDonald,7852,S,LA,59.4,54.8,395,131.0,2013
D.J. Hayden,7793,CB,LV,53.7,54.5,250,133.0,2013
Buster Skrine,6289,CB,CLV,53.4,54.2,660,134.0,2013
Richard Marshall,3003,CB,LAC,50.2,54.1,503,135.0,2013
Patrick Chung,4957,S,PHI,47.8,54.0,513,136.0,2013
Tracy Porter,4354,CB,LV,50.8,53.9,619,137.0,2013
Duke Ihenacho,7297,S,DEN,46.3,53.6,598,138.0,2013
Ike Taylor,1437,CB,PIT,49.6,53.6,641,138.0,2013
Josh Robinson,7068,CB,MIN,49.9,53.5,411,140.0,2013
Rodney McLeod,7271,S,LA,54.7,53.3,634,141.0,2013
Greg Toler,5055,CB,IND,53.5,53.1,286,142.0,2013
Leonard Johnson,7385,CB,TB,53.6,52.2,468,143.0,2013
Brandon Meriweather,3640,S,WAS,51.1,51.7,454,144.0,2013
Matt Elam,7813,S,BLT,39.7,51.0,604,145.0,2013
Antonio Cromartie,2964,CB,NYJ,46.3,50.5,673,146.0,2013
Kendrick Lewis,5659,S,KC,43.0,50.5,727,146.0,2013
Dashon Goldson,3742,S,TB,51.6,50.3,497,148.0,2013
Chris Houston,3657,CB,DET,48.4,50.1,459,149.0,2013
Shareece Wright,6241,CB,LAC,45.4,49.3,596,150.0,2013
Edward Reed,1031,S,NYJ,44.9,48.2,392,151.0,2013
Chris Conte,6245,S,CHI,50.3,47.9,561,152.0,2013
Josh Evans,7951,S,JAX,39.5,45.3,364,153.0,2013
Leon McFadden,7849,CB,CLV,41.7,42.9,162,154.0,2013
Thomas DeCoud,4412,S,ATL,36.4,42.4,517,155.0,2013
E.J. Biggers,5141,S,WAS,38.8,38.3,296,156.0,2013
Johnathan Cyprien,7814,S,JAX,28.8,35.1,604,157.0,2013
Brice McCain,5112,CB,HST,29.4,31.8,418,158.0,2013
Brandian Ross,6755,S,LV,30.3,30.6,580,159.0,2013
Major Wright,5600,S,CHI,30.0,30.2,516,160.0,2013
Jairus Byrd,4965,S,BUF,94.7,93.2,610,1.0,2012
Richard Sherman,6306,CB,SEA,92.5,92.3,687,2.0,2012
Eric Weddle,3653,S,LAC,91.7,92.2,652,3.0,2012
Charles Tillman,1351,CB,CHI,91.9,92.2,582,3.0,2012
Casey Hayward Jr.,7064,CB,GB,91.6,91.5,544,5.0,2012
Reshad Jones,5686,S,MIA,91.0,91.0,705,6.0,2012
Devin McCourty,5552,S,NE,89.8,90.3,776,7.0,2012
Chris Harris Jr.,6457,CB,DEN,90.0,90.2,626,8.0,2012
Reggie Nelson,3637,S,CIN,90.3,90.2,590,8.0,2012
Sam Shields,5943,CB,GB,90.6,90.2,452,8.0,2012
Kerry Rhodes,2340,S,ARZ,85.7,88.5,553,11.0,2012
Quintin Mikell,1662,S,LA,63.0,88.1,612,12.0,2012
Brandon Flowers,4349,CB,KC,85.7,85.7,454,13.0,2012
Tarell Brown,3763,CB,SF,84.5,85.3,779,14.0,2012
Harrison Smith,7641,S,MIN,89.6,84.5,711,15.0,2012
Cortez Allen,6280,CB,PIT,84.7,84.3,383,16.0,2012
Greg Toler,5055,CB,ARZ,85.8,84.2,200,17.0,2012
Troy Polamalu,1332,S,PIT,73.8,83.0,245,18.0,2012
Ryan Clark,1229,S,PIT,79.5,83.0,538,18.0,2012
Darius Butler,4964,CB,IND,85.2,82.3,292,20.0,2012
Antoine Winfield,456,CB,MIN,74.1,82.3,698,20.0,2012
Jason McCourty,5127,CB,TEN,74.0,81.4,651,22.0,2012
George Wilson,2210,S,BUF,73.9,80.9,526,23.0,2012
Adam Jones,2223,CB,CIN,80.3,80.4,451,24.0,2012
Kareem Jackson,5545,CB,HST,80.1,80.0,752,25.0,2012
Tim Jennings,3007,CB,CHI,78.9,80.0,596,25.0,2012
Robert McClain,5771,CB,ATL,81.2,79.9,453,27.0,2012
Sheldon Brown,1066,CB,CLV,72.3,79.5,541,28.0,2012
Ronde Barber,261,S,TB,81.9,79.4,703,29.0,2012
Leon Hall,3634,CB,CIN,80.1,79.2,588,30.0,2012
Patrick Peterson,6157,CB,ARZ,77.8,79.2,573,30.0,2012
Joselio Hanson,1619,CB,LV,79.0,76.6,388,32.0,2012
Corey Graham,3784,CB,BLT,73.5,76.5,566,33.0,2012
Alterraun Verner,5628,CB,TEN,73.8,76.4,600,34.0,2012
Joe Haden,5532,CB,CLV,75.0,76.3,458,35.0,2012
E.J. Biggers,5141,CB,TB,78.7,76.2,534,36.0,2012
Stevie Brown,5773,S,NYG,77.1,75.8,491,37.0,2012
Alfonzo Dennard,7208,CB,NE,75.5,75.7,463,38.0,2012
Terence Newman,1321,CB,CIN,73.8,75.6,581,39.0,2012
Antonio Cromartie,2964,CB,NYJ,75.1,75.4,558,40.0,2012
T.J. Ward,5563,S,CLV,64.6,74.9,606,41.0,2012
Jamarca Sanford,5155,S,MIN,66.5,74.1,539,42.0,2012
Brandon Browner,2512,CB,SEA,72.5,73.9,539,43.0,2012
William Moore,4978,S,ATL,67.9,73.8,526,44.0,2012
Josh Wilson,3671,CB,WAS,69.8,73.3,736,45.0,2012
Edward Reed,1031,S,BLT,82.4,73.0,802,46.0,2012
Tony Carter,5191,CB,DEN,72.0,72.9,404,47.0,2012
Usama Young,3682,S,CLV,60.4,72.9,364,47.0,2012
Asante Samuel,1432,CB,ATL,80.1,72.8,555,49.0,2012
Chris Houston,3657,CB,DET,69.1,72.5,568,50.0,2012
Isa Abdul-Quddus,6722,S,NO,82.3,72.5,351,50.0,2012
Bradley Fletcher,4989,CB,LA,69.9,72.5,277,50.0,2012
Tyvon Branch,4414,S,LV,64.4,72.3,500,53.0,2012
Earl Thomas III,5539,S,SEA,70.1,72.1,691,54.0,2012
Champ Bailey,442,CB,DEN,68.3,71.9,667,55.0,2012
Morgan Burnett,5596,S,GB,69.2,71.9,758,55.0,2012
Johnathan Joseph,2969,CB,HST,70.3,71.5,612,57.0,2012
Brandon Boykin,7123,CB,PHI,70.3,71.2,371,58.0,2012
Leonard Johnson,7385,CB,TB,70.4,71.1,403,59.0,2012
Captain Munnerlyn,5140,CB,CAR,67.4,70.4,586,60.0,2012
Vontae Davis,4948,CB,IND,75.5,70.4,371,60.0,2012
Abram Elam,3301,S,KC,63.3,70.2,262,62.0,2012
Derek Cox,4996,CB,JAX,69.8,70.0,420,63.0,2012
Prince Amukamara,6171,CB,NYG,71.1,69.9,447,64.0,2012
Dunta Robinson,1731,CB,ATL,61.1,69.7,633,65.0,2012
Major Wright,5600,S,CHI,65.2,69.3,667,66.0,2012
Dashon Goldson,3742,S,SF,71.2,68.8,780,67.0,2012
Jabari Greer,2057,CB,NO,71.4,68.7,522,68.0,2012
Michael Huff,2952,CB,LV,65.0,68.6,560,69.0,2012
Keenan Lewis,5019,CB,PIT,63.6,68.5,565,70.0,2012
Carlos Rogers,2226,CB,SF,66.5,68.5,783,70.0,2012
Ike Taylor,1437,CB,PIT,65.9,68.3,384,72.0,2012
Chris Culliver,6232,CB,SF,67.8,68.1,621,73.0,2012
Chris Cook,5559,CB,MIN,68.1,67.8,452,74.0,2012
Kyle Arrington,4742,CB,NE,62.8,67.8,620,74.0,2012
Thomas DeCoud,4412,S,ATL,72.1,67.7,686,76.0,2012
DeAngelo Hall,1729,CB,WAS,66.9,67.6,746,77.0,2012
LaRon Landry,3622,S,NYJ,66.3,67.6,555,77.0,2012
Marcus Trufant,1327,CB,SEA,62.9,67.5,330,79.0,2012
Jonte Green,7184,CB,DET,65.7,67.3,271,80.0,2012
Javier Arenas,5575,CB,KC,66.8,67.2,417,81.0,2012
Rahim Moore,6197,S,DEN,61.3,67.1,698,82.0,2012
Kam Chancellor,5656,S,SEA,66.1,66.8,707,83.0,2012
Dimitri Patterson,2868,CB,MIA,63.9,66.8,322,83.0,2012
Cortland Finnegan,3160,CB,LA,71.4,66.8,623,83.0,2012
Ahmad Black,6303,S,TB,63.7,66.2,351,86.0,2012
Tramon Williams,3558,CB,GB,68.9,66.2,754,86.0,2012
Cary Williams,4543,CB,BLT,63.1,65.6,825,88.0,2012
Jerron McMillian,7133,S,GB,65.9,65.5,428,89.0,2012
Brandon Carr,4454,CB,DAL,64.5,65.3,584,90.0,2012
Glover Quin,5035,S,HST,59.7,65.1,750,91.0,2012
Haruki Nakamura,4520,S,CAR,59.6,65.0,313,92.0,2012
Mike Adams,1972,S,DEN,53.5,65.0,652,92.0,2012
Jacob Lacey,5311,CB,DET,64.5,64.8,368,94.0,2012
Jackrabbit Jenkins,7043,CB,LA,63.0,64.7,605,95.0,2012
Bernard Pollard,2999,S,BLT,55.3,64.5,723,96.0,2012
Morris Claiborne,7012,CB,DAL,69.0,64.3,502,97.0,2012
Aqib Talib,4334,CB,NE,61.0,64.0,419,98.0,2012
Steve Gregory,3326,S,NE,64.1,64.0,568,98.0,2012
Eric Berry,5530,S,KC,57.6,63.4,522,100.0,2012
Nate Clements,791,S,CIN,64.2,63.1,397,101.0,2012
Buster Skrine,6289,CB,CLV,60.4,63.0,496,102.0,2012
Sean Smith,4984,CB,MIA,61.6,63.0,664,102.0,2012
Cedric Griffin,2993,CB,WAS,63.6,62.9,289,104.0,2012
Yeremiah Bell,1513,S,NYJ,60.4,62.8,569,105.0,2012
Dominique Rodgers-Cromartie,4330,CB,PHI,64.9,62.7,562,106.0,2012
Kyle Wilson,5554,CB,NYJ,60.4,62.6,545,107.0,2012
Dawan Landry,3091,S,JAX,53.2,62.4,614,108.0,2012
Kelvin Hayden,2277,CB,CHI,61.5,62.0,307,109.0,2012
Craig Dahl,3920,S,LA,62.9,61.9,633,110.0,2012
Nolan Carroll,5668,CB,MIA,57.8,61.6,445,111.0,2012
Stephon Gilmore,7016,CB,BUF,61.4,61.3,619,112.0,2012
Josh Thomas,6295,CB,CAR,59.7,61.0,377,113.0,2012
Adrian Wilson,831,S,ARZ,63.7,60.6,414,114.0,2012
Chris Conte,6245,S,CHI,61.5,60.2,540,115.0,2012
Antoine Bethea,3152,S,IND,52.9,60.1,654,116.0,2012
DeJon Gomes,6298,S,WAS,65.8,60.0,282,117.0,2012
Donte Whitner,2953,S,SF,57.7,59.8,782,118.0,2012
Gerald Sensabaugh,2374,S,DAL,62.3,59.1,551,119.0,2012
Marcus Gilchrist,6202,CB,LAC,55.9,59.0,472,120.0,2012
Sterling Moore,6871,CB,DAL,58.0,58.9,244,121.0,2012
Madieu Williams,1777,S,WAS,54.2,58.7,728,122.0,2012
Josh Norman,7649,CB,CAR,57.4,58.7,470,122.0,2012
Jordan Babineaux,1980,S,TEN,51.3,58.6,460,124.0,2012
Tom Zbikowski,4400,S,IND,60.0,58.6,420,124.0,2012
Aaron Ross,3636,CB,JAX,55.9,58.4,399,126.0,2012
Antrel Rolle,2225,S,NYG,51.0,58.3,583,127.0,2012
Erik Coleman,1864,S,DET,56.5,57.1,283,128.0,2012
Mike Harris,7653,CB,JAX,58.0,56.8,315,129.0,2012
Charles Godfrey,4381,S,CAR,62.0,56.5,592,130.0,2012
Patrick Robinson,5557,CB,NO,52.0,56.4,662,131.0,2012
Danieal Manning,2987,S,HST,50.0,56.1,765,132.0,2012
Mark Barron,7013,S,TB,43.3,55.3,705,133.0,2012
Louis Delmas,4956,S,DET,50.9,55.3,286,133.0,2012
Josh Robinson,7068,CB,MIN,52.2,55.2,488,135.0,2012
William Gay,3786,CB,ARZ,49.0,55.1,564,136.0,2012
Jimmy Wilson,6387,CB,MIA,57.1,55.0,423,137.0,2012
Antoine Cason,4341,CB,LAC,52.7,54.3,661,138.0,2012
Danny McCray,5929,S,DAL,52.6,54.2,370,139.0,2012
Quentin Jammer,1013,CB,LAC,50.1,54.0,625,140.0,2012
Chris Prosinski,6273,S,JAX,54.5,53.9,396,141.0,2012
Nnamdi Asomugha,1347,CB,PHI,47.2,53.8,549,142.0,2012
Matt Giordano,2352,S,LV,50.6,53.7,488,143.0,2012
Aaron Williams,6186,CB,BUF,51.9,53.0,309,144.0,2012
Ellis Lankster,5144,CB,NYJ,55.1,52.9,254,145.0,2012
Nate Allen,5562,S,PHI,49.7,51.9,474,146.0,2012
Atari Bigby,2496,S,LAC,41.1,51.6,388,147.0,2012
Brice McCain,5112,CB,HST,49.0,51.4,357,148.0,2012
Mike Mitchell,4970,S,LV,32.7,50.5,187,149.0,2012
Corey Webster,2260,CB,NYG,47.0,49.9,592,150.0,2012
Jimmy Smith,6179,CB,BLT,49.2,49.3,318,151.0,2012
Justin Rogers,6358,CB,BUF,44.4,48.4,389,152.0,2012
Cassius Vaughn,5845,CB,IND,47.5,47.5,530,153.0,2012
Ryan Mouton,5017,CB,TEN,45.6,47.4,256,154.0,2012
Jayron Hosley,7094,CB,NYG,43.5,46.8,292,155.0,2012
Kurt Coleman,5767,S,PHI,40.0,46.1,501,156.0,2012
Michael Griffin,3635,S,TEN,38.9,45.1,643,157.0,2012
Kendrick Lewis,5659,S,KC,43.6,44.6,282,158.0,2012
Roman Harper,2988,S,NO,30.6,41.5,663,159.0,2012
Malcolm Jenkins,4937,S,NO,37.8,38.1,513,160.0,2012
