player,player_id,position,team_name,grades_defense,grades_run_defense,snap_counts_run,rank,Year
Geno Atkins,5643,DI,CIN,93.9,90.8,292,1.0,2021
Von Miller,6154,ED,DEN,93.4,93.1,382,2.0,2021
J.J. Watt,6163,DI,HST,92.3,91.5,346,3.0,2021
Cameron Wake,4907,ED,MIA,90.9,75.3,318,4.0,2021
Muhammad Wilkerson,6182,DI,NYJ,89.6,88.6,434,5.0,2021
Carlos Dunlap,5579,ED,CIN,89.4,79.3,197,6.0,2021
Jason Pierre-Paul,5540,ED,NYG,83.5,80.9,347,7.0,2021
Clay Matthews,4949,ED,GB,83.4,71.9,332,8.0,2021
Aldon Smith,6159,ED,SF,83.2,75.5,440,9.0,2021
Gerald McCoy,5528,DI,TB,82.1,73.6,301,10.0,2021
Justin Houston,6222,ED,KC,81.6,73.6,468,11.0,2021
Anthony Spencer,3642,ED,DAL,80.6,79.4,359,12.0,2021
Fred Evans,3157,DI,MIN,80.1,81.4,171,13.0,2021
Jurrell Casey,6229,DI,TEN,79.2,83.7,361,14.0,2021
Greg Hardy,5698,ED,CAR,79.1,70.1,274,15.0,2021
John Abraham,591,ED,ATL,79.1,60.3,291,15.0,2021
Chris Clemons,1585,ED,SEA,78.9,54.4,310,17.0,2021
Kyle Williams,3079,DI,BUF,78.7,75.2,319,18.0,2021
Ahmad Brooks,2945,ED,SF,78.5,76.2,438,19.0,2021
Charles Johnson,3699,ED,CAR,77.8,54.7,301,20.0,2021
Lamarr Houston,5569,ED,LV,77.8,78.3,361,20.0,2021
Rob Ninkovich,3080,ED,NE,77.3,68.2,389,22.0,2021
Brian Robison,3718,ED,MIN,76.9,63.1,311,23.0,2021
Derrick Morgan,5541,ED,TEN,76.9,63.8,376,23.0,2021
Israel Idonije,1632,ED,CHI,76.6,68.4,237,25.0,2021
Michael Johnson,4993,ED,CIN,76.1,75.7,317,26.0,2021
Rob Jackson,4556,ED,WAS,76.1,55.2,299,26.0,2021
Calais Campbell,4364,DI,ARZ,76.0,75.3,330,28.0,2021
Michael Bennett,5273,ED,TB,75.7,71.0,316,29.0,2021
Nick Fairley,6165,DI,DET,75.5,75.8,192,30.0,2021
Ndamukong Suh,5527,DI,DET,75.3,56.5,346,31.0,2021
Chandler Jones,7027,ED,NE,75.3,69.0,278,31.0,2021
Mario Williams,2946,ED,BUF,74.9,71.4,388,33.0,2021
Alex Carrington,5597,DI,BUF,74.6,60.1,151,34.0,2021
Julius Peppers,1010,ED,CHI,74.5,61.3,264,35.0,2021
Desmond Bryant,5204,DI,LV,74.2,67.9,263,36.0,2021
Trent Cole,2363,ED,PHI,74.1,64.4,301,37.0,2021
Paul Kruger,4980,ED,BLT,74.0,56.2,392,38.0,2021
Justin Bannan,1134,DI,DEN,74.0,76.3,302,38.0,2021
C.J. Mosley,2408,DI,JAX,73.4,69.7,321,40.0,2021
Josh Price-Brent,6072,DI,DAL,73.3,72.2,167,41.0,2021
Antonio Smith,1856,DI,HST,73.2,58.6,280,42.0,2021
Dan Williams,5551,DI,ARZ,72.8,73.2,263,43.0,2021
Jason Babin,1748,ED,JAX,72.6,65.8,243,44.0,2021
Mike Devito,3928,DI,NYJ,72.0,69.0,381,45.0,2021
Henry Melton,5028,DI,CHI,71.8,52.4,204,46.0,2021
Mike Martin,7644,DI,TEN,71.8,65.2,172,46.0,2021
Linval Joseph,5571,DI,NYG,71.6,68.2,359,48.0,2021
Jeremy Mincey,3136,ED,JAX,71.5,71.5,404,49.0,2021
Brooks Reed,6194,ED,HST,71.2,68.6,234,50.0,2021
DeMarcus Ware,2228,ED,DAL,71.1,61.7,352,51.0,2021
Fletcher Cox,7018,DI,PHI,71.0,61.0,205,52.0,2021
Jason Hatcher,3037,DI,DAL,70.7,75.7,301,53.0,2021
Cameron Jordan,6176,ED,NO,70.6,76.4,421,54.0,2021
Jared Allen,1847,ED,MIN,70.3,62.8,386,55.0,2021
Dwight Freeney,1019,ED,IND,70.3,55.7,255,55.0,2021
Bryan Thomas,1029,ED,NYJ,70.1,73.0,216,57.0,2021
Tamba Hali,2965,ED,KC,69.9,58.9,433,58.0,2021
Brodrick Bunkley,2959,DI,NO,69.4,70.5,210,59.0,2021
Justin Tuck,2291,ED,NYG,69.3,64.0,241,60.0,2021
Lamarr Woodley,3662,ED,PIT,69.2,66.4,243,61.0,2021
Osi Umenyiora,1371,ED,NYG,68.9,51.9,208,62.0,2021
Jabaal Sheard,6189,ED,CLV,68.8,74.4,391,63.0,2021
James Harrison,1251,ED,PIT,68.7,76.0,312,64.0,2021
Courtney Upshaw,7039,ED,BLT,68.6,81.3,375,65.0,2021
Earl Mitchell,5605,DI,HST,68.5,69.4,208,66.0,2021
Vance Walker,5134,DI,ATL,68.5,66.9,258,66.0,2021
Kevin Williams,1325,DI,MIN,68.5,64.1,292,66.0,2021
Ryan Kerrigan,6168,ED,WAS,68.0,50.1,384,69.0,2021
Haloti Ngata,2957,DI,BLT,67.7,70.1,439,70.0,2021
Quentin Groves,4366,ED,ARZ,67.4,67.2,242,71.0,2021
Ahtyba Rubin,4504,DI,CLV,67.4,78.6,243,71.0,2021
Ryan Pickett,799,DI,GB,67.3,73.7,373,73.0,2021
Corey Wootton,5633,ED,CHI,67.2,61.2,222,74.0,2021
Elvis Dumervil,3071,ED,DEN,67.0,60.6,384,75.0,2021
Terrance Knighton,4995,DI,JAX,66.9,58.0,321,76.0,2021
Tom Johnson,3378,DI,NO,66.8,57.7,188,77.0,2021
Kyle Love,5806,DI,NE,66.6,68.6,273,78.0,2021
Sammie Lee Hill,5038,DI,DET,66.5,57.5,171,79.0,2021
Vince Wilfork,1742,DI,NE,66.3,66.3,380,80.0,2021
Arthur Jones,5680,DI,BLT,66.2,63.4,356,81.0,2021
Kevin Vickerson,2433,DI,DEN,66.1,68.7,256,82.0,2021
Corey Liuget,6170,DI,LAC,65.5,65.4,266,83.0,2021
Kamerion Wimbley,2958,ED,TEN,65.3,51.9,356,84.0,2021
Rocky Bernard,1139,DI,NYG,65.2,60.3,217,85.0,2021
Justin Smith,776,DI,SF,65.2,74.7,355,85.0,2021
Cam Thomas,5669,DI,LAC,65.1,58.6,186,87.0,2021
Paul Soliai,3724,DI,MIA,65.1,58.7,314,87.0,2021
Derrick Shelby,7400,ED,MIA,65.0,60.4,106,89.0,2021
Marcell Dareus,6155,DI,BUF,65.0,51.4,328,89.0,2021
Ray McDonald,3713,DI,SF,64.9,67.9,404,91.0,2021
Kroy Biermann,4468,ED,ATL,64.9,72.2,255,91.0,2021
Derek Wolfe,7040,ED,DEN,64.7,73.4,388,93.0,2021
Brandon Mebane,3701,DI,SEA,64.5,67.4,323,94.0,2021
Jarret Johnson,1421,ED,LAC,64.0,62.6,247,95.0,2021
Gary Gibson,4232,DI,TB,63.8,68.7,134,96.0,2021
Stephen Paea,6205,DI,CHI,63.6,50.1,219,97.0,2021
Daniel Te'o-Nesheim,5610,ED,TB,63.6,60.2,274,97.0,2021
Chris Long,4316,ED,LA,63.1,46.9,307,99.0,2021
Alan Branch,3649,DI,SEA,63.0,56.1,282,100.0,2021
Calvin Pace,1334,ED,NYJ,62.9,71.3,470,101.0,2021
B.J. Raji,4932,DI,GB,62.9,65.1,330,101.0,2021
Shaun Phillips,1819,ED,LAC,62.9,48.5,321,101.0,2021
Jerry Hughes,5556,ED,IND,62.6,55.8,278,104.0,2021
Barry Cofield,3069,DI,WAS,62.3,51.6,267,105.0,2021
Sam Acho,6255,ED,ARZ,62.0,54.6,448,106.0,2021
Jonathan Babineaux,2276,DI,ATL,61.9,61.6,364,107.0,2021
Michael Brockers,7020,DI,LA,61.9,66.8,263,107.0,2021
Kendall Reyes,7052,DI,LAC,61.8,53.7,184,109.0,2021
Cliff Avril,4406,ED,DET,61.4,50.3,272,110.0,2021
Connor Barwin,4969,ED,HST,61.1,61.9,374,111.0,2021
Frank Alexander,7103,ED,CAR,60.6,48.1,185,112.0,2021
Randy Starks,1792,DI,MIA,60.4,54.7,310,113.0,2021
Frostee Rucker,3036,ED,CLV,60.4,58.6,294,113.0,2021
Billy Winn,7190,DI,CLV,59.8,68.5,250,115.0,2021
Sedrick Ellis,4321,DI,NO,59.8,59.0,293,115.0,2021
Robert Geathers,1838,ED,CIN,59.6,60.2,261,117.0,2021
Robert Mathis,1447,ED,IND,59.5,51.5,280,118.0,2021
Jared Odrick,5553,ED,MIA,59.4,63.0,345,119.0,2021
C.J. Wilson,5753,DI,GB,59.4,64.0,189,119.0,2021
Robert Quinn,6166,ED,LA,59.3,56.1,282,121.0,2021
Ma'ake Kemoeatu,1267,DI,BLT,59.2,60.0,301,122.0,2021
Cullen Jenkins,1637,DI,PHI,59.1,44.3,237,123.0,2021
Derek Landri,3782,DI,PHI,59.1,47.1,251,123.0,2021
Matt Shaughnessy,4994,ED,LV,58.9,71.5,295,125.0,2021
Garrett McIntyre,3598,ED,NYJ,58.4,61.7,206,126.0,2021
Roy Miller,5004,DI,TB,58.3,59.1,221,127.0,2021
Tyson Alualu,5535,DI,JAX,57.9,58.0,397,128.0,2021
Domata Peko Sr.,3068,DI,CIN,57.6,50.7,368,129.0,2021
Marcus Spears,2237,DI,DAL,57.6,58.1,202,129.0,2021
Clinton McDonald,5173,DI,SEA,57.6,60.1,134,129.0,2021
Christo Bilukidi,7178,DI,LV,57.6,60.9,133,129.0,2021
Dwan Edwards,1772,DI,CAR,57.5,52.5,283,133.0,2021
Jarvis Jenkins,6193,DI,WAS,57.2,64.6,235,134.0,2021
Ricardo Mathews,5761,DI,IND,56.9,59.0,241,135.0,2021
Tommy Kelly,2093,DI,LV,56.8,63.5,336,136.0,2021
Peria Jerry,4947,DI,ATL,56.2,63.2,233,137.0,2021
Will Smith,1739,ED,NO,56.0,64.7,387,138.0,2021
John Hughes,7088,DI,CLV,55.6,55.9,223,139.0,2021
Dontari Poe,7017,DI,KC,55.5,57.0,340,140.0,2021
Brett Keisel,1204,DI,PIT,55.4,59.2,336,141.0,2021
Jermelle Cudjo,5814,DI,LA,55.0,58.2,172,142.0,2021
Casey Hampton,789,DI,PIT,55.0,61.7,260,142.0,2021
Kyle Moore,5040,ED,BUF,54.6,48.7,177,144.0,2021
Brandon Deaderick,5769,DI,NE,54.4,56.4,219,145.0,2021
Ropati Pitoitua,4707,DI,KC,53.6,59.0,268,146.0,2021
Sen'Derrick Marks,4985,DI,TEN,53.6,52.1,315,146.0,2021
Stephen Bowen,3242,DI,WAS,53.6,55.3,265,146.0,2021
Ziggy Hood,4955,DI,PIT,53.3,61.4,306,149.0,2021
Cedric Thornton,6607,DI,PHI,53.1,54.0,215,150.0,2021
Erik Walden,4481,ED,GB,53.1,48.2,320,150.0,2021
Red Bryant,4435,ED,SEA,52.9,50.0,322,152.0,2021
Ron Edwards,838,DI,CAR,52.4,48.9,163,153.0,2021
Tyson Jackson,4926,DI,KC,51.9,56.3,306,154.0,2021
Kendall Langford,4380,DI,LA,51.6,51.6,316,155.0,2021
Letroy Guion,4466,DI,MIN,49.5,43.8,239,156.0,2021
Antonio Johnson,3768,DI,IND,47.4,47.9,233,157.0,2021
Isaac Sopoaga,1825,DI,SF,44.9,42.1,230,158.0,2021
Darnell Dockett,1785,DI,ARZ,42.9,34.6,358,159.0,2021
Kyle Vanden Bosch,804,ED,DET,41.8,37.0,256,160.0,2021
Geno Atkins,5643,DI,CIN,93.9,90.8,292,1.0,2020
Von Miller,6154,ED,DEN,93.4,93.1,382,2.0,2020
J.J. Watt,6163,DI,HST,92.3,91.5,346,3.0,2020
Cameron Wake,4907,ED,MIA,90.9,75.3,318,4.0,2020
Muhammad Wilkerson,6182,DI,NYJ,89.6,88.6,434,5.0,2020
Carlos Dunlap,5579,ED,CIN,89.4,79.3,197,6.0,2020
Jason Pierre-Paul,5540,ED,NYG,83.5,80.9,347,7.0,2020
Clay Matthews,4949,ED,GB,83.4,71.9,332,8.0,2020
Aldon Smith,6159,ED,SF,83.2,75.5,440,9.0,2020
Gerald McCoy,5528,DI,TB,82.1,73.6,301,10.0,2020
Justin Houston,6222,ED,KC,81.6,73.6,468,11.0,2020
Anthony Spencer,3642,ED,DAL,80.6,79.4,359,12.0,2020
Fred Evans,3157,DI,MIN,80.1,81.4,171,13.0,2020
Jurrell Casey,6229,DI,TEN,79.2,83.7,361,14.0,2020
Greg Hardy,5698,ED,CAR,79.1,70.1,274,15.0,2020
John Abraham,591,ED,ATL,79.1,60.3,291,15.0,2020
Chris Clemons,1585,ED,SEA,78.9,54.4,310,17.0,2020
Kyle Williams,3079,DI,BUF,78.7,75.2,319,18.0,2020
Ahmad Brooks,2945,ED,SF,78.5,76.2,438,19.0,2020
Charles Johnson,3699,ED,CAR,77.8,54.7,301,20.0,2020
Lamarr Houston,5569,ED,LV,77.8,78.3,361,20.0,2020
Rob Ninkovich,3080,ED,NE,77.3,68.2,389,22.0,2020
Brian Robison,3718,ED,MIN,76.9,63.1,311,23.0,2020
Derrick Morgan,5541,ED,TEN,76.9,63.8,376,23.0,2020
Israel Idonije,1632,ED,CHI,76.6,68.4,237,25.0,2020
Michael Johnson,4993,ED,CIN,76.1,75.7,317,26.0,2020
Rob Jackson,4556,ED,WAS,76.1,55.2,299,26.0,2020
Calais Campbell,4364,DI,ARZ,76.0,75.3,330,28.0,2020
Michael Bennett,5273,ED,TB,75.7,71.0,316,29.0,2020
Nick Fairley,6165,DI,DET,75.5,75.8,192,30.0,2020
Ndamukong Suh,5527,DI,DET,75.3,56.5,346,31.0,2020
Chandler Jones,7027,ED,NE,75.3,69.0,278,31.0,2020
Mario Williams,2946,ED,BUF,74.9,71.4,388,33.0,2020
Alex Carrington,5597,DI,BUF,74.6,60.1,151,34.0,2020
Julius Peppers,1010,ED,CHI,74.5,61.3,264,35.0,2020
Desmond Bryant,5204,DI,LV,74.2,67.9,263,36.0,2020
Trent Cole,2363,ED,PHI,74.1,64.4,301,37.0,2020
Paul Kruger,4980,ED,BLT,74.0,56.2,392,38.0,2020
Justin Bannan,1134,DI,DEN,74.0,76.3,302,38.0,2020
C.J. Mosley,2408,DI,JAX,73.4,69.7,321,40.0,2020
Josh Price-Brent,6072,DI,DAL,73.3,72.2,167,41.0,2020
Antonio Smith,1856,DI,HST,73.2,58.6,280,42.0,2020
Dan Williams,5551,DI,ARZ,72.8,73.2,263,43.0,2020
Jason Babin,1748,ED,JAX,72.6,65.8,243,44.0,2020
Mike Devito,3928,DI,NYJ,72.0,69.0,381,45.0,2020
Henry Melton,5028,DI,CHI,71.8,52.4,204,46.0,2020
Mike Martin,7644,DI,TEN,71.8,65.2,172,46.0,2020
Linval Joseph,5571,DI,NYG,71.6,68.2,359,48.0,2020
Jeremy Mincey,3136,ED,JAX,71.5,71.5,404,49.0,2020
Brooks Reed,6194,ED,HST,71.2,68.6,234,50.0,2020
DeMarcus Ware,2228,ED,DAL,71.1,61.7,352,51.0,2020
Fletcher Cox,7018,DI,PHI,71.0,61.0,205,52.0,2020
Jason Hatcher,3037,DI,DAL,70.7,75.7,301,53.0,2020
Cameron Jordan,6176,ED,NO,70.6,76.4,421,54.0,2020
Jared Allen,1847,ED,MIN,70.3,62.8,386,55.0,2020
Dwight Freeney,1019,ED,IND,70.3,55.7,255,55.0,2020
Bryan Thomas,1029,ED,NYJ,70.1,73.0,216,57.0,2020
Tamba Hali,2965,ED,KC,69.9,58.9,433,58.0,2020
Brodrick Bunkley,2959,DI,NO,69.4,70.5,210,59.0,2020
Justin Tuck,2291,ED,NYG,69.3,64.0,241,60.0,2020
Lamarr Woodley,3662,ED,PIT,69.2,66.4,243,61.0,2020
Osi Umenyiora,1371,ED,NYG,68.9,51.9,208,62.0,2020
Jabaal Sheard,6189,ED,CLV,68.8,74.4,391,63.0,2020
James Harrison,1251,ED,PIT,68.7,76.0,312,64.0,2020
Courtney Upshaw,7039,ED,BLT,68.6,81.3,375,65.0,2020
Earl Mitchell,5605,DI,HST,68.5,69.4,208,66.0,2020
Vance Walker,5134,DI,ATL,68.5,66.9,258,66.0,2020
Kevin Williams,1325,DI,MIN,68.5,64.1,292,66.0,2020
Ryan Kerrigan,6168,ED,WAS,68.0,50.1,384,69.0,2020
Haloti Ngata,2957,DI,BLT,67.7,70.1,439,70.0,2020
Quentin Groves,4366,ED,ARZ,67.4,67.2,242,71.0,2020
Ahtyba Rubin,4504,DI,CLV,67.4,78.6,243,71.0,2020
Ryan Pickett,799,DI,GB,67.3,73.7,373,73.0,2020
Corey Wootton,5633,ED,CHI,67.2,61.2,222,74.0,2020
Elvis Dumervil,3071,ED,DEN,67.0,60.6,384,75.0,2020
Terrance Knighton,4995,DI,JAX,66.9,58.0,321,76.0,2020
Tom Johnson,3378,DI,NO,66.8,57.7,188,77.0,2020
Kyle Love,5806,DI,NE,66.6,68.6,273,78.0,2020
Sammie Lee Hill,5038,DI,DET,66.5,57.5,171,79.0,2020
Vince Wilfork,1742,DI,NE,66.3,66.3,380,80.0,2020
Arthur Jones,5680,DI,BLT,66.2,63.4,356,81.0,2020
Kevin Vickerson,2433,DI,DEN,66.1,68.7,256,82.0,2020
Corey Liuget,6170,DI,LAC,65.5,65.4,266,83.0,2020
Kamerion Wimbley,2958,ED,TEN,65.3,51.9,356,84.0,2020
Rocky Bernard,1139,DI,NYG,65.2,60.3,217,85.0,2020
Justin Smith,776,DI,SF,65.2,74.7,355,85.0,2020
Cam Thomas,5669,DI,LAC,65.1,58.6,186,87.0,2020
Paul Soliai,3724,DI,MIA,65.1,58.7,314,87.0,2020
Derrick Shelby,7400,ED,MIA,65.0,60.4,106,89.0,2020
Marcell Dareus,6155,DI,BUF,65.0,51.4,328,89.0,2020
Ray McDonald,3713,DI,SF,64.9,67.9,404,91.0,2020
Kroy Biermann,4468,ED,ATL,64.9,72.2,255,91.0,2020
Derek Wolfe,7040,ED,DEN,64.7,73.4,388,93.0,2020
Brandon Mebane,3701,DI,SEA,64.5,67.4,323,94.0,2020
Jarret Johnson,1421,ED,LAC,64.0,62.6,247,95.0,2020
Gary Gibson,4232,DI,TB,63.8,68.7,134,96.0,2020
Stephen Paea,6205,DI,CHI,63.6,50.1,219,97.0,2020
Daniel Te'o-Nesheim,5610,ED,TB,63.6,60.2,274,97.0,2020
Chris Long,4316,ED,LA,63.1,46.9,307,99.0,2020
Alan Branch,3649,DI,SEA,63.0,56.1,282,100.0,2020
Calvin Pace,1334,ED,NYJ,62.9,71.3,470,101.0,2020
B.J. Raji,4932,DI,GB,62.9,65.1,330,101.0,2020
Shaun Phillips,1819,ED,LAC,62.9,48.5,321,101.0,2020
Jerry Hughes,5556,ED,IND,62.6,55.8,278,104.0,2020
Barry Cofield,3069,DI,WAS,62.3,51.6,267,105.0,2020
Sam Acho,6255,ED,ARZ,62.0,54.6,448,106.0,2020
Jonathan Babineaux,2276,DI,ATL,61.9,61.6,364,107.0,2020
Michael Brockers,7020,DI,LA,61.9,66.8,263,107.0,2020
Kendall Reyes,7052,DI,LAC,61.8,53.7,184,109.0,2020
Cliff Avril,4406,ED,DET,61.4,50.3,272,110.0,2020
Connor Barwin,4969,ED,HST,61.1,61.9,374,111.0,2020
Frank Alexander,7103,ED,CAR,60.6,48.1,185,112.0,2020
Randy Starks,1792,DI,MIA,60.4,54.7,310,113.0,2020
Frostee Rucker,3036,ED,CLV,60.4,58.6,294,113.0,2020
Billy Winn,7190,DI,CLV,59.8,68.5,250,115.0,2020
Sedrick Ellis,4321,DI,NO,59.8,59.0,293,115.0,2020
Robert Geathers,1838,ED,CIN,59.6,60.2,261,117.0,2020
Robert Mathis,1447,ED,IND,59.5,51.5,280,118.0,2020
Jared Odrick,5553,ED,MIA,59.4,63.0,345,119.0,2020
C.J. Wilson,5753,DI,GB,59.4,64.0,189,119.0,2020
Robert Quinn,6166,ED,LA,59.3,56.1,282,121.0,2020
Ma'ake Kemoeatu,1267,DI,BLT,59.2,60.0,301,122.0,2020
Cullen Jenkins,1637,DI,PHI,59.1,44.3,237,123.0,2020
Derek Landri,3782,DI,PHI,59.1,47.1,251,123.0,2020
Matt Shaughnessy,4994,ED,LV,58.9,71.5,295,125.0,2020
Garrett McIntyre,3598,ED,NYJ,58.4,61.7,206,126.0,2020
Roy Miller,5004,DI,TB,58.3,59.1,221,127.0,2020
Tyson Alualu,5535,DI,JAX,57.9,58.0,397,128.0,2020
Domata Peko Sr.,3068,DI,CIN,57.6,50.7,368,129.0,2020
Marcus Spears,2237,DI,DAL,57.6,58.1,202,129.0,2020
Clinton McDonald,5173,DI,SEA,57.6,60.1,134,129.0,2020
Christo Bilukidi,7178,DI,LV,57.6,60.9,133,129.0,2020
Dwan Edwards,1772,DI,CAR,57.5,52.5,283,133.0,2020
Jarvis Jenkins,6193,DI,WAS,57.2,64.6,235,134.0,2020
Ricardo Mathews,5761,DI,IND,56.9,59.0,241,135.0,2020
Tommy Kelly,2093,DI,LV,56.8,63.5,336,136.0,2020
Peria Jerry,4947,DI,ATL,56.2,63.2,233,137.0,2020
Will Smith,1739,ED,NO,56.0,64.7,387,138.0,2020
John Hughes,7088,DI,CLV,55.6,55.9,223,139.0,2020
Dontari Poe,7017,DI,KC,55.5,57.0,340,140.0,2020
Brett Keisel,1204,DI,PIT,55.4,59.2,336,141.0,2020
Jermelle Cudjo,5814,DI,LA,55.0,58.2,172,142.0,2020
Casey Hampton,789,DI,PIT,55.0,61.7,260,142.0,2020
Kyle Moore,5040,ED,BUF,54.6,48.7,177,144.0,2020
Brandon Deaderick,5769,DI,NE,54.4,56.4,219,145.0,2020
Ropati Pitoitua,4707,DI,KC,53.6,59.0,268,146.0,2020
Sen'Derrick Marks,4985,DI,TEN,53.6,52.1,315,146.0,2020
Stephen Bowen,3242,DI,WAS,53.6,55.3,265,146.0,2020
Ziggy Hood,4955,DI,PIT,53.3,61.4,306,149.0,2020
Cedric Thornton,6607,DI,PHI,53.1,54.0,215,150.0,2020
Erik Walden,4481,ED,GB,53.1,48.2,320,150.0,2020
Red Bryant,4435,ED,SEA,52.9,50.0,322,152.0,2020
Ron Edwards,838,DI,CAR,52.4,48.9,163,153.0,2020
Tyson Jackson,4926,DI,KC,51.9,56.3,306,154.0,2020
Kendall Langford,4380,DI,LA,51.6,51.6,316,155.0,2020
Letroy Guion,4466,DI,MIN,49.5,43.8,239,156.0,2020
Antonio Johnson,3768,DI,IND,47.4,47.9,233,157.0,2020
Isaac Sopoaga,1825,DI,SF,44.9,42.1,230,158.0,2020
Darnell Dockett,1785,DI,ARZ,42.9,34.6,358,159.0,2020
Kyle Vanden Bosch,804,ED,DET,41.8,37.0,256,160.0,2020
Geno Atkins,5643,DI,CIN,93.9,90.8,292,1.0,2019
Von Miller,6154,ED,DEN,93.4,93.1,382,2.0,2019
J.J. Watt,6163,DI,HST,92.3,91.5,346,3.0,2019
Cameron Wake,4907,ED,MIA,90.9,75.3,318,4.0,2019
Muhammad Wilkerson,6182,DI,NYJ,89.6,88.6,434,5.0,2019
Carlos Dunlap,5579,ED,CIN,89.4,79.3,197,6.0,2019
Jason Pierre-Paul,5540,ED,NYG,83.5,80.9,347,7.0,2019
Clay Matthews,4949,ED,GB,83.4,71.9,332,8.0,2019
Aldon Smith,6159,ED,SF,83.2,75.5,440,9.0,2019
Gerald McCoy,5528,DI,TB,82.1,73.6,301,10.0,2019
Justin Houston,6222,ED,KC,81.6,73.6,468,11.0,2019
Anthony Spencer,3642,ED,DAL,80.6,79.4,359,12.0,2019
Fred Evans,3157,DI,MIN,80.1,81.4,171,13.0,2019
Jurrell Casey,6229,DI,TEN,79.2,83.7,361,14.0,2019
Greg Hardy,5698,ED,CAR,79.1,70.1,274,15.0,2019
John Abraham,591,ED,ATL,79.1,60.3,291,15.0,2019
Chris Clemons,1585,ED,SEA,78.9,54.4,310,17.0,2019
Kyle Williams,3079,DI,BUF,78.7,75.2,319,18.0,2019
Ahmad Brooks,2945,ED,SF,78.5,76.2,438,19.0,2019
Charles Johnson,3699,ED,CAR,77.8,54.7,301,20.0,2019
Lamarr Houston,5569,ED,LV,77.8,78.3,361,20.0,2019
Rob Ninkovich,3080,ED,NE,77.3,68.2,389,22.0,2019
Brian Robison,3718,ED,MIN,76.9,63.1,311,23.0,2019
Derrick Morgan,5541,ED,TEN,76.9,63.8,376,23.0,2019
Israel Idonije,1632,ED,CHI,76.6,68.4,237,25.0,2019
Michael Johnson,4993,ED,CIN,76.1,75.7,317,26.0,2019
Rob Jackson,4556,ED,WAS,76.1,55.2,299,26.0,2019
Calais Campbell,4364,DI,ARZ,76.0,75.3,330,28.0,2019
Michael Bennett,5273,ED,TB,75.7,71.0,316,29.0,2019
Nick Fairley,6165,DI,DET,75.5,75.8,192,30.0,2019
Ndamukong Suh,5527,DI,DET,75.3,56.5,346,31.0,2019
Chandler Jones,7027,ED,NE,75.3,69.0,278,31.0,2019
Mario Williams,2946,ED,BUF,74.9,71.4,388,33.0,2019
Alex Carrington,5597,DI,BUF,74.6,60.1,151,34.0,2019
Julius Peppers,1010,ED,CHI,74.5,61.3,264,35.0,2019
Desmond Bryant,5204,DI,LV,74.2,67.9,263,36.0,2019
Trent Cole,2363,ED,PHI,74.1,64.4,301,37.0,2019
Paul Kruger,4980,ED,BLT,74.0,56.2,392,38.0,2019
Justin Bannan,1134,DI,DEN,74.0,76.3,302,38.0,2019
C.J. Mosley,2408,DI,JAX,73.4,69.7,321,40.0,2019
Josh Price-Brent,6072,DI,DAL,73.3,72.2,167,41.0,2019
Antonio Smith,1856,DI,HST,73.2,58.6,280,42.0,2019
Dan Williams,5551,DI,ARZ,72.8,73.2,263,43.0,2019
Jason Babin,1748,ED,JAX,72.6,65.8,243,44.0,2019
Mike Devito,3928,DI,NYJ,72.0,69.0,381,45.0,2019
Henry Melton,5028,DI,CHI,71.8,52.4,204,46.0,2019
Mike Martin,7644,DI,TEN,71.8,65.2,172,46.0,2019
Linval Joseph,5571,DI,NYG,71.6,68.2,359,48.0,2019
Jeremy Mincey,3136,ED,JAX,71.5,71.5,404,49.0,2019
Brooks Reed,6194,ED,HST,71.2,68.6,234,50.0,2019
DeMarcus Ware,2228,ED,DAL,71.1,61.7,352,51.0,2019
Fletcher Cox,7018,DI,PHI,71.0,61.0,205,52.0,2019
Jason Hatcher,3037,DI,DAL,70.7,75.7,301,53.0,2019
Cameron Jordan,6176,ED,NO,70.6,76.4,421,54.0,2019
Jared Allen,1847,ED,MIN,70.3,62.8,386,55.0,2019
Dwight Freeney,1019,ED,IND,70.3,55.7,255,55.0,2019
Bryan Thomas,1029,ED,NYJ,70.1,73.0,216,57.0,2019
Tamba Hali,2965,ED,KC,69.9,58.9,433,58.0,2019
Brodrick Bunkley,2959,DI,NO,69.4,70.5,210,59.0,2019
Justin Tuck,2291,ED,NYG,69.3,64.0,241,60.0,2019
Lamarr Woodley,3662,ED,PIT,69.2,66.4,243,61.0,2019
Osi Umenyiora,1371,ED,NYG,68.9,51.9,208,62.0,2019
Jabaal Sheard,6189,ED,CLV,68.8,74.4,391,63.0,2019
James Harrison,1251,ED,PIT,68.7,76.0,312,64.0,2019
Courtney Upshaw,7039,ED,BLT,68.6,81.3,375,65.0,2019
Earl Mitchell,5605,DI,HST,68.5,69.4,208,66.0,2019
Vance Walker,5134,DI,ATL,68.5,66.9,258,66.0,2019
Kevin Williams,1325,DI,MIN,68.5,64.1,292,66.0,2019
Ryan Kerrigan,6168,ED,WAS,68.0,50.1,384,69.0,2019
Haloti Ngata,2957,DI,BLT,67.7,70.1,439,70.0,2019
Quentin Groves,4366,ED,ARZ,67.4,67.2,242,71.0,2019
Ahtyba Rubin,4504,DI,CLV,67.4,78.6,243,71.0,2019
Ryan Pickett,799,DI,GB,67.3,73.7,373,73.0,2019
Corey Wootton,5633,ED,CHI,67.2,61.2,222,74.0,2019
Elvis Dumervil,3071,ED,DEN,67.0,60.6,384,75.0,2019
Terrance Knighton,4995,DI,JAX,66.9,58.0,321,76.0,2019
Tom Johnson,3378,DI,NO,66.8,57.7,188,77.0,2019
Kyle Love,5806,DI,NE,66.6,68.6,273,78.0,2019
Sammie Lee Hill,5038,DI,DET,66.5,57.5,171,79.0,2019
Vince Wilfork,1742,DI,NE,66.3,66.3,380,80.0,2019
Arthur Jones,5680,DI,BLT,66.2,63.4,356,81.0,2019
Kevin Vickerson,2433,DI,DEN,66.1,68.7,256,82.0,2019
Corey Liuget,6170,DI,LAC,65.5,65.4,266,83.0,2019
Kamerion Wimbley,2958,ED,TEN,65.3,51.9,356,84.0,2019
Rocky Bernard,1139,DI,NYG,65.2,60.3,217,85.0,2019
Justin Smith,776,DI,SF,65.2,74.7,355,85.0,2019
Cam Thomas,5669,DI,LAC,65.1,58.6,186,87.0,2019
Paul Soliai,3724,DI,MIA,65.1,58.7,314,87.0,2019
Derrick Shelby,7400,ED,MIA,65.0,60.4,106,89.0,2019
Marcell Dareus,6155,DI,BUF,65.0,51.4,328,89.0,2019
Ray McDonald,3713,DI,SF,64.9,67.9,404,91.0,2019
Kroy Biermann,4468,ED,ATL,64.9,72.2,255,91.0,2019
Derek Wolfe,7040,ED,DEN,64.7,73.4,388,93.0,2019
Brandon Mebane,3701,DI,SEA,64.5,67.4,323,94.0,2019
Jarret Johnson,1421,ED,LAC,64.0,62.6,247,95.0,2019
Gary Gibson,4232,DI,TB,63.8,68.7,134,96.0,2019
Stephen Paea,6205,DI,CHI,63.6,50.1,219,97.0,2019
Daniel Te'o-Nesheim,5610,ED,TB,63.6,60.2,274,97.0,2019
Chris Long,4316,ED,LA,63.1,46.9,307,99.0,2019
Alan Branch,3649,DI,SEA,63.0,56.1,282,100.0,2019
Calvin Pace,1334,ED,NYJ,62.9,71.3,470,101.0,2019
B.J. Raji,4932,DI,GB,62.9,65.1,330,101.0,2019
Shaun Phillips,1819,ED,LAC,62.9,48.5,321,101.0,2019
Jerry Hughes,5556,ED,IND,62.6,55.8,278,104.0,2019
Barry Cofield,3069,DI,WAS,62.3,51.6,267,105.0,2019
Sam Acho,6255,ED,ARZ,62.0,54.6,448,106.0,2019
Jonathan Babineaux,2276,DI,ATL,61.9,61.6,364,107.0,2019
Michael Brockers,7020,DI,LA,61.9,66.8,263,107.0,2019
Kendall Reyes,7052,DI,LAC,61.8,53.7,184,109.0,2019
Cliff Avril,4406,ED,DET,61.4,50.3,272,110.0,2019
Connor Barwin,4969,ED,HST,61.1,61.9,374,111.0,2019
Frank Alexander,7103,ED,CAR,60.6,48.1,185,112.0,2019
Randy Starks,1792,DI,MIA,60.4,54.7,310,113.0,2019
Frostee Rucker,3036,ED,CLV,60.4,58.6,294,113.0,2019
Billy Winn,7190,DI,CLV,59.8,68.5,250,115.0,2019
Sedrick Ellis,4321,DI,NO,59.8,59.0,293,115.0,2019
Robert Geathers,1838,ED,CIN,59.6,60.2,261,117.0,2019
Robert Mathis,1447,ED,IND,59.5,51.5,280,118.0,2019
Jared Odrick,5553,ED,MIA,59.4,63.0,345,119.0,2019
C.J. Wilson,5753,DI,GB,59.4,64.0,189,119.0,2019
Robert Quinn,6166,ED,LA,59.3,56.1,282,121.0,2019
Ma'ake Kemoeatu,1267,DI,BLT,59.2,60.0,301,122.0,2019
Cullen Jenkins,1637,DI,PHI,59.1,44.3,237,123.0,2019
Derek Landri,3782,DI,PHI,59.1,47.1,251,123.0,2019
Matt Shaughnessy,4994,ED,LV,58.9,71.5,295,125.0,2019
Garrett McIntyre,3598,ED,NYJ,58.4,61.7,206,126.0,2019
Roy Miller,5004,DI,TB,58.3,59.1,221,127.0,2019
Tyson Alualu,5535,DI,JAX,57.9,58.0,397,128.0,2019
Domata Peko Sr.,3068,DI,CIN,57.6,50.7,368,129.0,2019
Marcus Spears,2237,DI,DAL,57.6,58.1,202,129.0,2019
Clinton McDonald,5173,DI,SEA,57.6,60.1,134,129.0,2019
Christo Bilukidi,7178,DI,LV,57.6,60.9,133,129.0,2019
Dwan Edwards,1772,DI,CAR,57.5,52.5,283,133.0,2019
Jarvis Jenkins,6193,DI,WAS,57.2,64.6,235,134.0,2019
Ricardo Mathews,5761,DI,IND,56.9,59.0,241,135.0,2019
Tommy Kelly,2093,DI,LV,56.8,63.5,336,136.0,2019
Peria Jerry,4947,DI,ATL,56.2,63.2,233,137.0,2019
Will Smith,1739,ED,NO,56.0,64.7,387,138.0,2019
John Hughes,7088,DI,CLV,55.6,55.9,223,139.0,2019
Dontari Poe,7017,DI,KC,55.5,57.0,340,140.0,2019
Brett Keisel,1204,DI,PIT,55.4,59.2,336,141.0,2019
Jermelle Cudjo,5814,DI,LA,55.0,58.2,172,142.0,2019
Casey Hampton,789,DI,PIT,55.0,61.7,260,142.0,2019
Kyle Moore,5040,ED,BUF,54.6,48.7,177,144.0,2019
Brandon Deaderick,5769,DI,NE,54.4,56.4,219,145.0,2019
Ropati Pitoitua,4707,DI,KC,53.6,59.0,268,146.0,2019
Sen'Derrick Marks,4985,DI,TEN,53.6,52.1,315,146.0,2019
Stephen Bowen,3242,DI,WAS,53.6,55.3,265,146.0,2019
Ziggy Hood,4955,DI,PIT,53.3,61.4,306,149.0,2019
Cedric Thornton,6607,DI,PHI,53.1,54.0,215,150.0,2019
Erik Walden,4481,ED,GB,53.1,48.2,320,150.0,2019
Red Bryant,4435,ED,SEA,52.9,50.0,322,152.0,2019
Ron Edwards,838,DI,CAR,52.4,48.9,163,153.0,2019
Tyson Jackson,4926,DI,KC,51.9,56.3,306,154.0,2019
Kendall Langford,4380,DI,LA,51.6,51.6,316,155.0,2019
Letroy Guion,4466,DI,MIN,49.5,43.8,239,156.0,2019
Antonio Johnson,3768,DI,IND,47.4,47.9,233,157.0,2019
Isaac Sopoaga,1825,DI,SF,44.9,42.1,230,158.0,2019
Darnell Dockett,1785,DI,ARZ,42.9,34.6,358,159.0,2019
Kyle Vanden Bosch,804,ED,DET,41.8,37.0,256,160.0,2019
Geno Atkins,5643,DI,CIN,93.9,90.8,292,1.0,2018
Von Miller,6154,ED,DEN,93.4,93.1,382,2.0,2018
J.J. Watt,6163,DI,HST,92.3,91.5,346,3.0,2018
Cameron Wake,4907,ED,MIA,90.9,75.3,318,4.0,2018
Muhammad Wilkerson,6182,DI,NYJ,89.6,88.6,434,5.0,2018
Carlos Dunlap,5579,ED,CIN,89.4,79.3,197,6.0,2018
Jason Pierre-Paul,5540,ED,NYG,83.5,80.9,347,7.0,2018
Clay Matthews,4949,ED,GB,83.4,71.9,332,8.0,2018
Aldon Smith,6159,ED,SF,83.2,75.5,440,9.0,2018
Gerald McCoy,5528,DI,TB,82.1,73.6,301,10.0,2018
Justin Houston,6222,ED,KC,81.6,73.6,468,11.0,2018
Anthony Spencer,3642,ED,DAL,80.6,79.4,359,12.0,2018
Fred Evans,3157,DI,MIN,80.1,81.4,171,13.0,2018
Jurrell Casey,6229,DI,TEN,79.2,83.7,361,14.0,2018
Greg Hardy,5698,ED,CAR,79.1,70.1,274,15.0,2018
John Abraham,591,ED,ATL,79.1,60.3,291,15.0,2018
Chris Clemons,1585,ED,SEA,78.9,54.4,310,17.0,2018
Kyle Williams,3079,DI,BUF,78.7,75.2,319,18.0,2018
Ahmad Brooks,2945,ED,SF,78.5,76.2,438,19.0,2018
Charles Johnson,3699,ED,CAR,77.8,54.7,301,20.0,2018
Lamarr Houston,5569,ED,LV,77.8,78.3,361,20.0,2018
Rob Ninkovich,3080,ED,NE,77.3,68.2,389,22.0,2018
Brian Robison,3718,ED,MIN,76.9,63.1,311,23.0,2018
Derrick Morgan,5541,ED,TEN,76.9,63.8,376,23.0,2018
Israel Idonije,1632,ED,CHI,76.6,68.4,237,25.0,2018
Michael Johnson,4993,ED,CIN,76.1,75.7,317,26.0,2018
Rob Jackson,4556,ED,WAS,76.1,55.2,299,26.0,2018
Calais Campbell,4364,DI,ARZ,76.0,75.3,330,28.0,2018
Michael Bennett,5273,ED,TB,75.7,71.0,316,29.0,2018
Nick Fairley,6165,DI,DET,75.5,75.8,192,30.0,2018
Ndamukong Suh,5527,DI,DET,75.3,56.5,346,31.0,2018
Chandler Jones,7027,ED,NE,75.3,69.0,278,31.0,2018
Mario Williams,2946,ED,BUF,74.9,71.4,388,33.0,2018
Alex Carrington,5597,DI,BUF,74.6,60.1,151,34.0,2018
Julius Peppers,1010,ED,CHI,74.5,61.3,264,35.0,2018
Desmond Bryant,5204,DI,LV,74.2,67.9,263,36.0,2018
Trent Cole,2363,ED,PHI,74.1,64.4,301,37.0,2018
Paul Kruger,4980,ED,BLT,74.0,56.2,392,38.0,2018
Justin Bannan,1134,DI,DEN,74.0,76.3,302,38.0,2018
C.J. Mosley,2408,DI,JAX,73.4,69.7,321,40.0,2018
Josh Price-Brent,6072,DI,DAL,73.3,72.2,167,41.0,2018
Antonio Smith,1856,DI,HST,73.2,58.6,280,42.0,2018
Dan Williams,5551,DI,ARZ,72.8,73.2,263,43.0,2018
Jason Babin,1748,ED,JAX,72.6,65.8,243,44.0,2018
Mike Devito,3928,DI,NYJ,72.0,69.0,381,45.0,2018
Henry Melton,5028,DI,CHI,71.8,52.4,204,46.0,2018
Mike Martin,7644,DI,TEN,71.8,65.2,172,46.0,2018
Linval Joseph,5571,DI,NYG,71.6,68.2,359,48.0,2018
Jeremy Mincey,3136,ED,JAX,71.5,71.5,404,49.0,2018
Brooks Reed,6194,ED,HST,71.2,68.6,234,50.0,2018
DeMarcus Ware,2228,ED,DAL,71.1,61.7,352,51.0,2018
Fletcher Cox,7018,DI,PHI,71.0,61.0,205,52.0,2018
Jason Hatcher,3037,DI,DAL,70.7,75.7,301,53.0,2018
Cameron Jordan,6176,ED,NO,70.6,76.4,421,54.0,2018
Jared Allen,1847,ED,MIN,70.3,62.8,386,55.0,2018
Dwight Freeney,1019,ED,IND,70.3,55.7,255,55.0,2018
Bryan Thomas,1029,ED,NYJ,70.1,73.0,216,57.0,2018
Tamba Hali,2965,ED,KC,69.9,58.9,433,58.0,2018
Brodrick Bunkley,2959,DI,NO,69.4,70.5,210,59.0,2018
Justin Tuck,2291,ED,NYG,69.3,64.0,241,60.0,2018
Lamarr Woodley,3662,ED,PIT,69.2,66.4,243,61.0,2018
Osi Umenyiora,1371,ED,NYG,68.9,51.9,208,62.0,2018
Jabaal Sheard,6189,ED,CLV,68.8,74.4,391,63.0,2018
James Harrison,1251,ED,PIT,68.7,76.0,312,64.0,2018
Courtney Upshaw,7039,ED,BLT,68.6,81.3,375,65.0,2018
Earl Mitchell,5605,DI,HST,68.5,69.4,208,66.0,2018
Vance Walker,5134,DI,ATL,68.5,66.9,258,66.0,2018
Kevin Williams,1325,DI,MIN,68.5,64.1,292,66.0,2018
Ryan Kerrigan,6168,ED,WAS,68.0,50.1,384,69.0,2018
Haloti Ngata,2957,DI,BLT,67.7,70.1,439,70.0,2018
Quentin Groves,4366,ED,ARZ,67.4,67.2,242,71.0,2018
Ahtyba Rubin,4504,DI,CLV,67.4,78.6,243,71.0,2018
Ryan Pickett,799,DI,GB,67.3,73.7,373,73.0,2018
Corey Wootton,5633,ED,CHI,67.2,61.2,222,74.0,2018
Elvis Dumervil,3071,ED,DEN,67.0,60.6,384,75.0,2018
Terrance Knighton,4995,DI,JAX,66.9,58.0,321,76.0,2018
Tom Johnson,3378,DI,NO,66.8,57.7,188,77.0,2018
Kyle Love,5806,DI,NE,66.6,68.6,273,78.0,2018
Sammie Lee Hill,5038,DI,DET,66.5,57.5,171,79.0,2018
Vince Wilfork,1742,DI,NE,66.3,66.3,380,80.0,2018
Arthur Jones,5680,DI,BLT,66.2,63.4,356,81.0,2018
Kevin Vickerson,2433,DI,DEN,66.1,68.7,256,82.0,2018
Corey Liuget,6170,DI,LAC,65.5,65.4,266,83.0,2018
Kamerion Wimbley,2958,ED,TEN,65.3,51.9,356,84.0,2018
Rocky Bernard,1139,DI,NYG,65.2,60.3,217,85.0,2018
Justin Smith,776,DI,SF,65.2,74.7,355,85.0,2018
Cam Thomas,5669,DI,LAC,65.1,58.6,186,87.0,2018
Paul Soliai,3724,DI,MIA,65.1,58.7,314,87.0,2018
Derrick Shelby,7400,ED,MIA,65.0,60.4,106,89.0,2018
Marcell Dareus,6155,DI,BUF,65.0,51.4,328,89.0,2018
Ray McDonald,3713,DI,SF,64.9,67.9,404,91.0,2018
Kroy Biermann,4468,ED,ATL,64.9,72.2,255,91.0,2018
Derek Wolfe,7040,ED,DEN,64.7,73.4,388,93.0,2018
Brandon Mebane,3701,DI,SEA,64.5,67.4,323,94.0,2018
Jarret Johnson,1421,ED,LAC,64.0,62.6,247,95.0,2018
Gary Gibson,4232,DI,TB,63.8,68.7,134,96.0,2018
Stephen Paea,6205,DI,CHI,63.6,50.1,219,97.0,2018
Daniel Te'o-Nesheim,5610,ED,TB,63.6,60.2,274,97.0,2018
Chris Long,4316,ED,LA,63.1,46.9,307,99.0,2018
Alan Branch,3649,DI,SEA,63.0,56.1,282,100.0,2018
Calvin Pace,1334,ED,NYJ,62.9,71.3,470,101.0,2018
B.J. Raji,4932,DI,GB,62.9,65.1,330,101.0,2018
Shaun Phillips,1819,ED,LAC,62.9,48.5,321,101.0,2018
Jerry Hughes,5556,ED,IND,62.6,55.8,278,104.0,2018
Barry Cofield,3069,DI,WAS,62.3,51.6,267,105.0,2018
Sam Acho,6255,ED,ARZ,62.0,54.6,448,106.0,2018
Jonathan Babineaux,2276,DI,ATL,61.9,61.6,364,107.0,2018
Michael Brockers,7020,DI,LA,61.9,66.8,263,107.0,2018
Kendall Reyes,7052,DI,LAC,61.8,53.7,184,109.0,2018
Cliff Avril,4406,ED,DET,61.4,50.3,272,110.0,2018
Connor Barwin,4969,ED,HST,61.1,61.9,374,111.0,2018
Frank Alexander,7103,ED,CAR,60.6,48.1,185,112.0,2018
Randy Starks,1792,DI,MIA,60.4,54.7,310,113.0,2018
Frostee Rucker,3036,ED,CLV,60.4,58.6,294,113.0,2018
Billy Winn,7190,DI,CLV,59.8,68.5,250,115.0,2018
Sedrick Ellis,4321,DI,NO,59.8,59.0,293,115.0,2018
Robert Geathers,1838,ED,CIN,59.6,60.2,261,117.0,2018
Robert Mathis,1447,ED,IND,59.5,51.5,280,118.0,2018
Jared Odrick,5553,ED,MIA,59.4,63.0,345,119.0,2018
C.J. Wilson,5753,DI,GB,59.4,64.0,189,119.0,2018
Robert Quinn,6166,ED,LA,59.3,56.1,282,121.0,2018
Ma'ake Kemoeatu,1267,DI,BLT,59.2,60.0,301,122.0,2018
Cullen Jenkins,1637,DI,PHI,59.1,44.3,237,123.0,2018
Derek Landri,3782,DI,PHI,59.1,47.1,251,123.0,2018
Matt Shaughnessy,4994,ED,LV,58.9,71.5,295,125.0,2018
Garrett McIntyre,3598,ED,NYJ,58.4,61.7,206,126.0,2018
Roy Miller,5004,DI,TB,58.3,59.1,221,127.0,2018
Tyson Alualu,5535,DI,JAX,57.9,58.0,397,128.0,2018
Domata Peko Sr.,3068,DI,CIN,57.6,50.7,368,129.0,2018
Marcus Spears,2237,DI,DAL,57.6,58.1,202,129.0,2018
Clinton McDonald,5173,DI,SEA,57.6,60.1,134,129.0,2018
Christo Bilukidi,7178,DI,LV,57.6,60.9,133,129.0,2018
Dwan Edwards,1772,DI,CAR,57.5,52.5,283,133.0,2018
Jarvis Jenkins,6193,DI,WAS,57.2,64.6,235,134.0,2018
Ricardo Mathews,5761,DI,IND,56.9,59.0,241,135.0,2018
Tommy Kelly,2093,DI,LV,56.8,63.5,336,136.0,2018
Peria Jerry,4947,DI,ATL,56.2,63.2,233,137.0,2018
Will Smith,1739,ED,NO,56.0,64.7,387,138.0,2018
John Hughes,7088,DI,CLV,55.6,55.9,223,139.0,2018
Dontari Poe,7017,DI,KC,55.5,57.0,340,140.0,2018
Brett Keisel,1204,DI,PIT,55.4,59.2,336,141.0,2018
Jermelle Cudjo,5814,DI,LA,55.0,58.2,172,142.0,2018
Casey Hampton,789,DI,PIT,55.0,61.7,260,142.0,2018
Kyle Moore,5040,ED,BUF,54.6,48.7,177,144.0,2018
Brandon Deaderick,5769,DI,NE,54.4,56.4,219,145.0,2018
Ropati Pitoitua,4707,DI,KC,53.6,59.0,268,146.0,2018
Sen'Derrick Marks,4985,DI,TEN,53.6,52.1,315,146.0,2018
Stephen Bowen,3242,DI,WAS,53.6,55.3,265,146.0,2018
Ziggy Hood,4955,DI,PIT,53.3,61.4,306,149.0,2018
Cedric Thornton,6607,DI,PHI,53.1,54.0,215,150.0,2018
Erik Walden,4481,ED,GB,53.1,48.2,320,150.0,2018
Red Bryant,4435,ED,SEA,52.9,50.0,322,152.0,2018
Ron Edwards,838,DI,CAR,52.4,48.9,163,153.0,2018
Tyson Jackson,4926,DI,KC,51.9,56.3,306,154.0,2018
Kendall Langford,4380,DI,LA,51.6,51.6,316,155.0,2018
Letroy Guion,4466,DI,MIN,49.5,43.8,239,156.0,2018
Antonio Johnson,3768,DI,IND,47.4,47.9,233,157.0,2018
Isaac Sopoaga,1825,DI,SF,44.9,42.1,230,158.0,2018
Darnell Dockett,1785,DI,ARZ,42.9,34.6,358,159.0,2018
Kyle Vanden Bosch,804,ED,DET,41.8,37.0,256,160.0,2018
Geno Atkins,5643,DI,CIN,93.9,90.8,292,1.0,2017
Von Miller,6154,ED,DEN,93.4,93.1,382,2.0,2017
J.J. Watt,6163,DI,HST,92.3,91.5,346,3.0,2017
Cameron Wake,4907,ED,MIA,90.9,75.3,318,4.0,2017
Muhammad Wilkerson,6182,DI,NYJ,89.6,88.6,434,5.0,2017
Carlos Dunlap,5579,ED,CIN,89.4,79.3,197,6.0,2017
Jason Pierre-Paul,5540,ED,NYG,83.5,80.9,347,7.0,2017
Clay Matthews,4949,ED,GB,83.4,71.9,332,8.0,2017
Aldon Smith,6159,ED,SF,83.2,75.5,440,9.0,2017
Gerald McCoy,5528,DI,TB,82.1,73.6,301,10.0,2017
Justin Houston,6222,ED,KC,81.6,73.6,468,11.0,2017
Anthony Spencer,3642,ED,DAL,80.6,79.4,359,12.0,2017
Fred Evans,3157,DI,MIN,80.1,81.4,171,13.0,2017
Jurrell Casey,6229,DI,TEN,79.2,83.7,361,14.0,2017
Greg Hardy,5698,ED,CAR,79.1,70.1,274,15.0,2017
John Abraham,591,ED,ATL,79.1,60.3,291,15.0,2017
Chris Clemons,1585,ED,SEA,78.9,54.4,310,17.0,2017
Kyle Williams,3079,DI,BUF,78.7,75.2,319,18.0,2017
Ahmad Brooks,2945,ED,SF,78.5,76.2,438,19.0,2017
Charles Johnson,3699,ED,CAR,77.8,54.7,301,20.0,2017
Lamarr Houston,5569,ED,LV,77.8,78.3,361,20.0,2017
Rob Ninkovich,3080,ED,NE,77.3,68.2,389,22.0,2017
Brian Robison,3718,ED,MIN,76.9,63.1,311,23.0,2017
Derrick Morgan,5541,ED,TEN,76.9,63.8,376,23.0,2017
Israel Idonije,1632,ED,CHI,76.6,68.4,237,25.0,2017
Michael Johnson,4993,ED,CIN,76.1,75.7,317,26.0,2017
Rob Jackson,4556,ED,WAS,76.1,55.2,299,26.0,2017
Calais Campbell,4364,DI,ARZ,76.0,75.3,330,28.0,2017
Michael Bennett,5273,ED,TB,75.7,71.0,316,29.0,2017
Nick Fairley,6165,DI,DET,75.5,75.8,192,30.0,2017
Ndamukong Suh,5527,DI,DET,75.3,56.5,346,31.0,2017
Chandler Jones,7027,ED,NE,75.3,69.0,278,31.0,2017
Mario Williams,2946,ED,BUF,74.9,71.4,388,33.0,2017
Alex Carrington,5597,DI,BUF,74.6,60.1,151,34.0,2017
Julius Peppers,1010,ED,CHI,74.5,61.3,264,35.0,2017
Desmond Bryant,5204,DI,LV,74.2,67.9,263,36.0,2017
Trent Cole,2363,ED,PHI,74.1,64.4,301,37.0,2017
Paul Kruger,4980,ED,BLT,74.0,56.2,392,38.0,2017
Justin Bannan,1134,DI,DEN,74.0,76.3,302,38.0,2017
C.J. Mosley,2408,DI,JAX,73.4,69.7,321,40.0,2017
Josh Price-Brent,6072,DI,DAL,73.3,72.2,167,41.0,2017
Antonio Smith,1856,DI,HST,73.2,58.6,280,42.0,2017
Dan Williams,5551,DI,ARZ,72.8,73.2,263,43.0,2017
Jason Babin,1748,ED,JAX,72.6,65.8,243,44.0,2017
Mike Devito,3928,DI,NYJ,72.0,69.0,381,45.0,2017
Henry Melton,5028,DI,CHI,71.8,52.4,204,46.0,2017
Mike Martin,7644,DI,TEN,71.8,65.2,172,46.0,2017
Linval Joseph,5571,DI,NYG,71.6,68.2,359,48.0,2017
Jeremy Mincey,3136,ED,JAX,71.5,71.5,404,49.0,2017
Brooks Reed,6194,ED,HST,71.2,68.6,234,50.0,2017
DeMarcus Ware,2228,ED,DAL,71.1,61.7,352,51.0,2017
Fletcher Cox,7018,DI,PHI,71.0,61.0,205,52.0,2017
Jason Hatcher,3037,DI,DAL,70.7,75.7,301,53.0,2017
Cameron Jordan,6176,ED,NO,70.6,76.4,421,54.0,2017
Jared Allen,1847,ED,MIN,70.3,62.8,386,55.0,2017
Dwight Freeney,1019,ED,IND,70.3,55.7,255,55.0,2017
Bryan Thomas,1029,ED,NYJ,70.1,73.0,216,57.0,2017
Tamba Hali,2965,ED,KC,69.9,58.9,433,58.0,2017
Brodrick Bunkley,2959,DI,NO,69.4,70.5,210,59.0,2017
Justin Tuck,2291,ED,NYG,69.3,64.0,241,60.0,2017
Lamarr Woodley,3662,ED,PIT,69.2,66.4,243,61.0,2017
Osi Umenyiora,1371,ED,NYG,68.9,51.9,208,62.0,2017
Jabaal Sheard,6189,ED,CLV,68.8,74.4,391,63.0,2017
James Harrison,1251,ED,PIT,68.7,76.0,312,64.0,2017
Courtney Upshaw,7039,ED,BLT,68.6,81.3,375,65.0,2017
Earl Mitchell,5605,DI,HST,68.5,69.4,208,66.0,2017
Vance Walker,5134,DI,ATL,68.5,66.9,258,66.0,2017
Kevin Williams,1325,DI,MIN,68.5,64.1,292,66.0,2017
Ryan Kerrigan,6168,ED,WAS,68.0,50.1,384,69.0,2017
Haloti Ngata,2957,DI,BLT,67.7,70.1,439,70.0,2017
Quentin Groves,4366,ED,ARZ,67.4,67.2,242,71.0,2017
Ahtyba Rubin,4504,DI,CLV,67.4,78.6,243,71.0,2017
Ryan Pickett,799,DI,GB,67.3,73.7,373,73.0,2017
Corey Wootton,5633,ED,CHI,67.2,61.2,222,74.0,2017
Elvis Dumervil,3071,ED,DEN,67.0,60.6,384,75.0,2017
Terrance Knighton,4995,DI,JAX,66.9,58.0,321,76.0,2017
Tom Johnson,3378,DI,NO,66.8,57.7,188,77.0,2017
Kyle Love,5806,DI,NE,66.6,68.6,273,78.0,2017
Sammie Lee Hill,5038,DI,DET,66.5,57.5,171,79.0,2017
Vince Wilfork,1742,DI,NE,66.3,66.3,380,80.0,2017
Arthur Jones,5680,DI,BLT,66.2,63.4,356,81.0,2017
Kevin Vickerson,2433,DI,DEN,66.1,68.7,256,82.0,2017
Corey Liuget,6170,DI,LAC,65.5,65.4,266,83.0,2017
Kamerion Wimbley,2958,ED,TEN,65.3,51.9,356,84.0,2017
Rocky Bernard,1139,DI,NYG,65.2,60.3,217,85.0,2017
Justin Smith,776,DI,SF,65.2,74.7,355,85.0,2017
Cam Thomas,5669,DI,LAC,65.1,58.6,186,87.0,2017
Paul Soliai,3724,DI,MIA,65.1,58.7,314,87.0,2017
Derrick Shelby,7400,ED,MIA,65.0,60.4,106,89.0,2017
Marcell Dareus,6155,DI,BUF,65.0,51.4,328,89.0,2017
Ray McDonald,3713,DI,SF,64.9,67.9,404,91.0,2017
Kroy Biermann,4468,ED,ATL,64.9,72.2,255,91.0,2017
Derek Wolfe,7040,ED,DEN,64.7,73.4,388,93.0,2017
Brandon Mebane,3701,DI,SEA,64.5,67.4,323,94.0,2017
Jarret Johnson,1421,ED,LAC,64.0,62.6,247,95.0,2017
Gary Gibson,4232,DI,TB,63.8,68.7,134,96.0,2017
Stephen Paea,6205,DI,CHI,63.6,50.1,219,97.0,2017
Daniel Te'o-Nesheim,5610,ED,TB,63.6,60.2,274,97.0,2017
Chris Long,4316,ED,LA,63.1,46.9,307,99.0,2017
Alan Branch,3649,DI,SEA,63.0,56.1,282,100.0,2017
Calvin Pace,1334,ED,NYJ,62.9,71.3,470,101.0,2017
B.J. Raji,4932,DI,GB,62.9,65.1,330,101.0,2017
Shaun Phillips,1819,ED,LAC,62.9,48.5,321,101.0,2017
Jerry Hughes,5556,ED,IND,62.6,55.8,278,104.0,2017
Barry Cofield,3069,DI,WAS,62.3,51.6,267,105.0,2017
Sam Acho,6255,ED,ARZ,62.0,54.6,448,106.0,2017
Jonathan Babineaux,2276,DI,ATL,61.9,61.6,364,107.0,2017
Michael Brockers,7020,DI,LA,61.9,66.8,263,107.0,2017
Kendall Reyes,7052,DI,LAC,61.8,53.7,184,109.0,2017
Cliff Avril,4406,ED,DET,61.4,50.3,272,110.0,2017
Connor Barwin,4969,ED,HST,61.1,61.9,374,111.0,2017
Frank Alexander,7103,ED,CAR,60.6,48.1,185,112.0,2017
Randy Starks,1792,DI,MIA,60.4,54.7,310,113.0,2017
Frostee Rucker,3036,ED,CLV,60.4,58.6,294,113.0,2017
Billy Winn,7190,DI,CLV,59.8,68.5,250,115.0,2017
Sedrick Ellis,4321,DI,NO,59.8,59.0,293,115.0,2017
Robert Geathers,1838,ED,CIN,59.6,60.2,261,117.0,2017
Robert Mathis,1447,ED,IND,59.5,51.5,280,118.0,2017
Jared Odrick,5553,ED,MIA,59.4,63.0,345,119.0,2017
C.J. Wilson,5753,DI,GB,59.4,64.0,189,119.0,2017
Robert Quinn,6166,ED,LA,59.3,56.1,282,121.0,2017
Ma'ake Kemoeatu,1267,DI,BLT,59.2,60.0,301,122.0,2017
Cullen Jenkins,1637,DI,PHI,59.1,44.3,237,123.0,2017
Derek Landri,3782,DI,PHI,59.1,47.1,251,123.0,2017
Matt Shaughnessy,4994,ED,LV,58.9,71.5,295,125.0,2017
Garrett McIntyre,3598,ED,NYJ,58.4,61.7,206,126.0,2017
Roy Miller,5004,DI,TB,58.3,59.1,221,127.0,2017
Tyson Alualu,5535,DI,JAX,57.9,58.0,397,128.0,2017
Domata Peko Sr.,3068,DI,CIN,57.6,50.7,368,129.0,2017
Marcus Spears,2237,DI,DAL,57.6,58.1,202,129.0,2017
Clinton McDonald,5173,DI,SEA,57.6,60.1,134,129.0,2017
Christo Bilukidi,7178,DI,LV,57.6,60.9,133,129.0,2017
Dwan Edwards,1772,DI,CAR,57.5,52.5,283,133.0,2017
Jarvis Jenkins,6193,DI,WAS,57.2,64.6,235,134.0,2017
Ricardo Mathews,5761,DI,IND,56.9,59.0,241,135.0,2017
Tommy Kelly,2093,DI,LV,56.8,63.5,336,136.0,2017
Peria Jerry,4947,DI,ATL,56.2,63.2,233,137.0,2017
Will Smith,1739,ED,NO,56.0,64.7,387,138.0,2017
John Hughes,7088,DI,CLV,55.6,55.9,223,139.0,2017
Dontari Poe,7017,DI,KC,55.5,57.0,340,140.0,2017
Brett Keisel,1204,DI,PIT,55.4,59.2,336,141.0,2017
Jermelle Cudjo,5814,DI,LA,55.0,58.2,172,142.0,2017
Casey Hampton,789,DI,PIT,55.0,61.7,260,142.0,2017
Kyle Moore,5040,ED,BUF,54.6,48.7,177,144.0,2017
Brandon Deaderick,5769,DI,NE,54.4,56.4,219,145.0,2017
Ropati Pitoitua,4707,DI,KC,53.6,59.0,268,146.0,2017
Sen'Derrick Marks,4985,DI,TEN,53.6,52.1,315,146.0,2017
Stephen Bowen,3242,DI,WAS,53.6,55.3,265,146.0,2017
Ziggy Hood,4955,DI,PIT,53.3,61.4,306,149.0,2017
Cedric Thornton,6607,DI,PHI,53.1,54.0,215,150.0,2017
Erik Walden,4481,ED,GB,53.1,48.2,320,150.0,2017
Red Bryant,4435,ED,SEA,52.9,50.0,322,152.0,2017
Ron Edwards,838,DI,CAR,52.4,48.9,163,153.0,2017
Tyson Jackson,4926,DI,KC,51.9,56.3,306,154.0,2017
Kendall Langford,4380,DI,LA,51.6,51.6,316,155.0,2017
Letroy Guion,4466,DI,MIN,49.5,43.8,239,156.0,2017
Antonio Johnson,3768,DI,IND,47.4,47.9,233,157.0,2017
Isaac Sopoaga,1825,DI,SF,44.9,42.1,230,158.0,2017
Darnell Dockett,1785,DI,ARZ,42.9,34.6,358,159.0,2017
Kyle Vanden Bosch,804,ED,DET,41.8,37.0,256,160.0,2017
Geno Atkins,5643,DI,CIN,93.9,90.8,292,1.0,2016
Von Miller,6154,ED,DEN,93.4,93.1,382,2.0,2016
J.J. Watt,6163,DI,HST,92.3,91.5,346,3.0,2016
Cameron Wake,4907,ED,MIA,90.9,75.3,318,4.0,2016
Muhammad Wilkerson,6182,DI,NYJ,89.6,88.6,434,5.0,2016
Carlos Dunlap,5579,ED,CIN,89.4,79.3,197,6.0,2016
Jason Pierre-Paul,5540,ED,NYG,83.5,80.9,347,7.0,2016
Clay Matthews,4949,ED,GB,83.4,71.9,332,8.0,2016
Aldon Smith,6159,ED,SF,83.2,75.5,440,9.0,2016
Gerald McCoy,5528,DI,TB,82.1,73.6,301,10.0,2016
Justin Houston,6222,ED,KC,81.6,73.6,468,11.0,2016
Anthony Spencer,3642,ED,DAL,80.6,79.4,359,12.0,2016
Fred Evans,3157,DI,MIN,80.1,81.4,171,13.0,2016
Jurrell Casey,6229,DI,TEN,79.2,83.7,361,14.0,2016
Greg Hardy,5698,ED,CAR,79.1,70.1,274,15.0,2016
John Abraham,591,ED,ATL,79.1,60.3,291,15.0,2016
Chris Clemons,1585,ED,SEA,78.9,54.4,310,17.0,2016
Kyle Williams,3079,DI,BUF,78.7,75.2,319,18.0,2016
Ahmad Brooks,2945,ED,SF,78.5,76.2,438,19.0,2016
Charles Johnson,3699,ED,CAR,77.8,54.7,301,20.0,2016
Lamarr Houston,5569,ED,LV,77.8,78.3,361,20.0,2016
Rob Ninkovich,3080,ED,NE,77.3,68.2,389,22.0,2016
Brian Robison,3718,ED,MIN,76.9,63.1,311,23.0,2016
Derrick Morgan,5541,ED,TEN,76.9,63.8,376,23.0,2016
Israel Idonije,1632,ED,CHI,76.6,68.4,237,25.0,2016
Michael Johnson,4993,ED,CIN,76.1,75.7,317,26.0,2016
Rob Jackson,4556,ED,WAS,76.1,55.2,299,26.0,2016
Calais Campbell,4364,DI,ARZ,76.0,75.3,330,28.0,2016
Michael Bennett,5273,ED,TB,75.7,71.0,316,29.0,2016
Nick Fairley,6165,DI,DET,75.5,75.8,192,30.0,2016
Ndamukong Suh,5527,DI,DET,75.3,56.5,346,31.0,2016
Chandler Jones,7027,ED,NE,75.3,69.0,278,31.0,2016
Mario Williams,2946,ED,BUF,74.9,71.4,388,33.0,2016
Alex Carrington,5597,DI,BUF,74.6,60.1,151,34.0,2016
Julius Peppers,1010,ED,CHI,74.5,61.3,264,35.0,2016
Desmond Bryant,5204,DI,LV,74.2,67.9,263,36.0,2016
Trent Cole,2363,ED,PHI,74.1,64.4,301,37.0,2016
Paul Kruger,4980,ED,BLT,74.0,56.2,392,38.0,2016
Justin Bannan,1134,DI,DEN,74.0,76.3,302,38.0,2016
C.J. Mosley,2408,DI,JAX,73.4,69.7,321,40.0,2016
Josh Price-Brent,6072,DI,DAL,73.3,72.2,167,41.0,2016
Antonio Smith,1856,DI,HST,73.2,58.6,280,42.0,2016
Dan Williams,5551,DI,ARZ,72.8,73.2,263,43.0,2016
Jason Babin,1748,ED,JAX,72.6,65.8,243,44.0,2016
Mike Devito,3928,DI,NYJ,72.0,69.0,381,45.0,2016
Henry Melton,5028,DI,CHI,71.8,52.4,204,46.0,2016
Mike Martin,7644,DI,TEN,71.8,65.2,172,46.0,2016
Linval Joseph,5571,DI,NYG,71.6,68.2,359,48.0,2016
Jeremy Mincey,3136,ED,JAX,71.5,71.5,404,49.0,2016
Brooks Reed,6194,ED,HST,71.2,68.6,234,50.0,2016
DeMarcus Ware,2228,ED,DAL,71.1,61.7,352,51.0,2016
Fletcher Cox,7018,DI,PHI,71.0,61.0,205,52.0,2016
Jason Hatcher,3037,DI,DAL,70.7,75.7,301,53.0,2016
Cameron Jordan,6176,ED,NO,70.6,76.4,421,54.0,2016
Jared Allen,1847,ED,MIN,70.3,62.8,386,55.0,2016
Dwight Freeney,1019,ED,IND,70.3,55.7,255,55.0,2016
Bryan Thomas,1029,ED,NYJ,70.1,73.0,216,57.0,2016
Tamba Hali,2965,ED,KC,69.9,58.9,433,58.0,2016
Brodrick Bunkley,2959,DI,NO,69.4,70.5,210,59.0,2016
Justin Tuck,2291,ED,NYG,69.3,64.0,241,60.0,2016
Lamarr Woodley,3662,ED,PIT,69.2,66.4,243,61.0,2016
Osi Umenyiora,1371,ED,NYG,68.9,51.9,208,62.0,2016
Jabaal Sheard,6189,ED,CLV,68.8,74.4,391,63.0,2016
James Harrison,1251,ED,PIT,68.7,76.0,312,64.0,2016
Courtney Upshaw,7039,ED,BLT,68.6,81.3,375,65.0,2016
Earl Mitchell,5605,DI,HST,68.5,69.4,208,66.0,2016
Vance Walker,5134,DI,ATL,68.5,66.9,258,66.0,2016
Kevin Williams,1325,DI,MIN,68.5,64.1,292,66.0,2016
Ryan Kerrigan,6168,ED,WAS,68.0,50.1,384,69.0,2016
Haloti Ngata,2957,DI,BLT,67.7,70.1,439,70.0,2016
Quentin Groves,4366,ED,ARZ,67.4,67.2,242,71.0,2016
Ahtyba Rubin,4504,DI,CLV,67.4,78.6,243,71.0,2016
Ryan Pickett,799,DI,GB,67.3,73.7,373,73.0,2016
Corey Wootton,5633,ED,CHI,67.2,61.2,222,74.0,2016
Elvis Dumervil,3071,ED,DEN,67.0,60.6,384,75.0,2016
Terrance Knighton,4995,DI,JAX,66.9,58.0,321,76.0,2016
Tom Johnson,3378,DI,NO,66.8,57.7,188,77.0,2016
Kyle Love,5806,DI,NE,66.6,68.6,273,78.0,2016
Sammie Lee Hill,5038,DI,DET,66.5,57.5,171,79.0,2016
Vince Wilfork,1742,DI,NE,66.3,66.3,380,80.0,2016
Arthur Jones,5680,DI,BLT,66.2,63.4,356,81.0,2016
Kevin Vickerson,2433,DI,DEN,66.1,68.7,256,82.0,2016
Corey Liuget,6170,DI,LAC,65.5,65.4,266,83.0,2016
Kamerion Wimbley,2958,ED,TEN,65.3,51.9,356,84.0,2016
Rocky Bernard,1139,DI,NYG,65.2,60.3,217,85.0,2016
Justin Smith,776,DI,SF,65.2,74.7,355,85.0,2016
Cam Thomas,5669,DI,LAC,65.1,58.6,186,87.0,2016
Paul Soliai,3724,DI,MIA,65.1,58.7,314,87.0,2016
Derrick Shelby,7400,ED,MIA,65.0,60.4,106,89.0,2016
Marcell Dareus,6155,DI,BUF,65.0,51.4,328,89.0,2016
Ray McDonald,3713,DI,SF,64.9,67.9,404,91.0,2016
Kroy Biermann,4468,ED,ATL,64.9,72.2,255,91.0,2016
Derek Wolfe,7040,ED,DEN,64.7,73.4,388,93.0,2016
Brandon Mebane,3701,DI,SEA,64.5,67.4,323,94.0,2016
Jarret Johnson,1421,ED,LAC,64.0,62.6,247,95.0,2016
Gary Gibson,4232,DI,TB,63.8,68.7,134,96.0,2016
Stephen Paea,6205,DI,CHI,63.6,50.1,219,97.0,2016
Daniel Te'o-Nesheim,5610,ED,TB,63.6,60.2,274,97.0,2016
Chris Long,4316,ED,LA,63.1,46.9,307,99.0,2016
Alan Branch,3649,DI,SEA,63.0,56.1,282,100.0,2016
Calvin Pace,1334,ED,NYJ,62.9,71.3,470,101.0,2016
B.J. Raji,4932,DI,GB,62.9,65.1,330,101.0,2016
Shaun Phillips,1819,ED,LAC,62.9,48.5,321,101.0,2016
Jerry Hughes,5556,ED,IND,62.6,55.8,278,104.0,2016
Barry Cofield,3069,DI,WAS,62.3,51.6,267,105.0,2016
Sam Acho,6255,ED,ARZ,62.0,54.6,448,106.0,2016
Jonathan Babineaux,2276,DI,ATL,61.9,61.6,364,107.0,2016
Michael Brockers,7020,DI,LA,61.9,66.8,263,107.0,2016
Kendall Reyes,7052,DI,LAC,61.8,53.7,184,109.0,2016
Cliff Avril,4406,ED,DET,61.4,50.3,272,110.0,2016
Connor Barwin,4969,ED,HST,61.1,61.9,374,111.0,2016
Frank Alexander,7103,ED,CAR,60.6,48.1,185,112.0,2016
Randy Starks,1792,DI,MIA,60.4,54.7,310,113.0,2016
Frostee Rucker,3036,ED,CLV,60.4,58.6,294,113.0,2016
Billy Winn,7190,DI,CLV,59.8,68.5,250,115.0,2016
Sedrick Ellis,4321,DI,NO,59.8,59.0,293,115.0,2016
Robert Geathers,1838,ED,CIN,59.6,60.2,261,117.0,2016
Robert Mathis,1447,ED,IND,59.5,51.5,280,118.0,2016
Jared Odrick,5553,ED,MIA,59.4,63.0,345,119.0,2016
C.J. Wilson,5753,DI,GB,59.4,64.0,189,119.0,2016
Robert Quinn,6166,ED,LA,59.3,56.1,282,121.0,2016
Ma'ake Kemoeatu,1267,DI,BLT,59.2,60.0,301,122.0,2016
Cullen Jenkins,1637,DI,PHI,59.1,44.3,237,123.0,2016
Derek Landri,3782,DI,PHI,59.1,47.1,251,123.0,2016
Matt Shaughnessy,4994,ED,LV,58.9,71.5,295,125.0,2016
Garrett McIntyre,3598,ED,NYJ,58.4,61.7,206,126.0,2016
Roy Miller,5004,DI,TB,58.3,59.1,221,127.0,2016
Tyson Alualu,5535,DI,JAX,57.9,58.0,397,128.0,2016
Domata Peko Sr.,3068,DI,CIN,57.6,50.7,368,129.0,2016
Marcus Spears,2237,DI,DAL,57.6,58.1,202,129.0,2016
Clinton McDonald,5173,DI,SEA,57.6,60.1,134,129.0,2016
Christo Bilukidi,7178,DI,LV,57.6,60.9,133,129.0,2016
Dwan Edwards,1772,DI,CAR,57.5,52.5,283,133.0,2016
Jarvis Jenkins,6193,DI,WAS,57.2,64.6,235,134.0,2016
Ricardo Mathews,5761,DI,IND,56.9,59.0,241,135.0,2016
Tommy Kelly,2093,DI,LV,56.8,63.5,336,136.0,2016
Peria Jerry,4947,DI,ATL,56.2,63.2,233,137.0,2016
Will Smith,1739,ED,NO,56.0,64.7,387,138.0,2016
John Hughes,7088,DI,CLV,55.6,55.9,223,139.0,2016
Dontari Poe,7017,DI,KC,55.5,57.0,340,140.0,2016
Brett Keisel,1204,DI,PIT,55.4,59.2,336,141.0,2016
Jermelle Cudjo,5814,DI,LA,55.0,58.2,172,142.0,2016
Casey Hampton,789,DI,PIT,55.0,61.7,260,142.0,2016
Kyle Moore,5040,ED,BUF,54.6,48.7,177,144.0,2016
Brandon Deaderick,5769,DI,NE,54.4,56.4,219,145.0,2016
Ropati Pitoitua,4707,DI,KC,53.6,59.0,268,146.0,2016
Sen'Derrick Marks,4985,DI,TEN,53.6,52.1,315,146.0,2016
Stephen Bowen,3242,DI,WAS,53.6,55.3,265,146.0,2016
Ziggy Hood,4955,DI,PIT,53.3,61.4,306,149.0,2016
Cedric Thornton,6607,DI,PHI,53.1,54.0,215,150.0,2016
Erik Walden,4481,ED,GB,53.1,48.2,320,150.0,2016
Red Bryant,4435,ED,SEA,52.9,50.0,322,152.0,2016
Ron Edwards,838,DI,CAR,52.4,48.9,163,153.0,2016
Tyson Jackson,4926,DI,KC,51.9,56.3,306,154.0,2016
Kendall Langford,4380,DI,LA,51.6,51.6,316,155.0,2016
Letroy Guion,4466,DI,MIN,49.5,43.8,239,156.0,2016
Antonio Johnson,3768,DI,IND,47.4,47.9,233,157.0,2016
Isaac Sopoaga,1825,DI,SF,44.9,42.1,230,158.0,2016
Darnell Dockett,1785,DI,ARZ,42.9,34.6,358,159.0,2016
Kyle Vanden Bosch,804,ED,DET,41.8,37.0,256,160.0,2016
Geno Atkins,5643,DI,CIN,93.9,90.8,292,1.0,2015
Von Miller,6154,ED,DEN,93.4,93.1,382,2.0,2015
J.J. Watt,6163,DI,HST,92.3,91.5,346,3.0,2015
Cameron Wake,4907,ED,MIA,90.9,75.3,318,4.0,2015
Muhammad Wilkerson,6182,DI,NYJ,89.6,88.6,434,5.0,2015
Carlos Dunlap,5579,ED,CIN,89.4,79.3,197,6.0,2015
Jason Pierre-Paul,5540,ED,NYG,83.5,80.9,347,7.0,2015
Clay Matthews,4949,ED,GB,83.4,71.9,332,8.0,2015
Aldon Smith,6159,ED,SF,83.2,75.5,440,9.0,2015
Gerald McCoy,5528,DI,TB,82.1,73.6,301,10.0,2015
Justin Houston,6222,ED,KC,81.6,73.6,468,11.0,2015
Anthony Spencer,3642,ED,DAL,80.6,79.4,359,12.0,2015
Fred Evans,3157,DI,MIN,80.1,81.4,171,13.0,2015
Jurrell Casey,6229,DI,TEN,79.2,83.7,361,14.0,2015
Greg Hardy,5698,ED,CAR,79.1,70.1,274,15.0,2015
John Abraham,591,ED,ATL,79.1,60.3,291,15.0,2015
Chris Clemons,1585,ED,SEA,78.9,54.4,310,17.0,2015
Kyle Williams,3079,DI,BUF,78.7,75.2,319,18.0,2015
Ahmad Brooks,2945,ED,SF,78.5,76.2,438,19.0,2015
Charles Johnson,3699,ED,CAR,77.8,54.7,301,20.0,2015
Lamarr Houston,5569,ED,LV,77.8,78.3,361,20.0,2015
Rob Ninkovich,3080,ED,NE,77.3,68.2,389,22.0,2015
Brian Robison,3718,ED,MIN,76.9,63.1,311,23.0,2015
Derrick Morgan,5541,ED,TEN,76.9,63.8,376,23.0,2015
Israel Idonije,1632,ED,CHI,76.6,68.4,237,25.0,2015
Michael Johnson,4993,ED,CIN,76.1,75.7,317,26.0,2015
Rob Jackson,4556,ED,WAS,76.1,55.2,299,26.0,2015
Calais Campbell,4364,DI,ARZ,76.0,75.3,330,28.0,2015
Michael Bennett,5273,ED,TB,75.7,71.0,316,29.0,2015
Nick Fairley,6165,DI,DET,75.5,75.8,192,30.0,2015
Ndamukong Suh,5527,DI,DET,75.3,56.5,346,31.0,2015
Chandler Jones,7027,ED,NE,75.3,69.0,278,31.0,2015
Mario Williams,2946,ED,BUF,74.9,71.4,388,33.0,2015
Alex Carrington,5597,DI,BUF,74.6,60.1,151,34.0,2015
Julius Peppers,1010,ED,CHI,74.5,61.3,264,35.0,2015
Desmond Bryant,5204,DI,LV,74.2,67.9,263,36.0,2015
Trent Cole,2363,ED,PHI,74.1,64.4,301,37.0,2015
Paul Kruger,4980,ED,BLT,74.0,56.2,392,38.0,2015
Justin Bannan,1134,DI,DEN,74.0,76.3,302,38.0,2015
C.J. Mosley,2408,DI,JAX,73.4,69.7,321,40.0,2015
Josh Price-Brent,6072,DI,DAL,73.3,72.2,167,41.0,2015
Antonio Smith,1856,DI,HST,73.2,58.6,280,42.0,2015
Dan Williams,5551,DI,ARZ,72.8,73.2,263,43.0,2015
Jason Babin,1748,ED,JAX,72.6,65.8,243,44.0,2015
Mike Devito,3928,DI,NYJ,72.0,69.0,381,45.0,2015
Henry Melton,5028,DI,CHI,71.8,52.4,204,46.0,2015
Mike Martin,7644,DI,TEN,71.8,65.2,172,46.0,2015
Linval Joseph,5571,DI,NYG,71.6,68.2,359,48.0,2015
Jeremy Mincey,3136,ED,JAX,71.5,71.5,404,49.0,2015
Brooks Reed,6194,ED,HST,71.2,68.6,234,50.0,2015
DeMarcus Ware,2228,ED,DAL,71.1,61.7,352,51.0,2015
Fletcher Cox,7018,DI,PHI,71.0,61.0,205,52.0,2015
Jason Hatcher,3037,DI,DAL,70.7,75.7,301,53.0,2015
Cameron Jordan,6176,ED,NO,70.6,76.4,421,54.0,2015
Jared Allen,1847,ED,MIN,70.3,62.8,386,55.0,2015
Dwight Freeney,1019,ED,IND,70.3,55.7,255,55.0,2015
Bryan Thomas,1029,ED,NYJ,70.1,73.0,216,57.0,2015
Tamba Hali,2965,ED,KC,69.9,58.9,433,58.0,2015
Brodrick Bunkley,2959,DI,NO,69.4,70.5,210,59.0,2015
Justin Tuck,2291,ED,NYG,69.3,64.0,241,60.0,2015
Lamarr Woodley,3662,ED,PIT,69.2,66.4,243,61.0,2015
Osi Umenyiora,1371,ED,NYG,68.9,51.9,208,62.0,2015
Jabaal Sheard,6189,ED,CLV,68.8,74.4,391,63.0,2015
James Harrison,1251,ED,PIT,68.7,76.0,312,64.0,2015
Courtney Upshaw,7039,ED,BLT,68.6,81.3,375,65.0,2015
Earl Mitchell,5605,DI,HST,68.5,69.4,208,66.0,2015
Vance Walker,5134,DI,ATL,68.5,66.9,258,66.0,2015
Kevin Williams,1325,DI,MIN,68.5,64.1,292,66.0,2015
Ryan Kerrigan,6168,ED,WAS,68.0,50.1,384,69.0,2015
Haloti Ngata,2957,DI,BLT,67.7,70.1,439,70.0,2015
Quentin Groves,4366,ED,ARZ,67.4,67.2,242,71.0,2015
Ahtyba Rubin,4504,DI,CLV,67.4,78.6,243,71.0,2015
Ryan Pickett,799,DI,GB,67.3,73.7,373,73.0,2015
Corey Wootton,5633,ED,CHI,67.2,61.2,222,74.0,2015
Elvis Dumervil,3071,ED,DEN,67.0,60.6,384,75.0,2015
Terrance Knighton,4995,DI,JAX,66.9,58.0,321,76.0,2015
Tom Johnson,3378,DI,NO,66.8,57.7,188,77.0,2015
Kyle Love,5806,DI,NE,66.6,68.6,273,78.0,2015
Sammie Lee Hill,5038,DI,DET,66.5,57.5,171,79.0,2015
Vince Wilfork,1742,DI,NE,66.3,66.3,380,80.0,2015
Arthur Jones,5680,DI,BLT,66.2,63.4,356,81.0,2015
Kevin Vickerson,2433,DI,DEN,66.1,68.7,256,82.0,2015
Corey Liuget,6170,DI,LAC,65.5,65.4,266,83.0,2015
Kamerion Wimbley,2958,ED,TEN,65.3,51.9,356,84.0,2015
Rocky Bernard,1139,DI,NYG,65.2,60.3,217,85.0,2015
Justin Smith,776,DI,SF,65.2,74.7,355,85.0,2015
Cam Thomas,5669,DI,LAC,65.1,58.6,186,87.0,2015
Paul Soliai,3724,DI,MIA,65.1,58.7,314,87.0,2015
Derrick Shelby,7400,ED,MIA,65.0,60.4,106,89.0,2015
Marcell Dareus,6155,DI,BUF,65.0,51.4,328,89.0,2015
Ray McDonald,3713,DI,SF,64.9,67.9,404,91.0,2015
Kroy Biermann,4468,ED,ATL,64.9,72.2,255,91.0,2015
Derek Wolfe,7040,ED,DEN,64.7,73.4,388,93.0,2015
Brandon Mebane,3701,DI,SEA,64.5,67.4,323,94.0,2015
Jarret Johnson,1421,ED,LAC,64.0,62.6,247,95.0,2015
Gary Gibson,4232,DI,TB,63.8,68.7,134,96.0,2015
Stephen Paea,6205,DI,CHI,63.6,50.1,219,97.0,2015
Daniel Te'o-Nesheim,5610,ED,TB,63.6,60.2,274,97.0,2015
Chris Long,4316,ED,LA,63.1,46.9,307,99.0,2015
Alan Branch,3649,DI,SEA,63.0,56.1,282,100.0,2015
Calvin Pace,1334,ED,NYJ,62.9,71.3,470,101.0,2015
B.J. Raji,4932,DI,GB,62.9,65.1,330,101.0,2015
Shaun Phillips,1819,ED,LAC,62.9,48.5,321,101.0,2015
Jerry Hughes,5556,ED,IND,62.6,55.8,278,104.0,2015
Barry Cofield,3069,DI,WAS,62.3,51.6,267,105.0,2015
Sam Acho,6255,ED,ARZ,62.0,54.6,448,106.0,2015
Jonathan Babineaux,2276,DI,ATL,61.9,61.6,364,107.0,2015
Michael Brockers,7020,DI,LA,61.9,66.8,263,107.0,2015
Kendall Reyes,7052,DI,LAC,61.8,53.7,184,109.0,2015
Cliff Avril,4406,ED,DET,61.4,50.3,272,110.0,2015
Connor Barwin,4969,ED,HST,61.1,61.9,374,111.0,2015
Frank Alexander,7103,ED,CAR,60.6,48.1,185,112.0,2015
Randy Starks,1792,DI,MIA,60.4,54.7,310,113.0,2015
Frostee Rucker,3036,ED,CLV,60.4,58.6,294,113.0,2015
Billy Winn,7190,DI,CLV,59.8,68.5,250,115.0,2015
Sedrick Ellis,4321,DI,NO,59.8,59.0,293,115.0,2015
Robert Geathers,1838,ED,CIN,59.6,60.2,261,117.0,2015
Robert Mathis,1447,ED,IND,59.5,51.5,280,118.0,2015
Jared Odrick,5553,ED,MIA,59.4,63.0,345,119.0,2015
C.J. Wilson,5753,DI,GB,59.4,64.0,189,119.0,2015
Robert Quinn,6166,ED,LA,59.3,56.1,282,121.0,2015
Ma'ake Kemoeatu,1267,DI,BLT,59.2,60.0,301,122.0,2015
Cullen Jenkins,1637,DI,PHI,59.1,44.3,237,123.0,2015
Derek Landri,3782,DI,PHI,59.1,47.1,251,123.0,2015
Matt Shaughnessy,4994,ED,LV,58.9,71.5,295,125.0,2015
Garrett McIntyre,3598,ED,NYJ,58.4,61.7,206,126.0,2015
Roy Miller,5004,DI,TB,58.3,59.1,221,127.0,2015
Tyson Alualu,5535,DI,JAX,57.9,58.0,397,128.0,2015
Domata Peko Sr.,3068,DI,CIN,57.6,50.7,368,129.0,2015
Marcus Spears,2237,DI,DAL,57.6,58.1,202,129.0,2015
Clinton McDonald,5173,DI,SEA,57.6,60.1,134,129.0,2015
Christo Bilukidi,7178,DI,LV,57.6,60.9,133,129.0,2015
Dwan Edwards,1772,DI,CAR,57.5,52.5,283,133.0,2015
Jarvis Jenkins,6193,DI,WAS,57.2,64.6,235,134.0,2015
Ricardo Mathews,5761,DI,IND,56.9,59.0,241,135.0,2015
Tommy Kelly,2093,DI,LV,56.8,63.5,336,136.0,2015
Peria Jerry,4947,DI,ATL,56.2,63.2,233,137.0,2015
Will Smith,1739,ED,NO,56.0,64.7,387,138.0,2015
John Hughes,7088,DI,CLV,55.6,55.9,223,139.0,2015
Dontari Poe,7017,DI,KC,55.5,57.0,340,140.0,2015
Brett Keisel,1204,DI,PIT,55.4,59.2,336,141.0,2015
Jermelle Cudjo,5814,DI,LA,55.0,58.2,172,142.0,2015
Casey Hampton,789,DI,PIT,55.0,61.7,260,142.0,2015
Kyle Moore,5040,ED,BUF,54.6,48.7,177,144.0,2015
Brandon Deaderick,5769,DI,NE,54.4,56.4,219,145.0,2015
Ropati Pitoitua,4707,DI,KC,53.6,59.0,268,146.0,2015
Sen'Derrick Marks,4985,DI,TEN,53.6,52.1,315,146.0,2015
Stephen Bowen,3242,DI,WAS,53.6,55.3,265,146.0,2015
Ziggy Hood,4955,DI,PIT,53.3,61.4,306,149.0,2015
Cedric Thornton,6607,DI,PHI,53.1,54.0,215,150.0,2015
Erik Walden,4481,ED,GB,53.1,48.2,320,150.0,2015
Red Bryant,4435,ED,SEA,52.9,50.0,322,152.0,2015
Ron Edwards,838,DI,CAR,52.4,48.9,163,153.0,2015
Tyson Jackson,4926,DI,KC,51.9,56.3,306,154.0,2015
Kendall Langford,4380,DI,LA,51.6,51.6,316,155.0,2015
Letroy Guion,4466,DI,MIN,49.5,43.8,239,156.0,2015
Antonio Johnson,3768,DI,IND,47.4,47.9,233,157.0,2015
Isaac Sopoaga,1825,DI,SF,44.9,42.1,230,158.0,2015
Darnell Dockett,1785,DI,ARZ,42.9,34.6,358,159.0,2015
Kyle Vanden Bosch,804,ED,DET,41.8,37.0,256,160.0,2015
Geno Atkins,5643,DI,CIN,93.9,90.8,292,1.0,2014
Von Miller,6154,ED,DEN,93.4,93.1,382,2.0,2014
J.J. Watt,6163,DI,HST,92.3,91.5,346,3.0,2014
Cameron Wake,4907,ED,MIA,90.9,75.3,318,4.0,2014
Muhammad Wilkerson,6182,DI,NYJ,89.6,88.6,434,5.0,2014
Carlos Dunlap,5579,ED,CIN,89.4,79.3,197,6.0,2014
Jason Pierre-Paul,5540,ED,NYG,83.5,80.9,347,7.0,2014
Clay Matthews,4949,ED,GB,83.4,71.9,332,8.0,2014
Aldon Smith,6159,ED,SF,83.2,75.5,440,9.0,2014
Gerald McCoy,5528,DI,TB,82.1,73.6,301,10.0,2014
Justin Houston,6222,ED,KC,81.6,73.6,468,11.0,2014
Anthony Spencer,3642,ED,DAL,80.6,79.4,359,12.0,2014
Fred Evans,3157,DI,MIN,80.1,81.4,171,13.0,2014
Jurrell Casey,6229,DI,TEN,79.2,83.7,361,14.0,2014
Greg Hardy,5698,ED,CAR,79.1,70.1,274,15.0,2014
John Abraham,591,ED,ATL,79.1,60.3,291,15.0,2014
Chris Clemons,1585,ED,SEA,78.9,54.4,310,17.0,2014
Kyle Williams,3079,DI,BUF,78.7,75.2,319,18.0,2014
Ahmad Brooks,2945,ED,SF,78.5,76.2,438,19.0,2014
Charles Johnson,3699,ED,CAR,77.8,54.7,301,20.0,2014
Lamarr Houston,5569,ED,LV,77.8,78.3,361,20.0,2014
Rob Ninkovich,3080,ED,NE,77.3,68.2,389,22.0,2014
Brian Robison,3718,ED,MIN,76.9,63.1,311,23.0,2014
Derrick Morgan,5541,ED,TEN,76.9,63.8,376,23.0,2014
Israel Idonije,1632,ED,CHI,76.6,68.4,237,25.0,2014
Michael Johnson,4993,ED,CIN,76.1,75.7,317,26.0,2014
Rob Jackson,4556,ED,WAS,76.1,55.2,299,26.0,2014
Calais Campbell,4364,DI,ARZ,76.0,75.3,330,28.0,2014
Michael Bennett,5273,ED,TB,75.7,71.0,316,29.0,2014
Nick Fairley,6165,DI,DET,75.5,75.8,192,30.0,2014
Ndamukong Suh,5527,DI,DET,75.3,56.5,346,31.0,2014
Chandler Jones,7027,ED,NE,75.3,69.0,278,31.0,2014
Mario Williams,2946,ED,BUF,74.9,71.4,388,33.0,2014
Alex Carrington,5597,DI,BUF,74.6,60.1,151,34.0,2014
Julius Peppers,1010,ED,CHI,74.5,61.3,264,35.0,2014
Desmond Bryant,5204,DI,LV,74.2,67.9,263,36.0,2014
Trent Cole,2363,ED,PHI,74.1,64.4,301,37.0,2014
Paul Kruger,4980,ED,BLT,74.0,56.2,392,38.0,2014
Justin Bannan,1134,DI,DEN,74.0,76.3,302,38.0,2014
C.J. Mosley,2408,DI,JAX,73.4,69.7,321,40.0,2014
Josh Price-Brent,6072,DI,DAL,73.3,72.2,167,41.0,2014
Antonio Smith,1856,DI,HST,73.2,58.6,280,42.0,2014
Dan Williams,5551,DI,ARZ,72.8,73.2,263,43.0,2014
Jason Babin,1748,ED,JAX,72.6,65.8,243,44.0,2014
Mike Devito,3928,DI,NYJ,72.0,69.0,381,45.0,2014
Henry Melton,5028,DI,CHI,71.8,52.4,204,46.0,2014
Mike Martin,7644,DI,TEN,71.8,65.2,172,46.0,2014
Linval Joseph,5571,DI,NYG,71.6,68.2,359,48.0,2014
Jeremy Mincey,3136,ED,JAX,71.5,71.5,404,49.0,2014
Brooks Reed,6194,ED,HST,71.2,68.6,234,50.0,2014
DeMarcus Ware,2228,ED,DAL,71.1,61.7,352,51.0,2014
Fletcher Cox,7018,DI,PHI,71.0,61.0,205,52.0,2014
Jason Hatcher,3037,DI,DAL,70.7,75.7,301,53.0,2014
Cameron Jordan,6176,ED,NO,70.6,76.4,421,54.0,2014
Jared Allen,1847,ED,MIN,70.3,62.8,386,55.0,2014
Dwight Freeney,1019,ED,IND,70.3,55.7,255,55.0,2014
Bryan Thomas,1029,ED,NYJ,70.1,73.0,216,57.0,2014
Tamba Hali,2965,ED,KC,69.9,58.9,433,58.0,2014
Brodrick Bunkley,2959,DI,NO,69.4,70.5,210,59.0,2014
Justin Tuck,2291,ED,NYG,69.3,64.0,241,60.0,2014
Lamarr Woodley,3662,ED,PIT,69.2,66.4,243,61.0,2014
Osi Umenyiora,1371,ED,NYG,68.9,51.9,208,62.0,2014
Jabaal Sheard,6189,ED,CLV,68.8,74.4,391,63.0,2014
James Harrison,1251,ED,PIT,68.7,76.0,312,64.0,2014
Courtney Upshaw,7039,ED,BLT,68.6,81.3,375,65.0,2014
Earl Mitchell,5605,DI,HST,68.5,69.4,208,66.0,2014
Vance Walker,5134,DI,ATL,68.5,66.9,258,66.0,2014
Kevin Williams,1325,DI,MIN,68.5,64.1,292,66.0,2014
Ryan Kerrigan,6168,ED,WAS,68.0,50.1,384,69.0,2014
Haloti Ngata,2957,DI,BLT,67.7,70.1,439,70.0,2014
Quentin Groves,4366,ED,ARZ,67.4,67.2,242,71.0,2014
Ahtyba Rubin,4504,DI,CLV,67.4,78.6,243,71.0,2014
Ryan Pickett,799,DI,GB,67.3,73.7,373,73.0,2014
Corey Wootton,5633,ED,CHI,67.2,61.2,222,74.0,2014
Elvis Dumervil,3071,ED,DEN,67.0,60.6,384,75.0,2014
Terrance Knighton,4995,DI,JAX,66.9,58.0,321,76.0,2014
Tom Johnson,3378,DI,NO,66.8,57.7,188,77.0,2014
Kyle Love,5806,DI,NE,66.6,68.6,273,78.0,2014
Sammie Lee Hill,5038,DI,DET,66.5,57.5,171,79.0,2014
Vince Wilfork,1742,DI,NE,66.3,66.3,380,80.0,2014
Arthur Jones,5680,DI,BLT,66.2,63.4,356,81.0,2014
Kevin Vickerson,2433,DI,DEN,66.1,68.7,256,82.0,2014
Corey Liuget,6170,DI,LAC,65.5,65.4,266,83.0,2014
Kamerion Wimbley,2958,ED,TEN,65.3,51.9,356,84.0,2014
Rocky Bernard,1139,DI,NYG,65.2,60.3,217,85.0,2014
Justin Smith,776,DI,SF,65.2,74.7,355,85.0,2014
Cam Thomas,5669,DI,LAC,65.1,58.6,186,87.0,2014
Paul Soliai,3724,DI,MIA,65.1,58.7,314,87.0,2014
Derrick Shelby,7400,ED,MIA,65.0,60.4,106,89.0,2014
Marcell Dareus,6155,DI,BUF,65.0,51.4,328,89.0,2014
Ray McDonald,3713,DI,SF,64.9,67.9,404,91.0,2014
Kroy Biermann,4468,ED,ATL,64.9,72.2,255,91.0,2014
Derek Wolfe,7040,ED,DEN,64.7,73.4,388,93.0,2014
Brandon Mebane,3701,DI,SEA,64.5,67.4,323,94.0,2014
Jarret Johnson,1421,ED,LAC,64.0,62.6,247,95.0,2014
Gary Gibson,4232,DI,TB,63.8,68.7,134,96.0,2014
Stephen Paea,6205,DI,CHI,63.6,50.1,219,97.0,2014
Daniel Te'o-Nesheim,5610,ED,TB,63.6,60.2,274,97.0,2014
Chris Long,4316,ED,LA,63.1,46.9,307,99.0,2014
Alan Branch,3649,DI,SEA,63.0,56.1,282,100.0,2014
Calvin Pace,1334,ED,NYJ,62.9,71.3,470,101.0,2014
B.J. Raji,4932,DI,GB,62.9,65.1,330,101.0,2014
Shaun Phillips,1819,ED,LAC,62.9,48.5,321,101.0,2014
Jerry Hughes,5556,ED,IND,62.6,55.8,278,104.0,2014
Barry Cofield,3069,DI,WAS,62.3,51.6,267,105.0,2014
Sam Acho,6255,ED,ARZ,62.0,54.6,448,106.0,2014
Jonathan Babineaux,2276,DI,ATL,61.9,61.6,364,107.0,2014
Michael Brockers,7020,DI,LA,61.9,66.8,263,107.0,2014
Kendall Reyes,7052,DI,LAC,61.8,53.7,184,109.0,2014
Cliff Avril,4406,ED,DET,61.4,50.3,272,110.0,2014
Connor Barwin,4969,ED,HST,61.1,61.9,374,111.0,2014
Frank Alexander,7103,ED,CAR,60.6,48.1,185,112.0,2014
Randy Starks,1792,DI,MIA,60.4,54.7,310,113.0,2014
Frostee Rucker,3036,ED,CLV,60.4,58.6,294,113.0,2014
Billy Winn,7190,DI,CLV,59.8,68.5,250,115.0,2014
Sedrick Ellis,4321,DI,NO,59.8,59.0,293,115.0,2014
Robert Geathers,1838,ED,CIN,59.6,60.2,261,117.0,2014
Robert Mathis,1447,ED,IND,59.5,51.5,280,118.0,2014
Jared Odrick,5553,ED,MIA,59.4,63.0,345,119.0,2014
C.J. Wilson,5753,DI,GB,59.4,64.0,189,119.0,2014
Robert Quinn,6166,ED,LA,59.3,56.1,282,121.0,2014
Ma'ake Kemoeatu,1267,DI,BLT,59.2,60.0,301,122.0,2014
Cullen Jenkins,1637,DI,PHI,59.1,44.3,237,123.0,2014
Derek Landri,3782,DI,PHI,59.1,47.1,251,123.0,2014
Matt Shaughnessy,4994,ED,LV,58.9,71.5,295,125.0,2014
Garrett McIntyre,3598,ED,NYJ,58.4,61.7,206,126.0,2014
Roy Miller,5004,DI,TB,58.3,59.1,221,127.0,2014
Tyson Alualu,5535,DI,JAX,57.9,58.0,397,128.0,2014
Domata Peko Sr.,3068,DI,CIN,57.6,50.7,368,129.0,2014
Marcus Spears,2237,DI,DAL,57.6,58.1,202,129.0,2014
Clinton McDonald,5173,DI,SEA,57.6,60.1,134,129.0,2014
Christo Bilukidi,7178,DI,LV,57.6,60.9,133,129.0,2014
Dwan Edwards,1772,DI,CAR,57.5,52.5,283,133.0,2014
Jarvis Jenkins,6193,DI,WAS,57.2,64.6,235,134.0,2014
Ricardo Mathews,5761,DI,IND,56.9,59.0,241,135.0,2014
Tommy Kelly,2093,DI,LV,56.8,63.5,336,136.0,2014
Peria Jerry,4947,DI,ATL,56.2,63.2,233,137.0,2014
Will Smith,1739,ED,NO,56.0,64.7,387,138.0,2014
John Hughes,7088,DI,CLV,55.6,55.9,223,139.0,2014
Dontari Poe,7017,DI,KC,55.5,57.0,340,140.0,2014
Brett Keisel,1204,DI,PIT,55.4,59.2,336,141.0,2014
Jermelle Cudjo,5814,DI,LA,55.0,58.2,172,142.0,2014
Casey Hampton,789,DI,PIT,55.0,61.7,260,142.0,2014
Kyle Moore,5040,ED,BUF,54.6,48.7,177,144.0,2014
Brandon Deaderick,5769,DI,NE,54.4,56.4,219,145.0,2014
Ropati Pitoitua,4707,DI,KC,53.6,59.0,268,146.0,2014
Sen'Derrick Marks,4985,DI,TEN,53.6,52.1,315,146.0,2014
Stephen Bowen,3242,DI,WAS,53.6,55.3,265,146.0,2014
Ziggy Hood,4955,DI,PIT,53.3,61.4,306,149.0,2014
Cedric Thornton,6607,DI,PHI,53.1,54.0,215,150.0,2014
Erik Walden,4481,ED,GB,53.1,48.2,320,150.0,2014
Red Bryant,4435,ED,SEA,52.9,50.0,322,152.0,2014
Ron Edwards,838,DI,CAR,52.4,48.9,163,153.0,2014
Tyson Jackson,4926,DI,KC,51.9,56.3,306,154.0,2014
Kendall Langford,4380,DI,LA,51.6,51.6,316,155.0,2014
Letroy Guion,4466,DI,MIN,49.5,43.8,239,156.0,2014
Antonio Johnson,3768,DI,IND,47.4,47.9,233,157.0,2014
Isaac Sopoaga,1825,DI,SF,44.9,42.1,230,158.0,2014
Darnell Dockett,1785,DI,ARZ,42.9,34.6,358,159.0,2014
Kyle Vanden Bosch,804,ED,DET,41.8,37.0,256,160.0,2014
Geno Atkins,5643,DI,CIN,93.9,90.8,292,1.0,2013
Von Miller,6154,ED,DEN,93.4,93.1,382,2.0,2013
J.J. Watt,6163,DI,HST,92.3,91.5,346,3.0,2013
Cameron Wake,4907,ED,MIA,90.9,75.3,318,4.0,2013
Muhammad Wilkerson,6182,DI,NYJ,89.6,88.6,434,5.0,2013
Carlos Dunlap,5579,ED,CIN,89.4,79.3,197,6.0,2013
Jason Pierre-Paul,5540,ED,NYG,83.5,80.9,347,7.0,2013
Clay Matthews,4949,ED,GB,83.4,71.9,332,8.0,2013
Aldon Smith,6159,ED,SF,83.2,75.5,440,9.0,2013
Gerald McCoy,5528,DI,TB,82.1,73.6,301,10.0,2013
Justin Houston,6222,ED,KC,81.6,73.6,468,11.0,2013
Anthony Spencer,3642,ED,DAL,80.6,79.4,359,12.0,2013
Fred Evans,3157,DI,MIN,80.1,81.4,171,13.0,2013
Jurrell Casey,6229,DI,TEN,79.2,83.7,361,14.0,2013
Greg Hardy,5698,ED,CAR,79.1,70.1,274,15.0,2013
John Abraham,591,ED,ATL,79.1,60.3,291,15.0,2013
Chris Clemons,1585,ED,SEA,78.9,54.4,310,17.0,2013
Kyle Williams,3079,DI,BUF,78.7,75.2,319,18.0,2013
Ahmad Brooks,2945,ED,SF,78.5,76.2,438,19.0,2013
Charles Johnson,3699,ED,CAR,77.8,54.7,301,20.0,2013
Lamarr Houston,5569,ED,LV,77.8,78.3,361,20.0,2013
Rob Ninkovich,3080,ED,NE,77.3,68.2,389,22.0,2013
Brian Robison,3718,ED,MIN,76.9,63.1,311,23.0,2013
Derrick Morgan,5541,ED,TEN,76.9,63.8,376,23.0,2013
Israel Idonije,1632,ED,CHI,76.6,68.4,237,25.0,2013
Michael Johnson,4993,ED,CIN,76.1,75.7,317,26.0,2013
Rob Jackson,4556,ED,WAS,76.1,55.2,299,26.0,2013
Calais Campbell,4364,DI,ARZ,76.0,75.3,330,28.0,2013
Michael Bennett,5273,ED,TB,75.7,71.0,316,29.0,2013
Nick Fairley,6165,DI,DET,75.5,75.8,192,30.0,2013
Ndamukong Suh,5527,DI,DET,75.3,56.5,346,31.0,2013
Chandler Jones,7027,ED,NE,75.3,69.0,278,31.0,2013
Mario Williams,2946,ED,BUF,74.9,71.4,388,33.0,2013
Alex Carrington,5597,DI,BUF,74.6,60.1,151,34.0,2013
Julius Peppers,1010,ED,CHI,74.5,61.3,264,35.0,2013
Desmond Bryant,5204,DI,LV,74.2,67.9,263,36.0,2013
Trent Cole,2363,ED,PHI,74.1,64.4,301,37.0,2013
Paul Kruger,4980,ED,BLT,74.0,56.2,392,38.0,2013
Justin Bannan,1134,DI,DEN,74.0,76.3,302,38.0,2013
C.J. Mosley,2408,DI,JAX,73.4,69.7,321,40.0,2013
Josh Price-Brent,6072,DI,DAL,73.3,72.2,167,41.0,2013
Antonio Smith,1856,DI,HST,73.2,58.6,280,42.0,2013
Dan Williams,5551,DI,ARZ,72.8,73.2,263,43.0,2013
Jason Babin,1748,ED,JAX,72.6,65.8,243,44.0,2013
Mike Devito,3928,DI,NYJ,72.0,69.0,381,45.0,2013
Henry Melton,5028,DI,CHI,71.8,52.4,204,46.0,2013
Mike Martin,7644,DI,TEN,71.8,65.2,172,46.0,2013
Linval Joseph,5571,DI,NYG,71.6,68.2,359,48.0,2013
Jeremy Mincey,3136,ED,JAX,71.5,71.5,404,49.0,2013
Brooks Reed,6194,ED,HST,71.2,68.6,234,50.0,2013
DeMarcus Ware,2228,ED,DAL,71.1,61.7,352,51.0,2013
Fletcher Cox,7018,DI,PHI,71.0,61.0,205,52.0,2013
Jason Hatcher,3037,DI,DAL,70.7,75.7,301,53.0,2013
Cameron Jordan,6176,ED,NO,70.6,76.4,421,54.0,2013
Jared Allen,1847,ED,MIN,70.3,62.8,386,55.0,2013
Dwight Freeney,1019,ED,IND,70.3,55.7,255,55.0,2013
Bryan Thomas,1029,ED,NYJ,70.1,73.0,216,57.0,2013
Tamba Hali,2965,ED,KC,69.9,58.9,433,58.0,2013
Brodrick Bunkley,2959,DI,NO,69.4,70.5,210,59.0,2013
Justin Tuck,2291,ED,NYG,69.3,64.0,241,60.0,2013
Lamarr Woodley,3662,ED,PIT,69.2,66.4,243,61.0,2013
Osi Umenyiora,1371,ED,NYG,68.9,51.9,208,62.0,2013
Jabaal Sheard,6189,ED,CLV,68.8,74.4,391,63.0,2013
James Harrison,1251,ED,PIT,68.7,76.0,312,64.0,2013
Courtney Upshaw,7039,ED,BLT,68.6,81.3,375,65.0,2013
Earl Mitchell,5605,DI,HST,68.5,69.4,208,66.0,2013
Vance Walker,5134,DI,ATL,68.5,66.9,258,66.0,2013
Kevin Williams,1325,DI,MIN,68.5,64.1,292,66.0,2013
Ryan Kerrigan,6168,ED,WAS,68.0,50.1,384,69.0,2013
Haloti Ngata,2957,DI,BLT,67.7,70.1,439,70.0,2013
Quentin Groves,4366,ED,ARZ,67.4,67.2,242,71.0,2013
Ahtyba Rubin,4504,DI,CLV,67.4,78.6,243,71.0,2013
Ryan Pickett,799,DI,GB,67.3,73.7,373,73.0,2013
Corey Wootton,5633,ED,CHI,67.2,61.2,222,74.0,2013
Elvis Dumervil,3071,ED,DEN,67.0,60.6,384,75.0,2013
Terrance Knighton,4995,DI,JAX,66.9,58.0,321,76.0,2013
Tom Johnson,3378,DI,NO,66.8,57.7,188,77.0,2013
Kyle Love,5806,DI,NE,66.6,68.6,273,78.0,2013
Sammie Lee Hill,5038,DI,DET,66.5,57.5,171,79.0,2013
Vince Wilfork,1742,DI,NE,66.3,66.3,380,80.0,2013
Arthur Jones,5680,DI,BLT,66.2,63.4,356,81.0,2013
Kevin Vickerson,2433,DI,DEN,66.1,68.7,256,82.0,2013
Corey Liuget,6170,DI,LAC,65.5,65.4,266,83.0,2013
Kamerion Wimbley,2958,ED,TEN,65.3,51.9,356,84.0,2013
Rocky Bernard,1139,DI,NYG,65.2,60.3,217,85.0,2013
Justin Smith,776,DI,SF,65.2,74.7,355,85.0,2013
Cam Thomas,5669,DI,LAC,65.1,58.6,186,87.0,2013
Paul Soliai,3724,DI,MIA,65.1,58.7,314,87.0,2013
Derrick Shelby,7400,ED,MIA,65.0,60.4,106,89.0,2013
Marcell Dareus,6155,DI,BUF,65.0,51.4,328,89.0,2013
Ray McDonald,3713,DI,SF,64.9,67.9,404,91.0,2013
Kroy Biermann,4468,ED,ATL,64.9,72.2,255,91.0,2013
Derek Wolfe,7040,ED,DEN,64.7,73.4,388,93.0,2013
Brandon Mebane,3701,DI,SEA,64.5,67.4,323,94.0,2013
Jarret Johnson,1421,ED,LAC,64.0,62.6,247,95.0,2013
Gary Gibson,4232,DI,TB,63.8,68.7,134,96.0,2013
Stephen Paea,6205,DI,CHI,63.6,50.1,219,97.0,2013
Daniel Te'o-Nesheim,5610,ED,TB,63.6,60.2,274,97.0,2013
Chris Long,4316,ED,LA,63.1,46.9,307,99.0,2013
Alan Branch,3649,DI,SEA,63.0,56.1,282,100.0,2013
Calvin Pace,1334,ED,NYJ,62.9,71.3,470,101.0,2013
B.J. Raji,4932,DI,GB,62.9,65.1,330,101.0,2013
Shaun Phillips,1819,ED,LAC,62.9,48.5,321,101.0,2013
Jerry Hughes,5556,ED,IND,62.6,55.8,278,104.0,2013
Barry Cofield,3069,DI,WAS,62.3,51.6,267,105.0,2013
Sam Acho,6255,ED,ARZ,62.0,54.6,448,106.0,2013
Jonathan Babineaux,2276,DI,ATL,61.9,61.6,364,107.0,2013
Michael Brockers,7020,DI,LA,61.9,66.8,263,107.0,2013
Kendall Reyes,7052,DI,LAC,61.8,53.7,184,109.0,2013
Cliff Avril,4406,ED,DET,61.4,50.3,272,110.0,2013
Connor Barwin,4969,ED,HST,61.1,61.9,374,111.0,2013
Frank Alexander,7103,ED,CAR,60.6,48.1,185,112.0,2013
Randy Starks,1792,DI,MIA,60.4,54.7,310,113.0,2013
Frostee Rucker,3036,ED,CLV,60.4,58.6,294,113.0,2013
Billy Winn,7190,DI,CLV,59.8,68.5,250,115.0,2013
Sedrick Ellis,4321,DI,NO,59.8,59.0,293,115.0,2013
Robert Geathers,1838,ED,CIN,59.6,60.2,261,117.0,2013
Robert Mathis,1447,ED,IND,59.5,51.5,280,118.0,2013
Jared Odrick,5553,ED,MIA,59.4,63.0,345,119.0,2013
C.J. Wilson,5753,DI,GB,59.4,64.0,189,119.0,2013
Robert Quinn,6166,ED,LA,59.3,56.1,282,121.0,2013
Ma'ake Kemoeatu,1267,DI,BLT,59.2,60.0,301,122.0,2013
Cullen Jenkins,1637,DI,PHI,59.1,44.3,237,123.0,2013
Derek Landri,3782,DI,PHI,59.1,47.1,251,123.0,2013
Matt Shaughnessy,4994,ED,LV,58.9,71.5,295,125.0,2013
Garrett McIntyre,3598,ED,NYJ,58.4,61.7,206,126.0,2013
Roy Miller,5004,DI,TB,58.3,59.1,221,127.0,2013
Tyson Alualu,5535,DI,JAX,57.9,58.0,397,128.0,2013
Domata Peko Sr.,3068,DI,CIN,57.6,50.7,368,129.0,2013
Marcus Spears,2237,DI,DAL,57.6,58.1,202,129.0,2013
Clinton McDonald,5173,DI,SEA,57.6,60.1,134,129.0,2013
Christo Bilukidi,7178,DI,LV,57.6,60.9,133,129.0,2013
Dwan Edwards,1772,DI,CAR,57.5,52.5,283,133.0,2013
Jarvis Jenkins,6193,DI,WAS,57.2,64.6,235,134.0,2013
Ricardo Mathews,5761,DI,IND,56.9,59.0,241,135.0,2013
Tommy Kelly,2093,DI,LV,56.8,63.5,336,136.0,2013
Peria Jerry,4947,DI,ATL,56.2,63.2,233,137.0,2013
Will Smith,1739,ED,NO,56.0,64.7,387,138.0,2013
John Hughes,7088,DI,CLV,55.6,55.9,223,139.0,2013
Dontari Poe,7017,DI,KC,55.5,57.0,340,140.0,2013
Brett Keisel,1204,DI,PIT,55.4,59.2,336,141.0,2013
Jermelle Cudjo,5814,DI,LA,55.0,58.2,172,142.0,2013
Casey Hampton,789,DI,PIT,55.0,61.7,260,142.0,2013
Kyle Moore,5040,ED,BUF,54.6,48.7,177,144.0,2013
Brandon Deaderick,5769,DI,NE,54.4,56.4,219,145.0,2013
Ropati Pitoitua,4707,DI,KC,53.6,59.0,268,146.0,2013
Sen'Derrick Marks,4985,DI,TEN,53.6,52.1,315,146.0,2013
Stephen Bowen,3242,DI,WAS,53.6,55.3,265,146.0,2013
Ziggy Hood,4955,DI,PIT,53.3,61.4,306,149.0,2013
Cedric Thornton,6607,DI,PHI,53.1,54.0,215,150.0,2013
Erik Walden,4481,ED,GB,53.1,48.2,320,150.0,2013
Red Bryant,4435,ED,SEA,52.9,50.0,322,152.0,2013
Ron Edwards,838,DI,CAR,52.4,48.9,163,153.0,2013
Tyson Jackson,4926,DI,KC,51.9,56.3,306,154.0,2013
Kendall Langford,4380,DI,LA,51.6,51.6,316,155.0,2013
Letroy Guion,4466,DI,MIN,49.5,43.8,239,156.0,2013
Antonio Johnson,3768,DI,IND,47.4,47.9,233,157.0,2013
Isaac Sopoaga,1825,DI,SF,44.9,42.1,230,158.0,2013
Darnell Dockett,1785,DI,ARZ,42.9,34.6,358,159.0,2013
Kyle Vanden Bosch,804,ED,DET,41.8,37.0,256,160.0,2013
Geno Atkins,5643,DI,CIN,93.9,90.8,292,1.0,2012
Von Miller,6154,ED,DEN,93.4,93.1,382,2.0,2012
J.J. Watt,6163,DI,HST,92.3,91.5,346,3.0,2012
Cameron Wake,4907,ED,MIA,90.9,75.3,318,4.0,2012
Muhammad Wilkerson,6182,DI,NYJ,89.6,88.6,434,5.0,2012
Carlos Dunlap,5579,ED,CIN,89.4,79.3,197,6.0,2012
Jason Pierre-Paul,5540,ED,NYG,83.5,80.9,347,7.0,2012
Clay Matthews,4949,ED,GB,83.4,71.9,332,8.0,2012
Aldon Smith,6159,ED,SF,83.2,75.5,440,9.0,2012
Gerald McCoy,5528,DI,TB,82.1,73.6,301,10.0,2012
Justin Houston,6222,ED,KC,81.6,73.6,468,11.0,2012
Anthony Spencer,3642,ED,DAL,80.6,79.4,359,12.0,2012
Fred Evans,3157,DI,MIN,80.1,81.4,171,13.0,2012
Jurrell Casey,6229,DI,TEN,79.2,83.7,361,14.0,2012
Greg Hardy,5698,ED,CAR,79.1,70.1,274,15.0,2012
John Abraham,591,ED,ATL,79.1,60.3,291,15.0,2012
Chris Clemons,1585,ED,SEA,78.9,54.4,310,17.0,2012
Kyle Williams,3079,DI,BUF,78.7,75.2,319,18.0,2012
Ahmad Brooks,2945,ED,SF,78.5,76.2,438,19.0,2012
Charles Johnson,3699,ED,CAR,77.8,54.7,301,20.0,2012
Lamarr Houston,5569,ED,LV,77.8,78.3,361,20.0,2012
Rob Ninkovich,3080,ED,NE,77.3,68.2,389,22.0,2012
Brian Robison,3718,ED,MIN,76.9,63.1,311,23.0,2012
Derrick Morgan,5541,ED,TEN,76.9,63.8,376,23.0,2012
Israel Idonije,1632,ED,CHI,76.6,68.4,237,25.0,2012
Michael Johnson,4993,ED,CIN,76.1,75.7,317,26.0,2012
Rob Jackson,4556,ED,WAS,76.1,55.2,299,26.0,2012
Calais Campbell,4364,DI,ARZ,76.0,75.3,330,28.0,2012
Michael Bennett,5273,ED,TB,75.7,71.0,316,29.0,2012
Nick Fairley,6165,DI,DET,75.5,75.8,192,30.0,2012
Ndamukong Suh,5527,DI,DET,75.3,56.5,346,31.0,2012
Chandler Jones,7027,ED,NE,75.3,69.0,278,31.0,2012
Mario Williams,2946,ED,BUF,74.9,71.4,388,33.0,2012
Alex Carrington,5597,DI,BUF,74.6,60.1,151,34.0,2012
Julius Peppers,1010,ED,CHI,74.5,61.3,264,35.0,2012
Desmond Bryant,5204,DI,LV,74.2,67.9,263,36.0,2012
Trent Cole,2363,ED,PHI,74.1,64.4,301,37.0,2012
Paul Kruger,4980,ED,BLT,74.0,56.2,392,38.0,2012
Justin Bannan,1134,DI,DEN,74.0,76.3,302,38.0,2012
C.J. Mosley,2408,DI,JAX,73.4,69.7,321,40.0,2012
Josh Price-Brent,6072,DI,DAL,73.3,72.2,167,41.0,2012
Antonio Smith,1856,DI,HST,73.2,58.6,280,42.0,2012
Dan Williams,5551,DI,ARZ,72.8,73.2,263,43.0,2012
Jason Babin,1748,ED,JAX,72.6,65.8,243,44.0,2012
Mike Devito,3928,DI,NYJ,72.0,69.0,381,45.0,2012
Henry Melton,5028,DI,CHI,71.8,52.4,204,46.0,2012
Mike Martin,7644,DI,TEN,71.8,65.2,172,46.0,2012
Linval Joseph,5571,DI,NYG,71.6,68.2,359,48.0,2012
Jeremy Mincey,3136,ED,JAX,71.5,71.5,404,49.0,2012
Brooks Reed,6194,ED,HST,71.2,68.6,234,50.0,2012
DeMarcus Ware,2228,ED,DAL,71.1,61.7,352,51.0,2012
Fletcher Cox,7018,DI,PHI,71.0,61.0,205,52.0,2012
Jason Hatcher,3037,DI,DAL,70.7,75.7,301,53.0,2012
Cameron Jordan,6176,ED,NO,70.6,76.4,421,54.0,2012
Jared Allen,1847,ED,MIN,70.3,62.8,386,55.0,2012
Dwight Freeney,1019,ED,IND,70.3,55.7,255,55.0,2012
Bryan Thomas,1029,ED,NYJ,70.1,73.0,216,57.0,2012
Tamba Hali,2965,ED,KC,69.9,58.9,433,58.0,2012
Brodrick Bunkley,2959,DI,NO,69.4,70.5,210,59.0,2012
Justin Tuck,2291,ED,NYG,69.3,64.0,241,60.0,2012
Lamarr Woodley,3662,ED,PIT,69.2,66.4,243,61.0,2012
Osi Umenyiora,1371,ED,NYG,68.9,51.9,208,62.0,2012
Jabaal Sheard,6189,ED,CLV,68.8,74.4,391,63.0,2012
James Harrison,1251,ED,PIT,68.7,76.0,312,64.0,2012
Courtney Upshaw,7039,ED,BLT,68.6,81.3,375,65.0,2012
Earl Mitchell,5605,DI,HST,68.5,69.4,208,66.0,2012
Vance Walker,5134,DI,ATL,68.5,66.9,258,66.0,2012
Kevin Williams,1325,DI,MIN,68.5,64.1,292,66.0,2012
Ryan Kerrigan,6168,ED,WAS,68.0,50.1,384,69.0,2012
Haloti Ngata,2957,DI,BLT,67.7,70.1,439,70.0,2012
Quentin Groves,4366,ED,ARZ,67.4,67.2,242,71.0,2012
Ahtyba Rubin,4504,DI,CLV,67.4,78.6,243,71.0,2012
Ryan Pickett,799,DI,GB,67.3,73.7,373,73.0,2012
Corey Wootton,5633,ED,CHI,67.2,61.2,222,74.0,2012
Elvis Dumervil,3071,ED,DEN,67.0,60.6,384,75.0,2012
Terrance Knighton,4995,DI,JAX,66.9,58.0,321,76.0,2012
Tom Johnson,3378,DI,NO,66.8,57.7,188,77.0,2012
Kyle Love,5806,DI,NE,66.6,68.6,273,78.0,2012
Sammie Lee Hill,5038,DI,DET,66.5,57.5,171,79.0,2012
Vince Wilfork,1742,DI,NE,66.3,66.3,380,80.0,2012
Arthur Jones,5680,DI,BLT,66.2,63.4,356,81.0,2012
Kevin Vickerson,2433,DI,DEN,66.1,68.7,256,82.0,2012
Corey Liuget,6170,DI,LAC,65.5,65.4,266,83.0,2012
Kamerion Wimbley,2958,ED,TEN,65.3,51.9,356,84.0,2012
Rocky Bernard,1139,DI,NYG,65.2,60.3,217,85.0,2012
Justin Smith,776,DI,SF,65.2,74.7,355,85.0,2012
Cam Thomas,5669,DI,LAC,65.1,58.6,186,87.0,2012
Paul Soliai,3724,DI,MIA,65.1,58.7,314,87.0,2012
Derrick Shelby,7400,ED,MIA,65.0,60.4,106,89.0,2012
Marcell Dareus,6155,DI,BUF,65.0,51.4,328,89.0,2012
Ray McDonald,3713,DI,SF,64.9,67.9,404,91.0,2012
Kroy Biermann,4468,ED,ATL,64.9,72.2,255,91.0,2012
Derek Wolfe,7040,ED,DEN,64.7,73.4,388,93.0,2012
Brandon Mebane,3701,DI,SEA,64.5,67.4,323,94.0,2012
Jarret Johnson,1421,ED,LAC,64.0,62.6,247,95.0,2012
Gary Gibson,4232,DI,TB,63.8,68.7,134,96.0,2012
Stephen Paea,6205,DI,CHI,63.6,50.1,219,97.0,2012
Daniel Te'o-Nesheim,5610,ED,TB,63.6,60.2,274,97.0,2012
Chris Long,4316,ED,LA,63.1,46.9,307,99.0,2012
Alan Branch,3649,DI,SEA,63.0,56.1,282,100.0,2012
Calvin Pace,1334,ED,NYJ,62.9,71.3,470,101.0,2012
B.J. Raji,4932,DI,GB,62.9,65.1,330,101.0,2012
Shaun Phillips,1819,ED,LAC,62.9,48.5,321,101.0,2012
Jerry Hughes,5556,ED,IND,62.6,55.8,278,104.0,2012
Barry Cofield,3069,DI,WAS,62.3,51.6,267,105.0,2012
Sam Acho,6255,ED,ARZ,62.0,54.6,448,106.0,2012
Jonathan Babineaux,2276,DI,ATL,61.9,61.6,364,107.0,2012
Michael Brockers,7020,DI,LA,61.9,66.8,263,107.0,2012
Kendall Reyes,7052,DI,LAC,61.8,53.7,184,109.0,2012
Cliff Avril,4406,ED,DET,61.4,50.3,272,110.0,2012
Connor Barwin,4969,ED,HST,61.1,61.9,374,111.0,2012
Frank Alexander,7103,ED,CAR,60.6,48.1,185,112.0,2012
Randy Starks,1792,DI,MIA,60.4,54.7,310,113.0,2012
Frostee Rucker,3036,ED,CLV,60.4,58.6,294,113.0,2012
Billy Winn,7190,DI,CLV,59.8,68.5,250,115.0,2012
Sedrick Ellis,4321,DI,NO,59.8,59.0,293,115.0,2012
Robert Geathers,1838,ED,CIN,59.6,60.2,261,117.0,2012
Robert Mathis,1447,ED,IND,59.5,51.5,280,118.0,2012
Jared Odrick,5553,ED,MIA,59.4,63.0,345,119.0,2012
C.J. Wilson,5753,DI,GB,59.4,64.0,189,119.0,2012
Robert Quinn,6166,ED,LA,59.3,56.1,282,121.0,2012
Ma'ake Kemoeatu,1267,DI,BLT,59.2,60.0,301,122.0,2012
Cullen Jenkins,1637,DI,PHI,59.1,44.3,237,123.0,2012
Derek Landri,3782,DI,PHI,59.1,47.1,251,123.0,2012
Matt Shaughnessy,4994,ED,LV,58.9,71.5,295,125.0,2012
Garrett McIntyre,3598,ED,NYJ,58.4,61.7,206,126.0,2012
Roy Miller,5004,DI,TB,58.3,59.1,221,127.0,2012
Tyson Alualu,5535,DI,JAX,57.9,58.0,397,128.0,2012
Domata Peko Sr.,3068,DI,CIN,57.6,50.7,368,129.0,2012
Marcus Spears,2237,DI,DAL,57.6,58.1,202,129.0,2012
Clinton McDonald,5173,DI,SEA,57.6,60.1,134,129.0,2012
Christo Bilukidi,7178,DI,LV,57.6,60.9,133,129.0,2012
Dwan Edwards,1772,DI,CAR,57.5,52.5,283,133.0,2012
Jarvis Jenkins,6193,DI,WAS,57.2,64.6,235,134.0,2012
Ricardo Mathews,5761,DI,IND,56.9,59.0,241,135.0,2012
Tommy Kelly,2093,DI,LV,56.8,63.5,336,136.0,2012
Peria Jerry,4947,DI,ATL,56.2,63.2,233,137.0,2012
Will Smith,1739,ED,NO,56.0,64.7,387,138.0,2012
John Hughes,7088,DI,CLV,55.6,55.9,223,139.0,2012
Dontari Poe,7017,DI,KC,55.5,57.0,340,140.0,2012
Brett Keisel,1204,DI,PIT,55.4,59.2,336,141.0,2012
Jermelle Cudjo,5814,DI,LA,55.0,58.2,172,142.0,2012
Casey Hampton,789,DI,PIT,55.0,61.7,260,142.0,2012
Kyle Moore,5040,ED,BUF,54.6,48.7,177,144.0,2012
Brandon Deaderick,5769,DI,NE,54.4,56.4,219,145.0,2012
Ropati Pitoitua,4707,DI,KC,53.6,59.0,268,146.0,2012
Sen'Derrick Marks,4985,DI,TEN,53.6,52.1,315,146.0,2012
Stephen Bowen,3242,DI,WAS,53.6,55.3,265,146.0,2012
Ziggy Hood,4955,DI,PIT,53.3,61.4,306,149.0,2012
Cedric Thornton,6607,DI,PHI,53.1,54.0,215,150.0,2012
Erik Walden,4481,ED,GB,53.1,48.2,320,150.0,2012
Red Bryant,4435,ED,SEA,52.9,50.0,322,152.0,2012
Ron Edwards,838,DI,CAR,52.4,48.9,163,153.0,2012
Tyson Jackson,4926,DI,KC,51.9,56.3,306,154.0,2012
Kendall Langford,4380,DI,LA,51.6,51.6,316,155.0,2012
Letroy Guion,4466,DI,MIN,49.5,43.8,239,156.0,2012
Antonio Johnson,3768,DI,IND,47.4,47.9,233,157.0,2012
Isaac Sopoaga,1825,DI,SF,44.9,42.1,230,158.0,2012
Darnell Dockett,1785,DI,ARZ,42.9,34.6,358,159.0,2012
Kyle Vanden Bosch,804,ED,DET,41.8,37.0,256,160.0,2012
