player,player_id,position,team_name,grades_offense,grades_pass_block,snap_counts_block,rank,Year,index,player_name,year_signed,age,contract_length,value,average/year
Mark Andrews,47436,TE,BLT,91.5,74.0,272,1.0,2021,66,Mark Andrews,2021,24,4,"$56,000,000",14000000
Dallas Goedert,47272,TE,PHI,90.7,66.1,417,2.0,2021,16,Dallas Goedert,2021,26,4,"$57,000,000",14250000
George Kittle,11901,TE,SF,90.7,76.4,519,2.0,2021,139,George Kittle,2021,27,5,"$75,000,000",15000000
Travis Kelce,7844,TE,KC,85.0,70.8,305,4.0,2021,182,Travis Kelce,2021,31,4,"$57,250,000",14312500
Rob Gronkowski,5567,TE,TB,76.5,70.1,282,7.0,2021,87,Rob Gronkowski,2021,31,1,"$8,000,000",8000000
Marcedes Lewis,2973,TE,GB,75.1,76.7,342,8.0,2021,64,Marcedes Lewis,2021,36,2,"$5,920,000",2960000
Hunter Henry,10669,TE,NE,72.0,52.2,335,10.0,2021,34,Hunter Henry,2021,26,3,"$37,500,000",12500000
MyCole Pruitt,9576,TE,TEN,71.5,62.6,339,11.0,2021,72,MyCole Pruitt,2021,29,1,"$1,127,500",1127500
Jack Doyle,8520,TE,IND,71.2,68.3,356,13.0,2021,223,Jack Doyle,2021,31,3,"$21,300,000",7100000
Lee Smith,6311,TE,ATL,70.1,55.6,266,16.0,2021,238,Lee Smith,2021,32,3,"$9,000,000",3000000
Darren Waller,9637,TE,LV,69.7,74.2,216,17.0,2021,213,Darren Waller,2021,29,4,"$29,800,000",7450000
Blake Bell,9550,TE,KC,69.1,70.5,269,19.0,2021,5,Blake Bell,2021,29,1,"$1,127,500",1127500
Tyler Higbee,10744,TE,LA,69.1,72.0,444,19.0,2021,266,Tyler Higbee,2021,28,4,"$29,000,000",7250000
Jeremy Sprinkle,11909,TE,DAL,68.5,84.6,165,22.0,2021,45,Jeremy Sprinkle,2021,26,1,"$1,127,500",1127500
Mo Alie-Cox,12078,TE,IND,66.4,64.0,341,26.0,2021,71,Mo Alie-Cox,2021,27,1,"$3,384,000",3384000
Eric Tomlinson,9786,TE,BLT,66.1,71.1,251,27.0,2021,27,Eric Tomlinson,2021,28,1,"$990,000",990000
Austin Hooper,10715,TE,CLV,64.2,56.6,397,30.0,2021,112,Austin Hooper,2021,26,4,"$42,000,000",10500000
C.J. Uzomah,9590,TE,CIN,63.6,70.6,371,32.0,2021,202,C.J. Uzomah,2021,28,3,"$18,300,000",6100000
Kyle Rudolph,6195,TE,NYG,63.5,62.9,269,34.0,2021,59,Kyle Rudolph,2021,31,2,"$12,000,000",6000000
Gerald Everett,11799,TE,SEA,63.5,76.8,269,34.0,2021,32,Gerald Everett,2021,26,1,"$6,000,000",6000000
Stephen Anderson,11160,TE,LAC,62.9,67.3,220,37.0,2021,97,Stephen Anderson,2021,28,1,"$920,000",920000
Chris Manhertz,10211,TE,JAX,62.6,64.2,280,39.0,2021,11,Chris Manhertz,2021,28,2,"$6,650,000",3325000
Ricky Seals-Jones,12020,TE,WAS,62.3,67.0,207,40.0,2021,86,Ricky Seals-Jones,2021,26,1,"$990,000",990000
Jesse James,9593,TE,CHI,59.4,76.4,162,43.0,2021,46,Jesse James,2021,27,1,"$1,650,000",1650000
Jonnu Smith,11855,TE,NE,58.5,51.9,366,44.0,2021,50,Jonnu Smith,2021,25,4,"$50,000,000",12500000
Tyler Kroft,9518,TE,NYJ,57.6,59.5,168,45.0,2021,104,Tyler Kroft,2021,28,1,"$2,000,000",2000000
Ryan Griffin,7982,TE,NYJ,55.8,52.9,301,48.0,2021,91,Ryan Griffin,2021,31,2,"$6,480,471",3240236
Antony Auclair,24606,TE,HST,55.7,43.1,260,49.0,2021,3,Antony Auclair,2021,27,1,"$1,127,500",1127500
Geoff Swaim,9679,TE,TEN,55.6,56.8,555,50.0,2021,31,Geoff Swaim,2021,27,1,"$2,500,000",2500000
Garrett Griffin,11439,TE,NO,51.7,59.8,189,57.0,2021,30,Garrett Griffin,2021,26,1,"$850,000",850000
Kendall Blanton,47311,TE,LA,50.7,65.5,142,58.0,2021,57,Kendall Blanton,2021,25,2,"$1,675,000",837500
Darrell Daniels,12122,TE,ARZ,49.9,67.0,192,60.0,2021,19,Darrell Daniels,2021,26,1,"$1,127,500",1127500
Pharaoh Brown,12247,TE,HST,48.0,44.4,393,61.0,2021,83,Pharaoh Brown,2021,26,1,"$1,600,000",1600000
Luke Stocker,6256,TE,MIN,46.0,44.2,128,63.0,2021,62,Luke Stocker,2021,33,1,"$1,075,000",1075000
Travis Kelce,7844,TE,KC,93.8,53.1,354,1.0,2020,182,Travis Kelce,2020,30,4,"$57,250,000",14312500
Darren Waller,9637,TE,LV,86.5,58.2,435,2.0,2020,213,Darren Waller,2020,28,4,"$29,800,000",7450000
George Kittle,11901,TE,SF,84.9,75.1,209,3.0,2020,139,George Kittle,2020,26,5,"$75,000,000",15000000
Pharaoh Brown,12247,TE,HST,81.3,78.2,151,4.0,2020,173,Pharaoh Brown,2020,25,1,"$750,000",750000
Virgil Green,6356,TE,LAC,75.1,69.3,110,10.0,2020,353,Virgil Green,2020,31,3,"$8,600,000",2866667
Lee Smith,6311,TE,BUF,74.1,72.2,154,11.0,2020,238,Lee Smith,2020,31,3,"$9,000,000",3000000
Jack Doyle,8520,TE,IND,73.7,77.7,337,13.0,2020,223,Jack Doyle,2020,30,3,"$21,300,000",7100000
Nick Boyle,9604,TE,BLT,70.6,53.8,246,16.0,2020,252,Nick Boyle,2020,27,3,"$18,000,000",6000000
Austin Hooper,10715,TE,CLV,69.8,63.2,415,18.0,2020,112,Austin Hooper,2020,25,4,"$42,000,000",10500000
Darren Fells,8549,TE,HST,69.5,68.9,286,19.0,2020,126,Darren Fells,2020,33,2,"$6,300,000",3150000
Hunter Henry,10669,TE,LAC,69.3,54.1,404,20.0,2020,141,Hunter Henry,2020,25,1,"$10,607,000",10607000
Cameron Brate,9207,TE,TB,69.2,49.5,178,21.0,2020,288,Cameron Brate,2020,28,6,"$40,800,000",6800000
Maxx Williams,9488,TE,ARZ,67.7,41.4,217,24.0,2020,249,Maxx Williams,2020,26,2,"$7,000,000",3500000
Tyler Higbee,10744,TE,LA,67.6,62.0,541,25.0,2020,266,Tyler Higbee,2020,27,4,"$29,000,000",7250000
Marcedes Lewis,2973,TE,GB,66.9,67.2,332,26.0,2020,159,Marcedes Lewis,2020,35,1,"$2,250,000",2250000
Kyle Rudolph,6195,TE,MIN,66.5,73.8,315,28.0,2020,236,Kyle Rudolph,2020,30,4,"$36,000,000",9000000
Adam Shaheen,11800,TE,MIA,66.0,60.6,244,29.0,2020,107,Adam Shaheen,2020,26,2,"$4,850,000",2425000
Logan Thomas,8755,TE,WAS,65.2,57.1,390,30.0,2020,156,Logan Thomas,2020,28,2,"$6,145,000",3072500
Jimmy Graham,5619,TE,CHI,64.5,54.3,234,31.0,2020,148,Jimmy Graham,2020,33,2,"$16,000,000",8000000
Blake Bell,9550,TE,DAL,63.1,84.2,246,34.0,2020,113,Blake Bell,2020,28,1,"$1,700,000",1700000
Josh Hill,8200,TE,NO,62.3,50.1,325,35.0,2020,234,Josh Hill,2020,29,3,"$8,850,000",2950000
Tyler Eifert,7802,TE,JAX,62.2,48.8,151,36.0,2020,185,Tyler Eifert,2020,29,2,"$9,500,000",4750000
Ross Dwelley,20994,TE,SF,61.3,50.3,313,38.0,2020,175,Ross Dwelley,2020,24,1,"$750,000",750000
Jesse James,9593,TE,DET,61.2,70.5,296,41.0,2020,233,Jesse James,2020,25,4,"$22,600,000",5650000
Jason Witten,1384,TE,LV,60.8,47.9,270,42.0,2020,146,Jason Witten,2020,37,1,"$4,000,000",4000000
Geoff Swaim,9679,TE,TEN,60.1,49.1,297,44.0,2020,138,Geoff Swaim,2020,26,1,"$910,000",910000
Darrell Daniels,12122,TE,ARZ,59.1,77.0,259,46.0,2020,211,Darrell Daniels,2020,25,2,"$1,380,000",690000
Hayden Hurst,47294,TE,ATL,58.9,30.5,221,47.0,2020,310,Hayden Hurst,2020,26,4,"$11,036,026",2759007
Jacob Hollister,12051,TE,SEA,58.8,37.0,174,48.0,2020,143,Jacob Hollister,2020,26,1,"$3,259,000",3259000
Chris Manhertz,10211,TE,CAR,58.1,61.4,367,49.0,2020,204,Chris Manhertz,2020,27,2,"$2,300,000",1150000
James O'Shaughnessy,9606,TE,JAX,57.7,61.0,240,50.0,2020,226,James O'Shaughnessy,2020,28,2,"$2,225,000",1112500
Eric Ebron,8645,TE,PIT,57.6,64.6,264,52.0,2020,130,Eric Ebron,2020,26,2,"$12,000,000",6000000
Zach Ertz,7816,TE,PHI,57.3,68.3,252,54.0,2020,515,Zach Ertz,2020,29,5,"$42,500,000",8500000
Nick Vannett,10728,TE,DEN,57.2,59.2,244,55.0,2020,169,Nick Vannett,2020,27,2,"$5,700,000",2850000
Ryan Griffin,7982,TE,NYJ,56.1,54.3,256,56.0,2020,260,Ryan Griffin,2020,30,3,"$10,800,000",3600000
Cethan Carter,47149,TE,CIN,52.8,80.9,139,57.0,2020,116,Cethan Carter,2020,26,1,"$2,133,000",2133000
Luke Stocker,6256,TE,ATL,48.1,38.3,384,61.0,2020,157,Luke Stocker,2020,32,1,"$1,050,000",1050000
Nick Keizer,66940,TE,KC,46.4,61.4,248,62.0,2020,167,Nick Keizer,2020,24,1,"$610,000",610000
Tyler Higbee,10744,TE,LA,86.1,63.6,393,2.0,2019,266,Tyler Higbee,2019,26,4,"$29,000,000",7250000
Travis Kelce,7844,TE,KC,86.1,77.4,406,2.0,2019,511,Travis Kelce,2019,29,5,"$46,842,000",9368400
Darren Waller,9637,TE,LV,83.2,57.5,429,4.0,2019,213,Darren Waller,2019,27,4,"$29,800,000",7450000
Maxx Williams,9488,TE,ARZ,79.1,82.1,309,6.0,2019,249,Maxx Williams,2019,25,2,"$7,000,000",3500000
Jared Cook,5012,TE,NO,78.3,44.7,140,7.0,2019,227,Jared Cook,2019,31,2,"$15,000,000",7500000
Hayden Hurst,47294,TE,BLT,73.1,72.1,245,11.0,2019,310,Hayden Hurst,2019,25,4,"$11,036,026",2759007
Nick Boyle,9604,TE,BLT,73.1,68.9,552,11.0,2019,252,Nick Boyle,2019,26,3,"$18,000,000",6000000
Zach Ertz,7816,TE,PHI,72.7,62.0,377,13.0,2019,515,Zach Ertz,2019,28,5,"$42,500,000",8500000
Marcedes Lewis,2973,TE,GB,72.0,71.3,366,14.0,2019,244,Marcedes Lewis,2019,34,1,"$2,100,000",2100000
Kyle Rudolph,6195,TE,MIN,71.0,59.3,488,15.0,2019,236,Kyle Rudolph,2019,29,4,"$36,000,000",9000000
Jack Doyle,8520,TE,IND,69.2,78.3,404,18.0,2019,223,Jack Doyle,2019,29,3,"$21,300,000",7100000
Josh Hill,8200,TE,NO,67.6,66.4,425,19.0,2019,234,Josh Hill,2019,28,3,"$8,850,000",2950000
Mo Alie-Cox,12078,TE,IND,67.3,70.3,262,20.0,2019,334,Mo Alie-Cox,2019,25,2,"$1,050,000",525000
Greg Olsen,3647,TE,CAR,66.9,70.1,318,21.0,2019,309,Greg Olsen,2019,34,2,"$17,100,000",8550000
J.P. Holtz,11062,TE,CHI,66.9,78.3,244,21.0,2019,312,J.P. Holtz,2019,25,2,"$1,050,000",525000
MyCole Pruitt,9576,TE,TEN,66.4,79.0,400,23.0,2019,336,MyCole Pruitt,2019,26,2,"$1,350,000",675000
Tyler Eifert,7802,TE,CIN,65.7,79.6,109,24.0,2019,265,Tyler Eifert,2019,28,1,"$4,000,000",4000000
Rhett Ellison,7128,TE,NYG,65.6,72.6,184,25.0,2019,423,Rhett Ellison,2019,30,4,"$18,000,000",4500000
Charles Clay,6326,TE,ARZ,64.7,54.1,196,26.0,2019,203,Charles Clay,2019,30,1,"$2,000,000",2000000
Jacob Hollister,12051,TE,SEA,64.0,45.2,239,29.0,2019,224,Jacob Hollister,2019,25,1,"$645,000",645000
Luke Stocker,6256,TE,ATL,63.0,59.0,323,31.0,2019,242,Luke Stocker,2019,30,2,"$5,500,000",2750000
Luke Willson,7940,TE,SEA,62.6,75.1,197,32.0,2019,243,Luke Willson,2019,29,1,"$895,000",895000
Chris Manhertz,10211,TE,CAR,62.1,61.7,298,33.0,2019,204,Chris Manhertz,2019,26,2,"$2,300,000",1150000
Ryan Griffin,7982,TE,NYJ,61.9,63.5,355,34.0,2019,260,Ryan Griffin,2019,29,3,"$10,800,000",3600000
Lee Smith,6311,TE,BUF,60.8,72.2,281,38.0,2019,238,Lee Smith,2019,30,3,"$9,000,000",3000000
Jeff Heuerman,9525,TE,DEN,60.0,72.2,243,42.0,2019,230,Jeff Heuerman,2019,26,2,"$8,000,000",4000000
Jason Witten,1384,TE,DAL,59.4,55.4,368,43.0,2019,229,Jason Witten,2019,36,1,"$4,250,000",4250000
Virgil Green,6356,TE,LAC,58.0,66.5,219,44.0,2019,353,Virgil Green,2019,30,3,"$8,600,000",2866667
Jimmy Graham,5619,TE,GB,58.0,71.5,192,44.0,2019,319,Jimmy Graham,2019,32,3,"$30,000,000",10000000
Darren Fells,8549,TE,HST,56.6,65.0,463,48.0,2019,212,Darren Fells,2019,32,1,"$1,500,000",1500000
Benjamin Watson,1753,TE,NE,56.0,65.7,231,49.0,2019,196,Benjamin Watson,2019,38,1,"$3,000,000",3000000
Ben Koyack,9662,TE,JAX,55.7,78.7,189,50.0,2019,195,Ben Koyack,2019,25,1,"$720,000",720000
Jordan Akins,47050,TE,HST,55.1,61.7,249,51.0,2019,321,Jordan Akins,2019,27,4,"$3,325,085",831271
Jesse James,9593,TE,DET,53.7,48.3,309,54.0,2019,233,Jesse James,2019,24,4,"$22,600,000",5650000
Matt LaCosse,9840,TE,NE,53.6,59.5,286,55.0,2019,248,Matt LaCosse,2019,26,2,"$2,800,000",1400000
Blake Bell,9550,TE,KC,50.3,67.6,314,58.0,2019,198,Blake Bell,2019,27,1,"$895,000",895000
C.J. Uzomah,9590,TE,CIN,49.4,55.8,380,60.0,2019,202,C.J. Uzomah,2019,26,3,"$18,300,000",6100000
Demetrius Harris,8524,TE,CLV,46.1,64.6,300,62.0,2019,214,Demetrius Harris,2019,27,2,"$6,000,000",3000000
Travis Kelce,7844,TE,KC,87.9,72.7,416,3.0,2018,511,Travis Kelce,2018,28,5,"$46,842,000",9368400
Lee Smith,6311,TE,LV,78.4,72.7,235,4.0,2018,325,Lee Smith,2018,30,3,"$9,000,000",3000000
Luke Stocker,6256,TE,TEN,76.1,77.9,366,6.0,2018,407,Luke Stocker,2018,30,2,"$2,200,000",1100000
Zach Ertz,7816,TE,PHI,75.7,72.2,423,7.0,2018,515,Zach Ertz,2018,27,5,"$42,500,000",8500000
Jared Cook,5012,TE,LV,75.5,50.1,250,8.0,2018,389,Jared Cook,2018,30,2,"$10,600,000",5300000
Jack Doyle,8520,TE,IND,72.5,74.4,164,12.0,2018,386,Jack Doyle,2018,27,3,"$18,900,000",6300000
Benjamin Watson,1753,TE,NO,71.0,73.4,251,13.0,2018,282,Benjamin Watson,2018,37,1,"$2,000,000",2000000
Trey Burton,9185,TE,CHI,69.4,65.7,332,16.0,2018,350,Trey Burton,2018,26,4,"$32,000,000",8000000
Vance McDonald,7836,TE,PIT,69.3,66.5,136,17.0,2018,512,Vance McDonald,2018,28,3,"$19,650,000",6550000
Mo Alie-Cox,12078,TE,IND,69.1,72.6,225,18.0,2018,334,Mo Alie-Cox,2018,24,2,"$1,050,000",525000
Levine Toilolo,7915,TE,DET,66.1,87.0,333,22.0,2018,326,Levine Toilolo,2018,26,1,"$1,500,000",1500000
Darren Fells,8549,TE,CLV,65.0,72.0,317,24.0,2018,297,Darren Fells,2018,31,3,"$12,000,000",4000000
Rhett Ellison,7128,TE,NYG,64.4,62.6,302,25.0,2018,423,Rhett Ellison,2018,29,4,"$18,000,000",4500000
Matt Lengel,9884,TE,CIN,63.6,72.8,96,26.0,2018,332,Matt Lengel,2018,27,1,"$630,000",630000
Kyle Rudolph,6195,TE,MIN,63.6,57.4,347,26.0,2018,643,Kyle Rudolph,2018,28,5,"$36,500,000",7300000
Nick O'Leary,9627,TE,MIA,63.2,61.6,261,29.0,2018,338,Nick O'Leary,2018,26,1,"$1,500,000",1500000
Garrett Celek,7274,TE,SF,62.7,60.1,218,31.0,2018,469,Garrett Celek,2018,29,4,"$10,200,000",2550000
Ed Dickson,5595,TE,SEA,62.6,51.2,216,32.0,2018,303,Ed Dickson,2018,30,3,"$10,700,000",3566667
Logan Paulsen,5795,TE,ATL,62.0,70.9,272,33.0,2018,327,Logan Paulsen,2018,31,1,"$1,005,000",1005000
Vernon Davis,2951,TE,WAS,61.0,66.7,233,35.0,2018,435,Vernon Davis,2018,34,3,"$15,000,000",5000000
Demetrius Harris,8524,TE,KC,59.9,73.2,226,38.0,2018,463,Demetrius Harris,2018,26,3,"$6,300,000",2100000
Jimmy Graham,5619,TE,GB,59.6,51.7,200,39.0,2018,319,Jimmy Graham,2018,31,3,"$30,000,000",10000000
Lance Kendricks,6199,TE,GB,59.6,61.5,162,39.0,2018,402,Lance Kendricks,2018,30,2,"$4,000,000",2000000
Virgil Green,6356,TE,LAC,57.8,78.8,475,41.0,2018,353,Virgil Green,2018,29,3,"$8,600,000",2866667
Chris Manhertz,10211,TE,CAR,57.7,86.6,289,42.0,2018,290,Chris Manhertz,2018,25,1,"$630,000",630000
Scott Simonson,8954,TE,NYG,57.1,44.2,191,43.0,2018,346,Scott Simonson,2018,26,1,"$705,000",705000
Matt LaCosse,9840,TE,DEN,57.1,63.4,203,43.0,2018,413,Matt LaCosse,2018,26,2,"$1,020,000",510000
Charles Clay,6326,TE,BUF,56.6,73.8,246,46.0,2018,530,Charles Clay,2018,29,5,"$38,000,000",7600000
Blake Bell,9550,TE,JAX,55.8,79.5,107,47.0,2018,284,Blake Bell,2018,27,1,"$705,000",705000
Josh Hill,8200,TE,NO,55.8,59.9,471,47.0,2018,485,Josh Hill,2018,27,3,"$7,100,000",2366667
Ryan Griffin,7982,TE,HST,55.0,55.2,375,52.0,2018,426,Ryan Griffin,2018,28,3,"$9,000,000",3000000
Luke Willson,7940,TE,DET,54.6,71.3,213,53.0,2018,329,Luke Willson,2018,28,1,"$2,500,000",2500000
Dwayne Allen,7066,TE,NE,50.5,56.1,299,58.0,2018,465,Dwayne Allen,2018,28,4,"$29,400,000",7350000
Eric Tomlinson,9786,TE,NYJ,49.9,57.4,255,60.0,2018,305,Eric Tomlinson,2018,25,2,"$1,200,000",600000
Jermaine Gresham,5546,TE,ARZ,49.7,79.8,299,61.0,2018,393,Jermaine Gresham,2018,29,4,"$28,000,000",7000000
Dion Sims,7888,TE,CHI,38.6,68.1,128,64.0,2018,380,Dion Sims,2018,27,3,"$18,000,000",6000000
Travis Kelce,7844,TE,KC,83.3,51.2,343,4.0,2017,511,Travis Kelce,2017,27,5,"$46,842,000",9368400
Zach Ertz,7816,TE,PHI,80.6,66.1,422,5.0,2017,515,Zach Ertz,2017,26,5,"$42,500,000",8500000
Delanie Walker,3120,TE,TEN,78.0,67.8,306,6.0,2017,462,Delanie Walker,2017,32,2,"$13,375,000",6687500
Vance McDonald,7836,TE,PIT,76.8,79.1,161,7.0,2017,512,Vance McDonald,2017,27,3,"$19,650,000",6550000
Rhett Ellison,7128,TE,NYG,74.6,68.4,326,8.0,2017,423,Rhett Ellison,2017,28,4,"$18,000,000",4500000
Cameron Brate,9207,TE,TB,73.6,35.6,160,9.0,2017,369,Cameron Brate,2017,25,1,"$690,000",690000
Garrett Celek,7274,TE,SF,73.0,55.3,341,10.0,2017,469,Garrett Celek,2017,28,4,"$10,200,000",2550000
Sean McGrath,7515,TE,LAC,72.6,75.5,174,11.0,2017,428,Sean McGrath,2017,29,1,"$615,000",615000
Jack Doyle,8520,TE,IND,70.8,61.8,431,14.0,2017,386,Jack Doyle,2017,26,3,"$18,900,000",6300000
Charles Clay,6326,TE,BUF,70.8,55.5,268,14.0,2017,530,Charles Clay,2017,28,5,"$38,000,000",7600000
James Hanna,7175,TE,DAL,69.2,80.3,201,16.0,2017,476,James Hanna,2017,27,3,"$8,250,000",2750000
Darren Fells,8549,TE,DET,69.0,74.8,374,17.0,2017,378,Darren Fells,2017,30,1,"$1,000,000",1000000
Kyle Rudolph,6195,TE,MIN,68.2,61.9,539,18.0,2017,643,Kyle Rudolph,2017,27,5,"$36,500,000",7300000
Marcedes Lewis,2973,TE,JAX,67.5,68.1,603,20.0,2017,497,Marcedes Lewis,2017,32,3,"$12,000,000",4000000
Levine Toilolo,7915,TE,ATL,67.3,66.5,361,21.0,2017,405,Levine Toilolo,2017,25,3,"$12,000,000",4000000
Jimmy Graham,5619,TE,SEA,66.0,65.0,223,24.0,2017,634,Jimmy Graham,2017,30,4,"$40,000,000",10000000
Jared Cook,5012,TE,LV,63.2,79.8,297,27.0,2017,389,Jared Cook,2017,29,2,"$10,600,000",5300000
Jermaine Gresham,5546,TE,ARZ,62.8,55.5,414,28.0,2017,393,Jermaine Gresham,2017,28,4,"$28,000,000",7000000
Julius Thomas,6281,TE,MIA,62.5,74.9,310,29.0,2017,397,Julius Thomas,2017,28,2,"$12,200,000",6100000
Derek Carrier,7406,TE,LA,62.0,83.6,149,32.0,2017,538,Derek Carrier,2017,26,3,"$2,985,000",995000
Vernon Davis,2951,TE,WAS,61.9,58.0,398,33.0,2017,435,Vernon Davis,2017,33,3,"$15,000,000",5000000
Josh Hill,8200,TE,NO,61.6,81.1,410,35.0,2017,485,Josh Hill,2017,26,3,"$7,100,000",2366667
Benjamin Watson,1753,TE,BLT,60.7,72.8,269,38.0,2017,443,Benjamin Watson,2017,36,2,"$7,000,000",3500000
Jason Witten,1384,TE,DAL,60.6,64.4,524,39.0,2017,391,Jason Witten,2017,34,4,"$29,600,000",7400000
Luke Willson,7940,TE,SEA,60.1,53.8,226,42.0,2017,408,Luke Willson,2017,27,1,"$1,800,000",1800000
Ed Dickson,5595,TE,CAR,59.2,72.3,505,44.0,2017,541,Ed Dickson,2017,29,3,"$6,100,000",2033333
Anthony Fasano,2998,TE,MIA,59.0,73.0,377,47.0,2017,361,Anthony Fasano,2017,32,1,"$2,750,000",2750000
Ryan Griffin,7982,TE,HST,58.9,64.4,212,48.0,2017,426,Ryan Griffin,2017,27,3,"$9,000,000",3000000
Lee Smith,6311,TE,LV,58.6,75.1,260,49.0,2017,404,Lee Smith,2017,29,1,"$2,250,000",2250000
Brandon Williams,7876,TE,IND,57.8,59.2,210,50.0,2017,365,Brandon Williams,2017,29,1,"$855,000",855000
Dion Sims,7888,TE,CHI,56.8,77.5,387,52.0,2017,380,Dion Sims,2017,26,3,"$18,000,000",6000000
Dwayne Allen,7066,TE,NE,55.6,58.4,337,55.0,2017,465,Dwayne Allen,2017,27,4,"$29,400,000",7350000
Demetrius Harris,8524,TE,KC,55.1,62.0,261,56.0,2017,463,Demetrius Harris,2017,25,3,"$6,300,000",2100000
Virgil Green,6356,TE,DEN,53.6,74.0,389,57.0,2017,594,Virgil Green,2017,28,3,"$8,400,000",2800000
Brent Celek,3778,TE,PHI,53.1,65.8,367,59.0,2017,449,Brent Celek,2017,32,3,"$13,000,000",4333333
Michael Hoomanawanui,5655,TE,NO,52.7,81.1,369,60.0,2017,500,Michael Hoomanawanui,2017,28,3,"$5,200,000",1733333
Niles Paul,6307,TE,WAS,51.3,82.1,196,61.0,2017,579,Niles Paul,2017,27,3,"$6,000,000",2000000
Lance Kendricks,6199,TE,GB,49.2,71.5,236,62.0,2017,402,Lance Kendricks,2017,29,2,"$4,000,000",2000000
Travis Kelce,7844,TE,KC,88.9,74.8,376,2.0,2016,511,Travis Kelce,2016,26,5,"$46,842,000",9368400
Jimmy Graham,5619,TE,SEA,85.4,79.2,313,3.0,2016,634,Jimmy Graham,2016,29,4,"$40,000,000",10000000
Jordan Reed,7866,TE,WAS,83.6,60.4,196,4.0,2016,484,Jordan Reed,2016,25,5,"$46,750,000",9350000
Greg Olsen,3647,TE,CAR,83.4,72.3,475,5.0,2016,548,Greg Olsen,2016,30,3,"$22,500,000",7500000
Anthony Fasano,2998,TE,TEN,78.6,77.9,406,8.0,2016,521,Anthony Fasano,2016,31,2,"$5,250,000",2625000
Jared Cook,5012,TE,GB,76.1,77.6,141,10.0,2016,477,Jared Cook,2016,28,1,"$2,750,000",2750000
Vernon Davis,2951,TE,WAS,76.0,64.0,369,11.0,2016,513,Vernon Davis,2016,32,1,"$2,400,000",2400000
Delanie Walker,3120,TE,TEN,76.0,76.4,246,11.0,2016,462,Delanie Walker,2016,31,2,"$13,375,000",6687500
Martellus Bennett,4375,TE,NE,75.5,72.1,574,13.0,2016,718,Martellus Bennett,2016,29,4,"$20,400,000",5100000
Jack Doyle,8520,TE,IND,75.1,57.0,357,15.0,2016,472,Jack Doyle,2016,25,1,"$1,671,000",1671000
Kyle Rudolph,6195,TE,MIN,73.2,77.5,404,16.0,2016,643,Kyle Rudolph,2016,26,5,"$36,500,000",7300000
Zach Miller,5104,TE,CHI,73.0,69.5,193,17.0,2016,516,Zach Miller,2016,31,2,"$5,500,000",2750000
Zach Ertz,7816,TE,PHI,70.9,63.5,326,18.0,2016,515,Zach Ertz,2016,25,5,"$42,500,000",8500000
MarQueis Gray,8286,TE,MIA,70.3,59.4,185,19.0,2016,496,MarQueis Gray,2016,26,1,"$675,000",675000
Rhett Ellison,7128,TE,MIN,69.3,77.5,180,20.0,2016,504,Rhett Ellison,2016,27,1,"$1,750,000",1750000
Matthew Mulligan,4701,TE,DET,68.8,74.0,155,21.0,2016,499,Matthew Mulligan,2016,31,1,"$885,000",885000
Vance McDonald,7836,TE,SF,68.7,68.8,196,23.0,2016,512,Vance McDonald,2016,26,3,"$19,650,000",6550000
Gary Barnidge,4455,TE,CLV,68.6,79.4,432,24.0,2016,547,Gary Barnidge,2016,31,3,"$12,300,000",4100000
David Johnson,5165,TE,PIT,68.6,70.0,229,24.0,2016,461,David Johnson,2016,28,1,"$760,000",760000
Charles Clay,6326,TE,BUF,68.2,70.2,429,27.0,2016,530,Charles Clay,2016,27,5,"$38,000,000",7600000
Virgil Green,6356,TE,DEN,67.4,68.5,250,28.0,2016,594,Virgil Green,2016,27,3,"$8,400,000",2800000
Marcedes Lewis,2973,TE,JAX,66.2,71.3,148,30.0,2016,497,Marcedes Lewis,2016,31,3,"$12,000,000",4000000
Brent Celek,3778,TE,PHI,65.4,63.4,309,33.0,2016,449,Brent Celek,2016,31,3,"$13,000,000",4333333
Dwayne Allen,7066,TE,IND,64.6,38.6,294,37.0,2016,465,Dwayne Allen,2016,26,4,"$29,400,000",7350000
Jermaine Gresham,5546,TE,ARZ,63.8,49.3,473,38.0,2016,479,Jermaine Gresham,2016,27,1,"$3,500,000",3500000
Lance Kendricks,6199,TE,LA,63.7,68.6,448,39.0,2016,567,Lance Kendricks,2016,28,4,"$18,500,000",4625000
Darren Fells,8549,TE,ARZ,63.0,80.1,202,41.0,2016,460,Darren Fells,2016,29,1,"$600,000",600000
Ed Dickson,5595,TE,CAR,62.5,66.2,332,43.0,2016,541,Ed Dickson,2016,28,3,"$6,100,000",2033333
Dennis Pitta,5638,TE,BLT,61.8,33.8,242,45.0,2016,619,Dennis Pitta,2016,30,5,"$32,000,000",6400000
John Phillips,5132,TE,NO,59.9,68.1,250,48.0,2016,483,John Phillips,2016,28,1,"$760,000",760000
Garrett Celek,7274,TE,SF,58.3,55.5,322,49.0,2016,469,Garrett Celek,2016,27,4,"$10,200,000",2550000
Will Tye,10070,TE,NYG,57.9,64.7,310,51.0,2016,514,Will Tye,2016,24,1,"$525,000",525000
Josh Hill,8200,TE,NO,57.9,68.0,220,51.0,2016,485,Josh Hill,2016,25,3,"$7,100,000",2366667
Brandon Bostick,7605,TE,NYJ,57.4,71.2,222,53.0,2016,446,Brandon Bostick,2016,26,1,"$600,000",600000
Sean McGrath,7515,TE,LAC,56.8,78.9,232,56.0,2016,589,Sean McGrath,2016,28,2,"$960,000",480000
Kellen Davis,4472,TE,NYJ,51.5,65.5,193,60.0,2016,488,Kellen Davis,2016,30,1,"$965,000",965000
Logan Paulsen,5795,TE,CHI,48.6,64.9,304,61.0,2016,494,Logan Paulsen,2016,29,1,"$840,000",840000
Demetrius Harris,8524,TE,KC,47.3,55.7,271,62.0,2016,463,Demetrius Harris,2016,24,3,"$6,300,000",2100000
Larry Donnell,7638,TE,NYG,41.6,77.9,101,64.0,2016,493,Larry Donnell,2016,27,1,"$1,671,000",1671000
Greg Olsen,3647,TE,CAR,90.4,82.3,646,2.0,2015,548,Greg Olsen,2015,29,3,"$22,500,000",7500000
Craig Stevens,4399,TE,TEN,88.9,69.8,335,4.0,2015,611,Craig Stevens,2015,30,2,"$5,200,000",2600000
Zach Miller,5104,TE,CHI,86.3,79.4,353,5.0,2015,595,Zach Miller,2015,30,1,"$660,000",660000
Jimmy Graham,5619,TE,SEA,79.0,48.5,225,9.0,2015,634,Jimmy Graham,2015,28,4,"$40,000,000",10000000
Benjamin Watson,1753,TE,NO,75.1,71.8,437,12.0,2015,676,Benjamin Watson,2015,34,3,"$4,950,000",1650000
Gary Barnidge,4455,TE,CLV,74.6,37.7,310,13.0,2015,547,Gary Barnidge,2015,30,3,"$12,300,000",4100000
Jermaine Gresham,5546,TE,ARZ,73.4,64.0,385,15.0,2015,554,Jermaine Gresham,2015,27,1,"$3,125,000",3125000
Charles Clay,6326,TE,BUF,73.2,69.7,376,16.0,2015,530,Charles Clay,2015,26,5,"$38,000,000",7600000
Virgil Green,6356,TE,DEN,72.8,73.2,324,17.0,2015,594,Virgil Green,2015,26,3,"$8,400,000",2800000
Martellus Bennett,4375,TE,CHI,72.8,61.9,366,17.0,2015,718,Martellus Bennett,2015,28,4,"$20,400,000",5100000
Kyle Rudolph,6195,TE,MIN,71.4,53.8,450,20.0,2015,643,Kyle Rudolph,2015,25,5,"$36,500,000",7300000
Lee Smith,6311,TE,LV,69.3,75.9,399,23.0,2015,569,Lee Smith,2015,27,3,"$9,350,000",3116667
Anthony Fasano,2998,TE,TEN,69.3,62.6,261,23.0,2015,521,Anthony Fasano,2015,30,2,"$5,250,000",2625000
Darren Fells,8549,TE,ARZ,67.9,61.0,439,25.0,2015,617,Darren Fells,2015,28,2,"$930,000",465000
Heath Miller,2247,TE,PIT,67.2,69.9,494,27.0,2015,626,Heath Miller,2015,32,2,"$8,000,000",4000000
Marcedes Lewis,2973,TE,JAX,67.0,77.4,398,28.0,2015,571,Marcedes Lewis,2015,30,1,"$2,650,000",2650000
Garrett Celek,7274,TE,SF,66.9,83.9,229,29.0,2015,546,Garrett Celek,2015,26,1,"$710,000",710000
Jacob Tamme,4441,TE,ATL,66.9,49.0,281,29.0,2015,550,Jacob Tamme,2015,30,2,"$3,200,000",1600000
Jason Witten,1384,TE,DAL,66.4,77.4,467,32.0,2015,823,Jason Witten,2015,33,5,"$37,000,000",7400000
Luke Stocker,6256,TE,TB,66.0,75.3,365,33.0,2015,570,Luke Stocker,2015,26,3,"$4,800,000",1600000
Owen Daniels,3043,TE,DEN,65.2,62.5,445,35.0,2015,580,Owen Daniels,2015,32,3,"$12,250,000",4083333
Derek Carrier,7406,TE,WAS,63.8,79.3,252,39.0,2015,538,Derek Carrier,2015,24,3,"$2,985,000",995000
Michael Williams,7993,TE,NE,63.1,63.7,352,41.0,2015,576,Michael Williams,2015,24,2,"$960,000",480000
Lance Kendricks,6199,TE,LA,62.7,72.9,396,43.0,2015,567,Lance Kendricks,2015,27,4,"$18,500,000",4625000
Jordan Cameron,6254,TE,MIA,61.8,65.5,332,46.0,2015,557,Jordan Cameron,2015,26,2,"$15,000,000",7500000
Matt Spaeth,3693,TE,PIT,61.7,85.8,218,47.0,2015,574,Matt Spaeth,2015,31,2,"$2,200,000",1100000
Brandon Myers,5126,TE,TB,60.2,66.7,162,48.0,2015,603,Brandon Myers,2015,29,2,"$4,250,000",2125000
Clay Harbor,5648,TE,JAX,59.6,75.0,170,51.0,2015,608,Clay Harbor,2015,27,2,"$3,000,000",1500000
Michael Hoomanawanui,5655,TE,NO,59.4,63.3,264,52.0,2015,649,Michael Hoomanawanui,2015,26,2,"$2,400,000",1200000
Larry Donnell,7638,TE,NYG,58.4,78.7,160,53.0,2015,568,Larry Donnell,2015,26,1,"$585,000",585000
Brandon Pettigrew,4943,TE,DET,58.2,64.8,187,54.0,2015,604,Brandon Pettigrew,2015,30,4,"$16,000,000",4000000
Jared Cook,5012,TE,LA,57.4,59.0,290,55.0,2015,707,Jared Cook,2015,27,5,"$35,100,000",7020000
Ed Dickson,5595,TE,CAR,57.4,69.0,483,55.0,2015,541,Ed Dickson,2015,27,3,"$6,100,000",2033333
Andrew Quarless,5677,TE,GB,55.9,73.6,69,59.0,2015,599,Andrew Quarless,2015,26,2,"$3,000,000",1500000
Jeff Cumberland,5861,TE,NYJ,55.6,70.2,150,60.0,2015,631,Jeff Cumberland,2015,27,3,"$5,700,000",1900000
David Johnson,5165,TE,LAC,50.2,83.6,180,62.0,2015,618,David Johnson,2015,27,2,"$1,700,000",850000
Kellen Davis,4472,TE,NYJ,49.2,64.5,322,63.0,2015,562,Kellen Davis,2015,29,1,"$950,000",950000
Jim Dray,5756,TE,CLV,48.9,63.4,281,64.0,2015,633,Jim Dray,2015,28,3,"$5,625,000",1875000
Greg Olsen,3647,TE,CAR,84.1,72.4,587,3.0,2014,822,Greg Olsen,2014,29,5,"$22,800,000",4560000
Jason Witten,1384,TE,DAL,83.6,81.1,629,4.0,2014,823,Jason Witten,2014,32,5,"$37,000,000",7400000
Martellus Bennett,4375,TE,CHI,79.5,59.4,374,6.0,2014,718,Martellus Bennett,2014,27,4,"$20,400,000",5100000
Daniel Fells,3309,TE,NYG,78.8,64.4,294,7.0,2014,615,Daniel Fells,2014,30,1,"$730,000",730000
Brent Celek,3778,TE,PHI,76.7,66.8,505,9.0,2014,887,Brent Celek,2014,29,6,"$29,250,000",4875000
Bear Pascoe,5108,TE,ATL,75.4,56.0,103,10.0,2014,601,Bear Pascoe,2014,28,1,"$730,000",730000
Jimmy Graham,5619,TE,NO,74.7,62.9,228,11.0,2014,634,Jimmy Graham,2014,27,4,"$40,000,000",10000000
Delanie Walker,3120,TE,TEN,74.0,72.4,272,14.0,2014,693,Delanie Walker,2014,29,4,"$17,500,000",4375000
Owen Daniels,3043,TE,BLT,73.7,57.9,430,15.0,2014,657,Owen Daniels,2014,31,1,"$1,000,000",1000000
Heath Miller,2247,TE,PIT,72.6,54.6,577,17.0,2014,626,Heath Miller,2014,31,2,"$8,000,000",4000000
Jared Cook,5012,TE,LA,72.4,73.2,264,18.0,2014,707,Jared Cook,2014,26,5,"$35,100,000",7020000
Antonio Gates,1609,TE,LAC,72.3,58.9,214,19.0,2014,852,Antonio Gates,2014,34,5,"$36,175,000",7235000
Cooper Helfet,7737,TE,SEA,71.8,33.4,142,22.0,2014,610,Cooper Helfet,2014,24,2,"$930,000",465000
Jim Dray,5756,TE,CLV,67.9,79.0,418,28.0,2014,633,Jim Dray,2014,27,3,"$5,625,000",1875000
Larry Donnell,7638,TE,NYG,66.6,83.8,329,31.0,2014,716,Larry Donnell,2014,25,2,"$900,000",450000
Clay Harbor,5648,TE,JAX,65.3,49.6,239,32.0,2014,608,Clay Harbor,2014,26,2,"$3,000,000",1500000
Benjamin Watson,1753,TE,NO,63.8,69.7,381,35.0,2014,676,Benjamin Watson,2014,33,3,"$4,950,000",1650000
Matt Spaeth,3693,TE,PIT,63.8,69.3,277,35.0,2014,719,Matt Spaeth,2014,30,2,"$2,000,000",1000000
Andrew Quarless,5677,TE,GB,63.7,60.9,321,37.0,2014,599,Andrew Quarless,2014,25,2,"$3,000,000",1500000
Kyle Rudolph,6195,TE,MIN,63.2,67.4,192,39.0,2014,643,Kyle Rudolph,2014,24,5,"$36,500,000",7300000
Anthony Fasano,2998,TE,KC,61.1,58.4,384,43.0,2014,673,Anthony Fasano,2014,29,4,"$16,000,000",4000000
Scott Chandler,3745,TE,BUF,60.5,73.1,255,45.0,2014,661,Scott Chandler,2014,28,2,"$4,750,000",2375000
Chase Coffman,5021,TE,TEN,59.8,36.5,75,46.0,2014,607,Chase Coffman,2014,27,1,"$730,000",730000
Ed Dickson,5595,TE,CAR,58.1,53.1,421,47.0,2014,621,Ed Dickson,2014,26,1,"$795,000",795000
Dante Rosario,3771,TE,CHI,57.5,45.6,158,48.0,2014,616,Dante Rosario,2014,29,1,"$855,000",855000
Garrett Graham,5642,TE,HST,57.4,65.3,278,49.0,2014,625,Garrett Graham,2014,27,3,"$11,250,000",3750000
Marcedes Lewis,2973,TE,JAX,57.1,72.7,202,50.0,2014,834,Marcedes Lewis,2014,30,5,"$34,000,000",6800000
John Phillips,5132,TE,LAC,55.2,80.8,174,52.0,2014,710,John Phillips,2014,26,3,"$5,275,000",1758333
Brandon Myers,5126,TE,TB,55.0,38.5,216,53.0,2014,603,Brandon Myers,2014,28,2,"$4,250,000",2125000
Brandon Pettigrew,4943,TE,DET,54.8,57.6,400,55.0,2014,604,Brandon Pettigrew,2014,29,4,"$16,000,000",4000000
Kevin Brock,5328,TE,CIN,54.8,70.7,126,55.0,2014,639,Kevin Brock,2014,27,1,"$495,000",495000
Vernon Davis,2951,TE,SF,53.8,76.3,382,57.0,2014,881,Vernon Davis,2014,30,5,"$36,750,000",7350000
Logan Paulsen,5795,TE,WAS,52.7,65.3,270,60.0,2014,717,Logan Paulsen,2014,27,3,"$4,000,000",1333333
Michael Hoomanawanui,5655,TE,NE,51.9,63.6,378,61.0,2014,649,Michael Hoomanawanui,2014,25,2,"$2,400,000",1200000
John Carlson,4352,TE,ARZ,51.1,51.4,334,62.0,2014,635,John Carlson,2014,29,2,"$3,200,000",1600000
Jeff Cumberland,5861,TE,NYJ,48.9,50.5,530,64.0,2014,631,Jeff Cumberland,2014,26,3,"$5,700,000",1900000
Benjamin Watson,1753,TE,NO,87.6,68.2,419,2.0,2013,676,Benjamin Watson,2013,32,3,"$4,950,000",1650000
Ben Hartsock,1789,TE,CAR,84.5,77.9,291,4.0,2013,675,Ben Hartsock,2013,32,1,"$905,000",905000
Greg Olsen,3647,TE,CAR,78.9,68.5,524,9.0,2013,822,Greg Olsen,2013,28,5,"$22,800,000",4560000
Brent Celek,3778,TE,PHI,78.8,70.7,532,10.0,2013,887,Brent Celek,2013,28,6,"$29,250,000",4875000
John Carlson,4352,TE,MIN,78.5,71.3,277,11.0,2013,781,John Carlson,2013,28,5,"$25,000,000",5000000
Jason Witten,1384,TE,DAL,78.2,77.1,420,12.0,2013,823,Jason Witten,2013,31,5,"$37,000,000",7400000
Kellen Winslow,1727,TE,NYJ,76.1,58.7,116,15.0,2013,712,Kellen Winslow,2013,29,1,"$840,000",840000
Tony Gonzalez,237,TE,ATL,75.5,62.6,363,16.0,2013,736,Tony Gonzalez,2013,35,2,"$12,650,000",6325000
Martellus Bennett,4375,TE,CHI,75.1,45.0,408,17.0,2013,718,Martellus Bennett,2013,26,4,"$20,400,000",5100000
Gary Barnidge,4455,TE,CLV,74.4,91.0,427,18.0,2013,703,Gary Barnidge,2013,27,3,"$3,750,000",1250000
Zach Miller,3654,TE,SEA,73.6,66.2,520,19.0,2013,739,Zach Miller,2013,28,1,"$630,000",630000
Bear Pascoe,5108,TE,NYG,72.6,57.4,227,20.0,2013,674,Bear Pascoe,2013,26,1,"$900,000",900000
Vernon Davis,2951,TE,SF,72.4,65.8,488,21.0,2013,881,Vernon Davis,2013,29,5,"$36,750,000",7350000
Jeff Cumberland,5861,TE,NYJ,70.2,48.8,419,24.0,2013,708,Jeff Cumberland,2013,25,1,"$1,323,000",1323000
Antonio Gates,1609,TE,LAC,68.7,69.0,424,26.0,2013,852,Antonio Gates,2013,33,5,"$36,175,000",7235000
Heath Miller,2247,TE,PIT,68.7,68.0,415,26.0,2013,893,Heath Miller,2013,30,5,"$33,750,000",6750000
Sean McGrath,7515,TE,KC,68.4,63.5,337,29.0,2013,802,Sean McGrath,2013,25,4,"$1,875,000",468750
Delanie Walker,3120,TE,TEN,68.0,49.3,261,30.0,2013,693,Delanie Walker,2013,28,4,"$17,500,000",4375000
Brandon Myers,5126,TE,NYG,67.1,61.8,385,33.0,2013,677,Brandon Myers,2013,27,1,"$2,250,000",2250000
Matthew Mulligan,4701,TE,NE,66.7,65.3,286,35.0,2013,720,Matthew Mulligan,2013,28,1,"$820,000",820000
Marcedes Lewis,2973,TE,JAX,66.5,78.6,309,37.0,2013,834,Marcedes Lewis,2013,29,5,"$34,000,000",6800000
Craig Stevens,4399,TE,TEN,65.8,77.1,328,41.0,2013,753,Craig Stevens,2013,28,4,"$14,400,000",3600000
Jared Cook,5012,TE,LA,65.2,77.7,301,42.0,2013,707,Jared Cook,2013,25,5,"$35,100,000",7020000
Scott Chandler,3745,TE,BUF,64.8,38.8,400,43.0,2013,801,Scott Chandler,2013,27,2,"$5,450,000",2725000
Clay Harbor,5648,TE,JAX,63.2,74.8,163,47.0,2013,681,Clay Harbor,2013,25,1,"$630,000",630000
Ed Dickson,5595,TE,BLT,63.1,74.4,389,48.0,2013,699,Ed Dickson,2013,25,1,"$1,323,000",1323000
Anthony Fasano,2998,TE,KC,62.8,67.7,296,49.0,2013,673,Anthony Fasano,2013,28,4,"$16,000,000",4000000
Dallas Clark,1340,TE,BLT,61.1,69.6,91,52.0,2013,686,Dallas Clark,2013,34,1,"$1,005,000",1005000
Jeron Mastrud,5948,TE,LV,59.9,81.8,383,53.0,2013,709,Jeron Mastrud,2013,25,1,"$630,000",630000
Tom Crabtree,5458,TE,TB,59.3,64.0,168,54.0,2013,735,Tom Crabtree,2013,27,2,"$1,600,000",800000
Dante Rosario,3771,TE,CHI,59.1,85.5,77,55.0,2013,689,Dante Rosario,2013,28,1,"$780,000",780000
Matt Spaeth,3693,TE,PIT,58.7,80.5,97,56.0,2013,719,Matt Spaeth,2013,29,2,"$2,000,000",1000000
Michael Hoomanawanui,5655,TE,NE,58.7,64.7,556,56.0,2013,722,Michael Hoomanawanui,2013,24,1,"$630,000",630000
Logan Paulsen,5795,TE,WAS,58.4,63.4,460,58.0,2013,717,Logan Paulsen,2013,26,3,"$4,000,000",1333333
Tony Gonzalez,237,TE,ATL,89.3,73.9,429,2.0,2012,845,Tony Gonzalez,2012,36,2,"$12,650,000",6325000
Heath Miller,2247,TE,PIT,87.1,65.0,516,3.0,2012,893,Heath Miller,2012,29,5,"$33,750,000",6750000
Zach Miller,3654,TE,SEA,84.9,66.0,575,5.0,2012,846,Zach Miller,2012,26,5,"$34,000,000",6800000
Jason Witten,1384,TE,DAL,84.5,66.6,422,6.0,2012,823,Jason Witten,2012,30,5,"$37,000,000",7400000
Greg Olsen,3647,TE,CAR,83.3,65.0,516,7.0,2012,822,Greg Olsen,2012,27,5,"$22,800,000",4560000
Vernon Davis,2951,TE,SF,81.9,63.4,567,8.0,2012,881,Vernon Davis,2012,28,5,"$36,750,000",7350000
Martellus Bennett,4375,TE,NYG,81.3,75.2,477,9.0,2012,790,Martellus Bennett,2012,25,1,"$2,500,000",2500000
Jacob Tamme,4441,TE,DEN,80.2,79.2,222,10.0,2012,772,Jacob Tamme,2012,27,3,"$8,125,000",2708333
Ben Hartsock,1789,TE,CAR,80.2,65.5,177,10.0,2012,809,Ben Hartsock,2012,32,2,"$2,000,000",1000000
Marcedes Lewis,2973,TE,JAX,78.9,73.0,410,13.0,2012,834,Marcedes Lewis,2012,28,5,"$34,000,000",6800000
Dennis Pitta,5638,TE,BLT,78.5,62.1,299,14.0,2012,862,Dennis Pitta,2012,26,3,"$1,586,000",528667
Matthew Mulligan,4701,TE,LA,78.1,74.7,309,15.0,2012,792,Matthew Mulligan,2012,26,2,"$1,402,000",701000
Matt Spaeth,3693,TE,CHI,77.7,75.3,319,16.0,2012,835,Matt Spaeth,2012,28,3,"$5,975,000",1991667
Fred Davis,4362,TE,WAS,75.4,58.1,228,21.0,2012,768,Fred Davis,2012,26,1,"$5,446,000",5446000
Owen Daniels,3043,TE,HST,74.8,60.4,465,22.0,2012,837,Owen Daniels,2012,29,4,"$22,000,000",5500000
Joel Dreessen,2415,TE,DEN,74.4,82.9,599,23.0,2012,779,Joel Dreessen,2012,29,3,"$8,500,000",2833333
Scott Chandler,3745,TE,BUF,73.2,70.3,309,25.0,2012,801,Scott Chandler,2012,26,2,"$5,450,000",2725000
Benjamin Watson,1753,TE,CLV,73.1,70.3,458,26.0,2012,855,Benjamin Watson,2012,31,3,"$12,000,000",4000000
Brent Celek,3778,TE,PHI,71.5,64.0,445,29.0,2012,887,Brent Celek,2012,27,6,"$29,250,000",4875000
Anthony Fasano,2998,TE,MIA,71.4,73.3,489,30.0,2012,851,Anthony Fasano,2012,27,3,"$8,776,000",2925333
Dallas Clark,1340,TE,TB,69.3,57.9,171,33.0,2012,754,Dallas Clark,2012,32,1,"$2,700,000",2700000
Jeff King,3100,TE,ARZ,68.0,77.9,302,37.0,2012,824,Jeff King,2012,29,3,"$5,550,000",1850000
Jermichael Finley,4405,TE,GB,67.4,77.2,236,38.0,2012,776,Jermichael Finley,2012,24,2,"$14,000,000",7000000
Randy McMichael,1114,TE,LAC,67.1,72.7,399,40.0,2012,796,Randy McMichael,2012,32,2,"$2,700,000",1350000
Antonio Gates,1609,TE,LAC,65.5,67.1,314,44.0,2012,852,Antonio Gates,2012,32,5,"$36,175,000",7235000
Alex Smith,2288,TE,CLV,63.0,59.8,203,47.0,2012,742,Alex Smith,2012,29,1,"$850,000",850000
Craig Stevens,4399,TE,TEN,62.7,73.7,329,49.0,2012,753,Craig Stevens,2012,27,4,"$14,400,000",3600000
Konrad Reuland,6469,TE,NYJ,61.0,71.9,273,53.0,2012,830,Konrad Reuland,2012,25,3,"$1,396,000",465333
Kellen Davis,4472,TE,CHI,60.0,69.5,570,56.0,2012,784,Kellen Davis,2012,26,2,"$6,000,000",3000000
Tom Crabtree,5458,TE,GB,57.4,66.3,278,59.0,2012,878,Tom Crabtree,2012,26,3,"$1,215,000",405000
John Carlson,4352,TE,MIN,56.6,37.2,132,60.0,2012,781,John Carlson,2012,27,5,"$25,000,000",5000000
Richard Gordon,6333,TE,LV,51.7,76.5,53,62.0,2012,840,Richard Gordon,2012,25,4,"$2,144,852",536213
Zach Potter,5302,TE,JAX,49.0,78.4,141,64.0,2012,806,Zach Potter,2012,25,1,"$540,000",540000
