player,player_id,position,team_name,grades_offense,pass_plays,rank,Year,index,player_name,year_signed,age,contract_length,value,average/year
Cooper Kupp,11824,WR,LA,93.0,826,1.0,2021,219,Cooper Kupp,2021,28,3,"$47,250,000",15750000
Antonio Brown,5718,WR,TB,87.4,202,6.0,2021,12,Antonio Brown,2021,32,1,"$3,100,000",3100000
Tyreek Hill,10799,WR,KC,86.0,759,8.0,2021,463,Tyreek Hill,2021,27,3,"$54,000,000",18000000
Chris Godwin,11839,WR,TB,81.3,584,13.0,2021,31,Chris Godwin,2021,25,1,"$15,983,000",15983000
Stefon Diggs,9579,WR,BUF,81.0,748,14.0,2021,603,Stefon Diggs,2021,27,5,"$72,000,000",14400000
Tyler Lockett,9502,WR,SEA,81.0,530,14.0,2021,184,Tyler Lockett,2021,28,4,"$69,000,000",17250000
DeAndre Hopkins,7808,WR,ARZ,79.8,343,18.0,2021,229,DeAndre Hopkins,2021,29,2,"$54,500,000",27250000
Kendrick Bourne,12270,WR,NE,77.8,464,23.0,2021,122,Kendrick Bourne,2021,25,3,"$15,000,000",5000000
Keenan Allen,7857,WR,LAC,77.5,689,26.0,2021,263,Keenan Allen,2021,29,4,"$80,100,000",20025000
Brandin Cooks,8655,WR,HST,77.4,567,27.0,2021,481,Brandin Cooks,2021,27,5,"$81,000,000",16200000
Julio Jones,6158,WR,TEN,76.5,279,29.0,2021,405,Julio Jones,2021,32,3,"$66,000,000",22000000
Robert Woods,7822,WR,LA,75.7,340,31.0,2021,293,Robert Woods,2021,29,4,"$65,000,000",16250000
Mike Evans,8642,WR,TB,75.1,747,32.0,2021,581,Mike Evans,2021,27,5,"$82,500,000",16500000
Odell Beckham Jr.,8647,WR,LA,74.8,553,33.0,2021,146,Odell Beckham Jr.,2021,29,1,"$1,250,000",1250000
Adam Thielen,8288,WR,MIN,74.6,474,37.0,2021,318,Adam Thielen,2021,30,4,"$64,200,000",16050000
Amari Cooper,9437,WR,DAL,73.0,616,41.0,2021,199,Amari Cooper,2021,26,5,"$100,000,000",20000000
DeVante Parker,9447,WR,MIA,72.8,370,42.0,2021,364,DeVante Parker,2021,27,4,"$30,500,000",7625000
Laquon Treadwell,10657,WR,JAX,71.9,310,45.0,2021,129,Laquon Treadwell,2021,26,1,"$990,000",990000
Cedrick Wilson,48170,WR,DAL,71.7,428,46.0,2021,24,Cedrick Wilson,2021,25,1,"$2,183,000",2183000
Courtland Sutton,48164,WR,DEN,71.2,574,47.0,2021,39,Courtland Sutton,2021,26,4,"$60,800,000",15200000
Tim Patrick,12087,WR,DEN,71.2,527,47.0,2021,172,Tim Patrick,2021,27,3,"$34,000,000",11333333
Tyler Boyd,10689,WR,CIN,70.8,719,50.0,2021,461,Tyler Boyd,2021,26,4,"$43,000,000",10750000
Zay Jones,11792,WR,LV,70.6,476,52.0,2021,193,Zay Jones,2021,25,1,"$2,500,000",2500000
Randall Cobb,6216,WR,GB,70.1,292,54.0,2021,285,Randall Cobb,2021,30,3,"$27,000,000",9000000
T.Y. Hilton,7092,WR,IND,70.1,238,54.0,2021,164,T.Y. Hilton,2021,31,1,"$8,000,000",8000000
Corey Davis,11760,WR,NYJ,68.8,301,57.0,2021,38,Corey Davis,2021,26,3,"$37,500,000",12500000
Marvin Jones Jr.,7158,WR,JAX,68.3,667,61.0,2021,138,Marvin Jones Jr.,2021,31,2,"$12,500,000",6250000
Cole Beasley,7330,WR,BUF,68.3,569,61.0,2021,351,Cole Beasley,2021,31,4,"$29,000,000",7250000
Kenny Golladay,11851,WR,NYG,68.3,449,61.0,2021,123,Kenny Golladay,2021,27,4,"$72,000,000",18000000
A.J. Green,6156,WR,ARZ,67.8,593,66.0,2021,0,A.J. Green,2021,32,1,"$6,000,000",6000000
Allen Robinson II,8696,WR,CHI,66.9,386,68.0,2021,5,Allen Robinson II,2021,27,1,"$17,880,000",17880000
Emmanuel Sanders,5606,WR,BUF,66.4,566,70.0,2021,76,Emmanuel Sanders,2021,33,1,"$6,000,000",6000000
Jarvis Landry,8698,WR,CLV,66.3,341,71.0,2021,542,Jarvis Landry,2021,28,5,"$75,500,000",15100000
Sammy Watkins,8639,WR,BLT,66.3,287,71.0,2021,160,Sammy Watkins,2021,27,1,"$5,000,000",5000000
Josh Reynolds,11872,WR,DET,65.9,291,75.0,2021,113,Josh Reynolds,2021,26,1,"$1,750,000",1750000
Byron Pringle,42345,WR,KC,65.2,540,78.0,2021,19,Byron Pringle,2021,27,1,"$2,133,000",2133000
Jamison Crowder,9538,WR,NYJ,64.9,418,79.0,2021,386,Jamison Crowder,2021,27,3,"$28,500,000",9500000
Nelson Agholor,9453,WR,NE,64.8,474,82.0,2021,143,Nelson Agholor,2021,27,2,"$22,000,000",11000000
Sterling Shepard,10674,WR,NYG,64.6,236,84.0,2021,444,Sterling Shepard,2021,28,4,"$41,000,000",10250000
Brandon Zylstra,66438,WR,CAR,63.8,192,86.0,2021,16,Brandon Zylstra,2021,27,1,"$920,000",920000
DeAndre Carter,9859,WR,WAS,63.7,281,87.0,2021,61,DeAndre Carter,2021,27,1,"$970,000",970000
Danny Amendola,4717,WR,HST,63.1,163,90.0,2021,49,Danny Amendola,2021,35,1,"$1,800,000",1800000
Mohamed Sanu,7084,WR,SF,63.0,185,91.0,2021,142,Mohamed Sanu,2021,31,1,"$1,140,000",1140000
Marquise Goodwin,7859,WR,CHI,62.5,257,95.0,2021,136,Marquise Goodwin,2021,30,1,"$1,212,500",1212500
Mike Thomas,10840,WR,CIN,62.3,83,97.0,2021,141,Mike Thomas,2021,26,1,"$1,015,000",1015000
Keelan Cole,51593,WR,NYJ,61.3,367,98.0,2021,119,Keelan Cole,2021,27,1,"$5,500,000",5500000
Robby Anderson,11254,WR,CAR,60.6,652,99.0,2021,291,Robby Anderson,2021,27,2,"$20,000,000",10000000
Kalif Raymond,11028,WR,DET,60.5,497,100.0,2021,118,Kalif Raymond,2021,26,1,"$1,127,500",1127500
Chris Conley,9509,WR,HST,60.5,364,100.0,2021,29,Chris Conley,2021,28,1,"$1,500,000",1500000
Tavon Austin,7789,WR,JAX,60.2,213,102.0,2021,168,Tavon Austin,2021,31,1,"$1,075,000",1075000
Van Jefferson,47447,WR,LA,58.5,730,104.0,2021,314,Van Jefferson,2021,25,4,"$5,611,134",1402784
D'Wayne Eskridge,29573,WR,SEA,58.3,112,105.0,2021,42,D'Wayne Eskridge,2021,24,4,"$5,953,504",1488376
Mack Hollins,11873,WR,MIA,58.1,230,106.0,2021,130,Mack Hollins,2021,27,1,"$1,127,500",1127500
Adam Humphries,10075,WR,WAS,58.1,468,106.0,2021,2,Adam Humphries,2021,27,1,"$1,190,000",1190000
Ray-Ray McCloud III,47895,WR,PIT,58.0,378,108.0,2021,152,Ray-Ray McCloud III,2021,24,1,"$1,000,000",1000000
Chester Rogers,10918,WR,TEN,57.0,341,111.0,2021,28,Chester Rogers,2021,26,1,"$990,000",990000
Greg Ward,12258,WR,PHI,54.9,154,115.0,2021,81,Greg Ward,2021,25,1,"$850,000",850000
Rashard Higgins,10806,WR,CLV,54.7,313,116.0,2021,151,Rashard Higgins,2021,26,1,"$2,377,500",2377500
Tajae Sharpe,10774,WR,ATL,54.4,341,117.0,2021,165,Tajae Sharpe,2021,26,1,"$990,000",990000
Damiere Byrd,9964,WR,CHI,53.8,412,119.0,2021,46,Damiere Byrd,2021,28,1,"$1,127,500",1127500
Dede Westbrook,11865,WR,MIN,53.1,173,121.0,2021,63,Dede Westbrook,2021,27,1,"$1,127,500",1127500
Zach Pascal,12303,WR,IND,52.7,532,124.0,2021,192,Zach Pascal,2021,26,1,"$3,384,000",3384000
Demarcus Robinson,10760,WR,KC,51.9,609,125.0,2021,64,Demarcus Robinson,2021,26,1,"$1,127,500",1127500
Ty Montgomery,9527,WR,NO,51.4,189,126.0,2021,183,Ty Montgomery,2021,28,1,"$1,127,500",1127500
Davante Adams,8688,WR,GB,92.0,578,1.0,2020,663,Davante Adams,2020,28,4,"$58,000,000",14500000
Stefon Diggs,9579,WR,BUF,90.2,794,4.0,2020,603,Stefon Diggs,2020,26,5,"$72,000,000",14400000
Allen Robinson II,8696,WR,CHI,88.3,656,5.0,2020,473,Allen Robinson II,2020,26,3,"$42,000,000",14000000
Adam Thielen,8288,WR,MIN,87.4,536,6.0,2020,318,Adam Thielen,2020,29,4,"$64,200,000",16050000
DeAndre Hopkins,7808,WR,ARZ,87.1,664,7.0,2020,229,DeAndre Hopkins,2020,28,2,"$54,500,000",27250000
Julio Jones,6158,WR,ATL,86.3,314,8.0,2020,405,Julio Jones,2020,31,3,"$66,000,000",22000000
Keenan Allen,7857,WR,LAC,84.9,555,11.0,2020,263,Keenan Allen,2020,28,4,"$80,100,000",20025000
Jarvis Landry,8698,WR,CLV,84.7,505,13.0,2020,542,Jarvis Landry,2020,27,5,"$75,500,000",15100000
Tyreek Hill,10799,WR,KC,84.5,763,14.0,2020,463,Tyreek Hill,2020,26,3,"$54,000,000",18000000
Antonio Brown,5718,WR,TB,82.2,314,16.0,2020,203,Antonio Brown,2020,32,1,"$1,666,667",1666667
Cole Beasley,7330,WR,BUF,81.7,616,17.0,2020,351,Cole Beasley,2020,30,4,"$29,000,000",7250000
Cooper Kupp,11824,WR,LA,81.6,567,18.0,2020,219,Cooper Kupp,2020,27,3,"$47,250,000",15750000
Brandin Cooks,8655,WR,HST,81.1,584,19.0,2020,481,Brandin Cooks,2020,26,5,"$81,000,000",16200000
Michael Thomas,10681,WR,NO,79.6,278,22.0,2020,424,Michael Thomas,2020,26,5,"$96,250,000",19250000
Sterling Shepard,10674,WR,NYG,79.6,395,22.0,2020,444,Sterling Shepard,2020,27,4,"$41,000,000",10250000
Tyler Lockett,9502,WR,SEA,76.5,700,29.0,2020,621,Tyler Lockett,2020,27,3,"$30,750,000",10250000
DeVante Parker,9447,WR,MIA,76.4,484,30.0,2020,364,DeVante Parker,2020,26,4,"$30,500,000",7625000
Amari Cooper,9437,WR,DAL,75.9,638,33.0,2020,199,Amari Cooper,2020,25,5,"$100,000,000",20000000
Tyler Boyd,10689,WR,CIN,75.8,537,36.0,2020,461,Tyler Boyd,2020,25,4,"$43,000,000",10750000
Jamison Crowder,9538,WR,NYJ,75.3,414,38.0,2020,386,Jamison Crowder,2020,26,3,"$28,500,000",9500000
Robby Anderson,11254,WR,CAR,75.1,583,39.0,2020,291,Robby Anderson,2020,26,2,"$20,000,000",10000000
Danny Amendola,4717,WR,DET,74.9,355,40.0,2020,223,Danny Amendola,2020,34,1,"$5,000,000",5000000
Mike Evans,8642,WR,TB,74.9,739,40.0,2020,581,Mike Evans,2020,26,5,"$82,500,000",16500000
Tim Patrick,12087,WR,DEN,74.5,456,44.0,2020,305,Tim Patrick,2020,26,1,"$750,000",750000
Emmanuel Sanders,5606,WR,NO,74.4,440,45.0,2020,243,Emmanuel Sanders,2020,33,2,"$24,000,000",12000000
Nelson Agholor,9453,WR,LV,73.8,466,46.0,2020,281,Nelson Agholor,2020,26,1,"$1,047,500",1047500
Marvin Jones Jr.,7158,WR,DET,73.6,667,47.0,2020,853,Marvin Jones Jr.,2020,29,5,"$40,000,000",8000000
Rashard Higgins,10806,WR,CLV,73.4,377,48.0,2020,286,Rashard Higgins,2020,25,1,"$910,000",910000
Allen Lazard,48135,WR,GB,72.4,353,50.0,2020,198,Allen Lazard,2020,24,1,"$675,000",675000
Kendrick Bourne,12270,WR,SF,72.0,476,51.0,2020,265,Kendrick Bourne,2020,24,1,"$3,259,000",3259000
Randall Cobb,6216,WR,HST,71.6,278,52.0,2020,285,Randall Cobb,2020,29,3,"$27,000,000",9000000
Robert Woods,7822,WR,LA,71.4,674,55.0,2020,293,Robert Woods,2020,28,4,"$65,000,000",16250000
Travis Fulgham,48023,WR,PHI,71.2,387,57.0,2020,310,Travis Fulgham,2020,24,2,"$1,525,000",762500
Jakeem Grant,10820,WR,MIA,70.9,247,58.0,2020,385,Jakeem Grant,2020,27,4,"$19,700,000",4925000
Chris Conley,9509,WR,JAX,70.1,315,60.0,2020,347,Chris Conley,2020,27,2,"$4,595,000",2297500
Adam Humphries,10075,WR,TEN,69.9,168,62.0,2020,317,Adam Humphries,2020,26,4,"$36,000,000",9000000
Van Jefferson,47447,WR,LA,69.8,188,63.0,2020,314,Van Jefferson,2020,24,4,"$5,611,134",1402784
Julian Edelman,5156,WR,NE,68.8,176,67.0,2020,404,Julian Edelman,2020,33,2,"$15,500,000",7750000
C.J. Board,12088,WR,NYG,67.4,116,76.0,2020,340,C.J. Board,2020,26,2,"$1,080,000",540000
A.J. Green,6156,WR,CIN,66.3,538,79.0,2020,194,A.J. Green,2020,31,1,"$18,171,000",18171000
Golden Tate,5585,WR,NYG,66.0,318,81.0,2020,380,Golden Tate,2020,31,4,"$37,500,000",9375000
David Moore,11981,WR,SEA,66.0,334,81.0,2020,226,David Moore,2020,24,1,"$825,000",825000
John Brown,8726,WR,BUF,65.7,442,83.0,2020,392,John Brown,2020,29,3,"$27,000,000",9000000
Mohamed Sanu,7084,WR,DET,65.5,197,84.0,2020,280,Mohamed Sanu,2020,30,1,"$1,050,000",1050000
Sammy Watkins,8639,WR,KC,64.5,382,88.0,2020,296,Sammy Watkins,2020,26,1,"$9,000,000",9000000
Keelan Cole,51593,WR,JAX,64.4,601,90.0,2020,262,Keelan Cole,2020,26,1,"$3,259,000",3259000
Breshad Perriman,9459,WR,NYJ,63.6,393,93.0,2020,207,Breshad Perriman,2020,26,1,"$6,500,000",6500000
Marcus Johnson,11074,WR,IND,63.0,188,94.0,2020,273,Marcus Johnson,2020,25,1,"$925,000",925000
Damiere Byrd,9964,WR,NE,61.4,496,102.0,2020,221,Damiere Byrd,2020,27,1,"$1,600,000",1600000
Demarcus Robinson,10760,WR,KC,60.7,623,105.0,2020,233,Demarcus Robinson,2020,25,1,"$2,297,500",2297500
Larry Fitzgerald,1724,WR,ARZ,59.6,475,108.0,2020,271,Larry Fitzgerald,2020,36,1,"$11,500,000",11500000
Cameron Batson,47669,WR,TEN,58.7,168,111.0,2020,211,Cameron Batson,2020,24,2,"$1,525,000",762500
Marvin Hall,11440,WR,CLV,57.4,258,117.0,2020,419,Marvin Hall,2020,26,2,"$1,380,000",690000
Mike Thomas,10840,WR,CIN,55.2,142,122.0,2020,279,Mike Thomas,2020,25,1,"$850,000",850000
Brandon Zylstra,66438,WR,CAR,54.8,77,123.0,2020,486,Brandon Zylstra,2020,26,3,"$1,710,000",570000
John Hightower,84142,WR,PHI,50.5,250,128.0,2020,256,John Hightower,2020,24,4,"$3,595,052",898763
Julio Jones,6158,WR,ATL,90.6,610,2.0,2019,405,Julio Jones,2019,30,3,"$66,000,000",22000000
Michael Thomas,10681,WR,NO,90.4,677,3.0,2019,424,Michael Thomas,2019,25,5,"$96,250,000",19250000
Davante Adams,8688,WR,GB,88.0,532,4.0,2019,663,Davante Adams,2019,27,4,"$58,000,000",14500000
DeAndre Hopkins,7808,WR,HST,87.8,726,5.0,2019,664,DeAndre Hopkins,2019,27,5,"$81,000,000",16200000
Mike Evans,8642,WR,TB,85.7,539,6.0,2019,581,Mike Evans,2019,25,5,"$82,500,000",16500000
Tyreek Hill,10799,WR,KC,84.5,519,8.0,2019,463,Tyreek Hill,2019,25,3,"$54,000,000",18000000
Robert Woods,7822,WR,LA,82.2,656,11.0,2019,740,Robert Woods,2019,26,5,"$34,000,000",6800000
Tyler Lockett,9502,WR,SEA,81.9,697,13.0,2019,621,Tyler Lockett,2019,26,3,"$30,750,000",10250000
Keenan Allen,7857,WR,LAC,80.8,643,15.0,2019,844,Keenan Allen,2019,27,4,"$45,000,000",11250000
Allen Robinson II,8696,WR,CHI,80.8,671,15.0,2019,473,Allen Robinson II,2019,25,3,"$42,000,000",14000000
DeVante Parker,9447,WR,MIA,79.2,675,18.0,2019,364,DeVante Parker,2019,25,4,"$30,500,000",7625000
Stefon Diggs,9579,WR,MIN,78.3,521,19.0,2019,603,Stefon Diggs,2019,25,5,"$72,000,000",14400000
Jarvis Landry,8698,WR,CLV,78.2,627,20.0,2019,542,Jarvis Landry,2019,26,5,"$75,500,000",15100000
Sterling Shepard,10674,WR,NYG,75.8,417,23.0,2019,444,Sterling Shepard,2019,26,4,"$41,000,000",10250000
Adam Thielen,8288,WR,MIN,75.4,309,25.0,2019,318,Adam Thielen,2019,28,4,"$64,200,000",16050000
T.Y. Hilton,7092,WR,IND,75.1,298,28.0,2019,1017,T.Y. Hilton,2019,29,5,"$65,000,000",13000000
Alshon Jeffery,7048,WR,PHI,74.8,305,30.0,2019,631,Alshon Jeffery,2019,29,4,"$52,000,000",13000000
John Brown,8726,WR,BUF,74.2,625,32.0,2019,392,John Brown,2019,28,3,"$27,000,000",9000000
Golden Tate,5585,WR,NYG,74.0,453,34.0,2019,380,Golden Tate,2019,30,4,"$37,500,000",9375000
Cole Beasley,7330,WR,BUF,73.8,540,36.0,2019,351,Cole Beasley,2019,29,4,"$29,000,000",7250000
Jamison Crowder,9538,WR,NYJ,73.0,567,40.0,2019,386,Jamison Crowder,2019,25,3,"$28,500,000",9500000
Tyler Boyd,10689,WR,CIN,73.0,675,40.0,2019,461,Tyler Boyd,2019,24,4,"$43,000,000",10750000
Marvin Jones Jr.,7158,WR,DET,72.9,546,42.0,2019,853,Marvin Jones Jr.,2019,28,5,"$40,000,000",8000000
Breshad Perriman,9459,WR,TB,72.8,472,43.0,2019,333,Breshad Perriman,2019,25,1,"$4,000,000",4000000
Sammy Watkins,8639,WR,KC,71.6,646,46.0,2019,600,Sammy Watkins,2019,25,3,"$48,000,000",16000000
Danny Amendola,4717,WR,DET,71.5,482,47.0,2019,357,Danny Amendola,2019,33,1,"$4,500,000",4500000
Adam Humphries,10075,WR,TEN,71.4,296,48.0,2019,317,Adam Humphries,2019,25,4,"$36,000,000",9000000
Julian Edelman,5156,WR,NE,71.4,697,48.0,2019,404,Julian Edelman,2019,32,2,"$15,500,000",7750000
Kenny Stills,7926,WR,HST,70.4,490,52.0,2019,711,Kenny Stills,2019,26,4,"$32,000,000",8000000
Larry Fitzgerald,1724,WR,ARZ,70.3,619,54.0,2019,414,Larry Fitzgerald,2019,32,1,"$11,000,000",11000000
Randall Cobb,6216,WR,DAL,69.9,499,56.0,2019,429,Randall Cobb,2019,28,1,"$5,000,000",5000000
Duke Williams,11366,WR,BUF,69.4,162,60.0,2019,374,Duke Williams,2019,25,2,"$1,080,000",540000
Odell Beckham Jr.,8647,WR,CLV,68.7,628,62.0,2019,586,Odell Beckham Jr.,2019,26,5,"$90,000,000",18000000
Robby Anderson,11254,WR,NYJ,68.7,615,62.0,2019,435,Robby Anderson,2019,25,1,"$3,095,000",3095000
Cody Latimer,8691,WR,NYG,68.4,268,64.0,2019,350,Cody Latimer,2019,26,1,"$1,500,000",1500000
Brandin Cooks,8655,WR,LA,68.1,483,65.0,2019,481,Brandin Cooks,2019,25,5,"$81,000,000",16200000
David Moore,11981,WR,SEA,67.4,246,69.0,2019,359,David Moore,2019,24,1,"$645,000",645000
Alex Erickson,11107,WR,CIN,67.1,412,70.0,2019,471,Alex Erickson,2019,26,2,"$4,680,000",2340000
Tim Patrick,12087,WR,DEN,66.7,203,71.0,2019,454,Tim Patrick,2019,25,1,"$570,000",570000
Keelan Cole,51593,WR,JAX,66.5,275,72.0,2019,705,Keelan Cole,2019,26,3,"$1,669,000",556333
Tyrell Williams,10154,WR,LV,66.5,429,72.0,2019,464,Tyrell Williams,2019,27,4,"$44,300,000",11075000
Demaryius Thomas,5547,WR,NYJ,65.9,311,76.0,2019,366,Demaryius Thomas,2019,31,1,"$2,906,000",2906000
Phillip Dorsett,9462,WR,NE,65.6,412,78.0,2019,427,Phillip Dorsett,2019,26,1,"$2,600,000",2600000
Damiere Byrd,9964,WR,ARZ,64.4,326,80.0,2019,354,Damiere Byrd,2019,26,1,"$720,000",720000
Josh Gordon,7618,WR,SEA,63.7,316,83.0,2019,403,Josh Gordon,2019,27,1,"$2,025,000",2025000
Seth Roberts,9079,WR,BLT,63.5,323,85.0,2019,441,Seth Roberts,2019,28,1,"$2,000,000",2000000
Chris Conley,9509,WR,JAX,62.7,629,91.0,2019,347,Chris Conley,2019,26,2,"$4,595,000",2297500
Albert Wilson,8943,WR,MIA,62.3,338,95.0,2019,469,Albert Wilson,2019,26,3,"$24,000,000",8000000
Taylor Gabriel,9002,WR,CHI,62.0,314,96.0,2019,611,Taylor Gabriel,2019,28,4,"$26,000,000",6500000
Fred Brown,23172,WR,DEN,60.1,48,97.0,2019,377,Fred Brown,2019,25,2,"$1,080,000",540000
Tavon Austin,7789,WR,DAL,59.9,165,98.0,2019,449,Tavon Austin,2019,28,1,"$1,750,000",1750000
Marcus Johnson,11074,WR,IND,59.8,249,99.0,2019,417,Marcus Johnson,2019,24,1,"$645,000",645000
Paul Richardson Jr.,8680,WR,WAS,59.7,280,100.0,2019,587,Paul Richardson Jr.,2019,26,5,"$40,000,000",8000000
Mohamed Sanu,7084,WR,NE,58.5,565,103.0,2019,859,Mohamed Sanu,2019,29,5,"$32,500,000",6500000
Willie Snead IV,8999,WR,BLT,58.4,388,104.0,2019,466,Willie Snead IV,2019,27,1,"$6,000,000",6000000
Allen Hurns,8931,WR,MIA,57.0,407,105.0,2019,321,Allen Hurns,2019,28,2,"$7,000,000",3500000
Ted Ginn Jr.,3625,WR,NO,56.7,494,107.0,2019,751,Ted Ginn Jr.,2019,33,3,"$11,000,000",3666667
Chris Hogan,6468,WR,CAR,54.9,112,111.0,2019,348,Chris Hogan,2019,31,1,"$1,450,000",1450000
Geronimo Allison,11141,WR,GB,54.4,496,114.0,2019,379,Geronimo Allison,2019,25,1,"$2,800,000",2800000
Rashard Higgins,10806,WR,CLV,53.6,113,118.0,2019,431,Rashard Higgins,2019,24,1,"$2,025,000",2025000
Chester Rogers,10918,WR,IND,50.5,242,123.0,2019,346,Chester Rogers,2019,25,1,"$3,095,000",3095000
Jarius Wright,7118,WR,CAR,47.8,528,126.0,2019,540,Jarius Wright,2019,29,3,"$7,500,000",2500000
Travis Benjamin,7100,WR,LAC,46.4,146,127.0,2019,457,Travis Benjamin,2019,29,2,"$8,500,000",4250000
Andre Patton,12043,WR,LAC,45.7,334,128.0,2019,324,Andre Patton,2019,24,2,"$1,080,000",540000
DeAndre Hopkins,7808,WR,HST,92.0,732,1.0,2018,664,DeAndre Hopkins,2018,26,5,"$81,000,000",16200000
Julio Jones,6158,WR,ATL,90.9,605,3.0,2018,969,Julio Jones,2018,29,5,"$71,256,045",14251209
Odell Beckham Jr.,8647,WR,NYG,90.0,489,4.0,2018,586,Odell Beckham Jr.,2018,25,5,"$90,000,000",18000000
Adam Thielen,8288,WR,MIN,89.4,694,5.0,2018,626,Adam Thielen,2018,27,4,"$19,246,000",4811500
Keenan Allen,7857,WR,LAC,89.3,602,6.0,2018,844,Keenan Allen,2018,26,4,"$45,000,000",11250000
Davante Adams,8688,WR,GB,87.8,695,8.0,2018,663,Davante Adams,2018,26,4,"$58,000,000",14500000
T.Y. Hilton,7092,WR,IND,87.6,612,9.0,2018,1017,T.Y. Hilton,2018,28,5,"$65,000,000",13000000
Robert Woods,7822,WR,LA,86.4,763,10.0,2018,740,Robert Woods,2018,25,5,"$34,000,000",6800000
A.J. Green,6156,WR,CIN,85.2,313,11.0,2018,890,A.J. Green,2018,30,4,"$60,000,000",15000000
Mike Evans,8642,WR,TB,84.3,680,13.0,2018,581,Mike Evans,2018,24,5,"$82,500,000",16500000
Julian Edelman,5156,WR,NE,82.4,595,14.0,2018,701,Julian Edelman,2018,32,2,"$11,000,000",5500000
Tyler Lockett,9502,WR,SEA,82.3,523,15.0,2018,621,Tyler Lockett,2018,25,3,"$30,750,000",10250000
Brandin Cooks,8655,WR,LA,81.2,737,17.0,2018,481,Brandin Cooks,2018,24,5,"$81,000,000",16200000
Stefon Diggs,9579,WR,MIN,81.1,627,19.0,2018,603,Stefon Diggs,2018,24,5,"$72,000,000",14400000
Emmanuel Sanders,5606,WR,DEN,81.1,443,19.0,2018,811,Emmanuel Sanders,2018,31,3,"$33,000,000",11000000
Doug Baldwin,6615,WR,SEA,80.6,409,22.0,2018,809,Doug Baldwin,2018,29,4,"$46,000,000",11500000
DeSean Jackson,4363,WR,TB,79.4,361,25.0,2018,666,DeSean Jackson,2018,31,3,"$33,500,000",11166667
Antonio Brown,5718,WR,PIT,79.3,716,26.0,2018,639,Antonio Brown,2018,29,4,"$68,000,000",17000000
Alshon Jeffery,7048,WR,PHI,79.0,580,27.0,2018,631,Alshon Jeffery,2018,28,4,"$52,000,000",13000000
Allen Robinson II,8696,WR,CHI,77.7,526,28.0,2018,473,Allen Robinson II,2018,24,3,"$42,000,000",14000000
Adam Humphries,10075,WR,TB,75.2,604,32.0,2018,467,Adam Humphries,2018,24,1,"$2,914,000",2914000
Jarvis Landry,8698,WR,CLV,74.7,647,33.0,2018,542,Jarvis Landry,2018,25,5,"$75,500,000",15100000
Cole Beasley,7330,WR,DAL,74.6,553,34.0,2018,913,Cole Beasley,2018,28,4,"$13,606,000",3401500
Josh Gordon,7618,WR,NE,73.5,403,35.0,2018,554,Josh Gordon,2018,26,1,"$790,000",790000
Marvin Jones Jr.,7158,WR,DET,71.9,365,38.0,2018,853,Marvin Jones Jr.,2018,27,5,"$40,000,000",8000000
Mohamed Sanu,7084,WR,ATL,71.6,599,40.0,2018,859,Mohamed Sanu,2018,28,5,"$32,500,000",6500000
Demaryius Thomas,5547,WR,HST,71.5,495,41.0,2018,921,Demaryius Thomas,2018,30,5,"$70,000,000",14000000
Sammy Watkins,8639,WR,KC,71.2,394,44.0,2018,600,Sammy Watkins,2018,24,3,"$48,000,000",16000000
Golden Tate,5585,WR,PHI,71.1,468,45.0,2018,1083,Golden Tate,2018,29,5,"$31,000,000",6200000
Breshad Perriman,9459,WR,CLV,70.9,145,46.0,2018,487,Breshad Perriman,2018,25,1,"$705,000",705000
Jordy Nelson,4350,WR,LV,70.7,557,47.0,2018,552,Jordy Nelson,2018,32,2,"$14,200,000",7100000
Cody Latimer,8691,WR,NYG,70.2,149,50.0,2018,499,Cody Latimer,2018,25,1,"$2,500,000",2500000
Taylor Gabriel,9002,WR,CHI,68.8,556,53.0,2018,611,Taylor Gabriel,2018,27,4,"$26,000,000",6500000
Bruce Ellington,8741,WR,DET,68.3,189,57.0,2018,490,Bruce Ellington,2018,26,1,"$1,250,000",1250000
Quincy Enunwa,8843,WR,NYJ,68.0,337,60.0,2018,590,Quincy Enunwa,2018,25,1,"$2,914,000",2914000
Willie Snead IV,8999,WR,BLT,67.5,509,63.0,2018,624,Willie Snead IV,2018,25,2,"$7,000,000",3500000
Jordan Matthews,8677,WR,PHI,66.9,244,67.0,2018,550,Jordan Matthews,2018,25,1,"$1,000,000",1000000
Danny Amendola,4717,WR,MIA,66.6,445,68.0,2018,505,Danny Amendola,2018,32,2,"$12,000,000",6000000
Tyrell Williams,10154,WR,LAC,65.9,570,70.0,2018,622,Tyrell Williams,2018,26,1,"$2,914,000",2914000
Ted Ginn Jr.,3625,WR,NO,65.8,212,72.0,2018,751,Ted Ginn Jr.,2018,32,3,"$11,000,000",3666667
Allen Hurns,8931,WR,DAL,65.5,271,73.0,2018,472,Allen Hurns,2018,26,2,"$12,000,000",6000000
Jaron Brown,8128,WR,SEA,65.1,182,74.0,2018,541,Jaron Brown,2018,28,2,"$5,500,000",2750000
Paul Richardson Jr.,8680,WR,WAS,64.7,254,75.0,2018,587,Paul Richardson Jr.,2018,25,5,"$40,000,000",8000000
John Brown,8726,WR,BLT,64.5,544,77.0,2018,546,John Brown,2018,27,1,"$5,000,000",5000000
Kenny Stills,7926,WR,MIA,64.4,467,79.0,2018,711,Kenny Stills,2018,25,4,"$32,000,000",8000000
Martavis Bryant,8753,WR,LV,63.7,153,84.0,2018,574,Martavis Bryant,2018,26,1,"$1,907,000",1907000
Jarius Wright,7118,WR,CAR,63.7,409,84.0,2018,540,Jarius Wright,2018,28,3,"$7,500,000",2500000
Michael Crabtree,4933,WR,BLT,63.3,574,86.0,2018,579,Michael Crabtree,2018,30,3,"$21,000,000",7000000
Jermaine Kearse,7428,WR,NYJ,62.7,404,90.0,2018,831,Jermaine Kearse,2018,28,3,"$13,500,000",4500000
Marquise Goodwin,7859,WR,SF,62.7,264,90.0,2018,573,Marquise Goodwin,2018,27,3,"$19,250,000",6416667
Donte Moncrief,8725,WR,JAX,62.3,567,93.0,2018,518,Donte Moncrief,2018,24,1,"$9,600,000",9600000
Seth Roberts,9079,WR,LV,62.1,401,96.0,2018,746,Seth Roberts,2018,27,3,"$12,000,000",4000000
Aldrick Robinson,6330,WR,MIN,61.8,187,97.0,2018,470,Aldrick Robinson,2018,29,1,"$790,000",790000
Travis Benjamin,7100,WR,LAC,61.3,219,99.0,2018,882,Travis Benjamin,2018,28,4,"$24,000,000",6000000
Randall Cobb,6216,WR,GB,60.2,360,103.0,2018,1004,Randall Cobb,2018,27,4,"$40,000,000",10000000
Tim Patrick,12087,WR,DEN,60.2,263,103.0,2018,615,Tim Patrick,2018,24,1,"$480,000",480000
Keelan Cole,51593,WR,JAX,59.4,491,107.0,2018,705,Keelan Cole,2018,25,3,"$1,669,000",556333
Josh Bellamy,7472,WR,CHI,59.3,185,108.0,2018,553,Josh Bellamy,2018,28,1,"$1,907,000",1907000
Ryan Grant,8777,WR,IND,59.1,422,109.0,2018,599,Ryan Grant,2018,27,1,"$5,000,000",5000000
Alex Erickson,11107,WR,CIN,59.1,241,109.0,2018,471,Alex Erickson,2018,25,2,"$4,680,000",2340000
Bennie Fowler,8914,WR,NYG,58.2,257,112.0,2018,479,Bennie Fowler,2018,26,1,"$1,000,000",1000000
Andre Roberts,5612,WR,NYJ,58.1,121,113.0,2018,476,Andre Roberts,2018,30,1,"$1,005,000",1005000
Marvin Hall,11440,WR,ATL,55.9,122,118.0,2018,727,Marvin Hall,2018,25,2,"$1,020,000",510000
Maurice Harris,11035,WR,WAS,55.9,299,118.0,2018,729,Maurice Harris,2018,25,2,"$1,170,000",585000
Chris Hogan,6468,WR,NE,54.3,644,121.0,2018,790,Chris Hogan,2018,30,3,"$12,000,000",4000000
T.J. Jones,8824,WR,DET,50.4,346,126.0,2018,605,T.J. Jones,2018,25,1,"$1,907,000",1907000
Julio Jones,6158,WR,ATL,91.8,562,1.0,2017,969,Julio Jones,2017,28,5,"$71,256,045",14251209
Antonio Brown,5718,WR,PIT,91.3,627,3.0,2017,639,Antonio Brown,2017,28,4,"$68,000,000",17000000
DeAndre Hopkins,7808,WR,HST,90.2,631,4.0,2017,664,DeAndre Hopkins,2017,25,5,"$81,000,000",16200000
Keenan Allen,7857,WR,LAC,89.3,583,5.0,2017,844,Keenan Allen,2017,25,4,"$45,000,000",11250000
Doug Baldwin,6615,WR,SEA,84.4,601,6.0,2017,809,Doug Baldwin,2017,28,4,"$46,000,000",11500000
Golden Tate,5585,WR,DET,82.8,575,7.0,2017,1083,Golden Tate,2017,28,5,"$31,000,000",6200000
Adam Thielen,8288,WR,MIN,82.4,694,9.0,2017,626,Adam Thielen,2017,26,4,"$19,246,000",4811500
A.J. Green,6156,WR,CIN,82.2,543,10.0,2017,890,A.J. Green,2017,29,4,"$60,000,000",15000000
Robert Woods,7822,WR,LA,81.0,428,12.0,2017,740,Robert Woods,2017,24,5,"$34,000,000",6800000
Davante Adams,8688,WR,GB,80.5,538,13.0,2017,663,Davante Adams,2017,25,4,"$58,000,000",14500000
Larry Fitzgerald,1724,WR,ARZ,80.0,702,14.0,2017,717,Larry Fitzgerald,2017,32,1,"$11,000,000",11000000
Pierre Garcon,4519,WR,SF,77.5,293,19.0,2017,734,Pierre Garcon,2017,30,5,"$47,500,000",9500000
Danny Amendola,4717,WR,NE,77.4,553,20.0,2017,661,Danny Amendola,2017,31,1,"$1,700,000",1700000
Alshon Jeffery,7048,WR,PHI,77.3,691,21.0,2017,631,Alshon Jeffery,2017,27,4,"$52,000,000",13000000
Mohamed Sanu,7084,WR,ATL,77.2,536,22.0,2017,859,Mohamed Sanu,2017,27,5,"$32,500,000",6500000
Marquise Goodwin,7859,WR,SF,77.1,508,23.0,2017,726,Marquise Goodwin,2017,26,2,"$6,000,000",3000000
DeSean Jackson,4363,WR,TB,76.8,465,24.0,2017,666,DeSean Jackson,2017,30,3,"$33,500,000",11166667
Marvin Jones Jr.,7158,WR,DET,76.3,674,25.0,2017,853,Marvin Jones Jr.,2017,26,5,"$40,000,000",8000000
T.J. Jones,8824,WR,DET,74.4,287,29.0,2017,749,T.J. Jones,2017,24,1,"$690,000",690000
Demaryius Thomas,5547,WR,DEN,74.1,584,30.0,2017,921,Demaryius Thomas,2017,29,5,"$70,000,000",14000000
Keelan Cole,51593,WR,JAX,74.0,534,31.0,2017,705,Keelan Cole,2017,24,3,"$1,669,000",556333
Allen Hurns,8931,WR,JAX,73.9,392,32.0,2017,767,Allen Hurns,2017,25,4,"$40,650,000",10162500
Albert Wilson,8943,WR,KC,73.8,399,33.0,2017,627,Albert Wilson,2017,24,1,"$1,797,000",1797000
Kendall Wright,7026,WR,CHI,73.2,435,34.0,2017,708,Kendall Wright,2017,27,1,"$2,000,000",2000000
Dez Bryant,5549,WR,DAL,72.7,568,36.0,2017,926,Dez Bryant,2017,28,5,"$70,000,000",14000000
Jarius Wright,7118,WR,MIN,72.3,234,38.0,2017,950,Jarius Wright,2017,27,4,"$14,800,000",3700000
Michael Crabtree,4933,WR,LV,72.0,413,40.0,2017,991,Michael Crabtree,2017,30,4,"$34,000,000",8500000
Rishard Matthews,7211,WR,TEN,71.9,568,41.0,2017,867,Rishard Matthews,2017,27,3,"$15,000,000",5000000
Ted Ginn Jr.,3625,WR,NO,71.6,500,42.0,2017,751,Ted Ginn Jr.,2017,31,3,"$11,000,000",3666667
Jermaine Kearse,7428,WR,NYJ,69.7,567,47.0,2017,831,Jermaine Kearse,2017,27,3,"$13,500,000",4500000
Eric Decker,5611,WR,TEN,69.4,519,49.0,2017,675,Eric Decker,2017,30,1,"$4,000,000",4000000
Jeremy Maclin,4942,WR,BLT,69.1,324,52.0,2017,693,Jeremy Maclin,2017,29,2,"$11,000,000",5500000
Mike Wallace,5007,WR,BLT,69.0,476,53.0,2017,856,Mike Wallace,2017,30,2,"$11,500,000",5750000
T.Y. Hilton,7092,WR,IND,68.9,585,55.0,2017,1017,T.Y. Hilton,2017,27,5,"$65,000,000",13000000
Jordy Nelson,4350,WR,GB,68.6,539,57.0,2017,1104,Jordy Nelson,2017,32,4,"$39,050,000",9762500
Emmanuel Sanders,5606,WR,DEN,68.1,436,59.0,2017,811,Emmanuel Sanders,2017,30,3,"$33,000,000",11000000
Travis Benjamin,7100,WR,LAC,66.8,401,64.0,2017,882,Travis Benjamin,2017,27,4,"$24,000,000",6000000
Jeremy Kerley,6305,WR,NYJ,66.4,191,65.0,2017,692,Jeremy Kerley,2017,28,3,"$8,400,000",2800000
Dontrelle Inman,6597,WR,CHI,66.0,286,66.0,2017,672,Dontrelle Inman,2017,28,1,"$2,746,000",2746000
Brice Butler,7991,WR,DAL,65.9,160,67.0,2017,651,Brice Butler,2017,27,1,"$1,100,000",1100000
Terrance Williams,7855,WR,DAL,65.3,461,69.0,2017,752,Terrance Williams,2017,27,4,"$17,000,000",4250000
Randall Cobb,6216,WR,GB,64.4,521,70.0,2017,1004,Randall Cobb,2017,26,4,"$40,000,000",10000000
Josh Bellamy,7472,WR,CHI,63.8,283,71.0,2017,698,Josh Bellamy,2017,27,1,"$775,000",775000
Taylor Gabriel,9002,WR,ATL,63.7,381,72.0,2017,750,Taylor Gabriel,2017,26,1,"$2,746,000",2746000
Deonte Thompson,7513,WR,BUF,63.6,462,73.0,2017,667,Deonte Thompson,2017,28,1,"$855,000",855000
Tre McBride,9678,WR,CHI,63.5,130,75.0,2017,759,Tre McBride,2017,24,1,"$615,000",615000
Tavarres King,7943,WR,NYG,62.3,262,81.0,2017,876,Tavarres King,2017,26,2,"$1,290,000",645000
Brandon Marshall,3064,WR,NYG,62.2,183,82.0,2017,647,Brandon Marshall,2017,32,2,"$11,000,000",5500000
Chris Hogan,6468,WR,NE,61.3,532,86.0,2017,790,Chris Hogan,2017,29,3,"$12,000,000",4000000
Willie Snead IV,8999,WR,NO,60.2,179,89.0,2017,762,Willie Snead IV,2017,24,1,"$615,000",615000
Kenny Stills,7926,WR,MIA,59.9,649,90.0,2017,711,Kenny Stills,2017,24,4,"$32,000,000",8000000
Cole Beasley,7330,WR,DAL,59.9,413,90.0,2017,913,Cole Beasley,2017,27,4,"$13,606,000",3401500
John Brown,8726,WR,ARZ,58.0,340,99.0,2017,1102,John Brown,2017,27,4,"$2,798,900",699725
Brandon LaFell,5602,WR,CIN,57.8,554,101.0,2017,646,Brandon LaFell,2017,30,2,"$9,000,000",4500000
Bruce Ellington,8741,WR,HST,57.0,364,102.0,2017,653,Bruce Ellington,2017,25,1,"$615,000",615000
Torrey Smith,6210,WR,PHI,56.7,542,104.0,2017,757,Torrey Smith,2017,28,3,"$15,000,000",5000000
Kenny Britt,4953,WR,NE,56.2,278,105.0,2017,710,Kenny Britt,2017,28,4,"$32,500,000",8125000
Bennie Fowler,8914,WR,DEN,56.0,379,106.0,2017,643,Bennie Fowler,2017,25,1,"$615,000",615000
Aldrick Robinson,6330,WR,SF,55.9,278,107.0,2017,628,Aldrick Robinson,2017,28,2,"$4,000,000",2000000
Kaelin Clay,9617,WR,CAR,55.1,189,111.0,2017,703,Kaelin Clay,2017,25,1,"$540,000",540000
Seth Roberts,9079,WR,LV,54.0,514,116.0,2017,746,Seth Roberts,2017,26,3,"$12,000,000",4000000
Mike Williams,11762,WR,LAC,52.6,145,121.0,2017,1266,Mike Williams,2017,30,5,"$39,620,000",7924000
Kamar Aiken,6671,WR,IND,47.0,373,126.0,2017,704,Kamar Aiken,2017,27,1,"$2,600,000",2600000
Russell Shepard,8254,WR,CAR,46.0,312,127.0,2017,744,Russell Shepard,2017,26,3,"$10,000,000",3333333
Julio Jones,6158,WR,ATL,93.5,572,1.0,2016,969,Julio Jones,2016,27,5,"$71,256,045",14251209
A.J. Green,6156,WR,CIN,90.0,361,3.0,2016,890,A.J. Green,2016,28,4,"$60,000,000",15000000
Antonio Brown,5718,WR,PIT,88.4,713,4.0,2016,1305,Antonio Brown,2016,28,5,"$41,960,000",8392000
T.Y. Hilton,7092,WR,IND,86.7,661,5.0,2016,1017,T.Y. Hilton,2016,26,5,"$65,000,000",13000000
Doug Baldwin,6615,WR,SEA,86.1,697,7.0,2016,809,Doug Baldwin,2016,27,4,"$46,000,000",11500000
Cole Beasley,7330,WR,DAL,85.9,462,8.0,2016,913,Cole Beasley,2016,26,4,"$13,606,000",3401500
Pierre Garcon,4519,WR,WAS,85.5,561,10.0,2016,1395,Pierre Garcon,2016,29,5,"$42,500,000",8500000
Dez Bryant,5549,WR,DAL,83.5,480,13.0,2016,926,Dez Bryant,2016,27,5,"$70,000,000",14000000
Larry Fitzgerald,1724,WR,ARZ,83.3,703,14.0,2016,849,Larry Fitzgerald,2016,32,1,"$11,000,000",11000000
Jordy Nelson,4350,WR,GB,82.2,773,15.0,2016,1104,Jordy Nelson,2016,31,4,"$39,050,000",9762500
Emmanuel Sanders,5606,WR,DEN,81.5,575,16.0,2016,811,Emmanuel Sanders,2016,29,3,"$33,000,000",11000000
Rishard Matthews,7211,WR,TEN,81.4,475,17.0,2016,867,Rishard Matthews,2016,26,3,"$15,000,000",5000000
Demaryius Thomas,5547,WR,DEN,80.4,590,18.0,2016,921,Demaryius Thomas,2016,28,5,"$70,000,000",14000000
Julian Edelman,5156,WR,NE,80.3,759,19.0,2016,1110,Julian Edelman,2016,29,4,"$17,000,000",4250000
Mohamed Sanu,7084,WR,ATL,80.0,581,20.0,2016,859,Mohamed Sanu,2016,26,5,"$32,500,000",6500000
Adam Thielen,8288,WR,MIN,79.9,526,21.0,2016,765,Adam Thielen,2016,25,1,"$600,000",600000
Michael Crabtree,4933,WR,LV,78.6,609,25.0,2016,991,Michael Crabtree,2016,29,4,"$34,000,000",8500000
Russell Shepard,8254,WR,TB,78.4,241,26.0,2016,870,Russell Shepard,2016,25,1,"$1,671,000",1671000
Andre Holmes,6489,WR,LV,74.6,160,35.0,2016,771,Andre Holmes,2016,27,1,"$2,000,000",2000000
Alshon Jeffery,7048,WR,CHI,74.5,462,36.0,2016,768,Alshon Jeffery,2016,25,1,"$14,599,000",14599000
Steve Smith,837,WR,BLT,74.5,493,36.0,2016,1162,Steve Smith,2016,36,3,"$10,500,000",3500000
Randall Cobb,6216,WR,GB,74.4,628,38.0,2016,1004,Randall Cobb,2016,25,4,"$40,000,000",10000000
Kenny Britt,4953,WR,LA,74.0,529,39.0,2016,974,Kenny Britt,2016,27,2,"$9,150,000",4575000
DeSean Jackson,4363,WR,WAS,73.0,520,43.0,2016,1066,DeSean Jackson,2016,29,4,"$24,000,000",6000000
Marvin Jones Jr.,7158,WR,DET,72.5,657,47.0,2016,853,Marvin Jones Jr.,2016,25,5,"$40,000,000",8000000
Dontrelle Inman,6597,WR,LAC,72.3,612,48.0,2016,808,Dontrelle Inman,2016,27,1,"$600,000",600000
John Brown,8726,WR,ARZ,71.4,426,51.0,2016,1102,John Brown,2016,26,4,"$2,798,900",699725
Golden Tate,5585,WR,DET,70.6,679,53.0,2016,1083,Golden Tate,2016,27,5,"$31,000,000",6200000
Deonte Thompson,7513,WR,CHI,70.5,194,54.0,2016,803,Deonte Thompson,2016,27,1,"$840,000",840000
Mike Wallace,5007,WR,BLT,70.2,618,55.0,2016,856,Mike Wallace,2016,29,2,"$11,500,000",5750000
Brandon LaFell,5602,WR,CIN,69.5,637,58.0,2016,781,Brandon LaFell,2016,29,1,"$2,500,000",2500000
Brandon Marshall,3064,WR,NYJ,69.2,580,61.0,2016,899,Brandon Marshall,2016,32,3,"$26,000,000",8666667
Ted Ginn Jr.,3625,WR,CAR,69.2,461,61.0,2016,1018,Ted Ginn Jr.,2016,30,2,"$4,200,000",2100000
Jeremy Kerley,6305,WR,SF,68.9,520,63.0,2016,829,Jeremy Kerley,2016,27,1,"$850,000",850000
Travis Benjamin,7100,WR,LAC,67.2,414,67.0,2016,882,Travis Benjamin,2016,26,4,"$24,000,000",6000000
Harry Douglas,4398,WR,TEN,66.3,167,70.0,2016,943,Harry Douglas,2016,30,3,"$11,250,000",3750000
Jaron Brown,8128,WR,ARZ,66.1,119,72.0,2016,825,Jaron Brown,2016,25,1,"$1,910,000",1910000
Chris Hogan,6468,WR,NE,65.8,641,74.0,2016,790,Chris Hogan,2016,28,3,"$12,000,000",4000000
Rod Streater,7416,WR,SF,65.3,166,78.0,2016,868,Rod Streater,2016,28,1,"$810,000",810000
Eddie Royal,4356,WR,CHI,65.1,240,79.0,2016,932,Eddie Royal,2016,29,3,"$15,000,000",5000000
Anquan Boldin,1369,WR,DET,64.9,626,81.0,2016,774,Anquan Boldin,2016,35,1,"$2,750,000",2750000
Cobi Hamilton,7978,WR,PIT,63.0,300,85.0,2016,793,Cobi Hamilton,2016,25,1,"$450,000",450000
Bryan Walters,6139,WR,JAX,62.9,232,86.0,2016,787,Bryan Walters,2016,28,1,"$760,000",760000
Jeremy Maclin,4942,WR,KC,61.8,440,91.0,2016,957,Jeremy Maclin,2016,27,5,"$55,000,000",11000000
Tavon Austin,7789,WR,LA,61.3,506,95.0,2016,877,Tavon Austin,2016,26,4,"$42,000,000",10500000
Victor Cruz,5827,WR,NYG,61.0,523,97.0,2016,1297,Victor Cruz,2016,29,5,"$43,000,000",8600000
Vincent Jackson,2278,WR,TB,60.8,221,98.0,2016,1422,Vincent Jackson,2016,33,5,"$55,555,555",11111111
Kamar Aiken,6671,WR,BLT,60.5,425,101.0,2016,842,Kamar Aiken,2016,26,1,"$2,553,000",2553000
Brian Quick,7037,WR,LA,60.5,470,101.0,2016,784,Brian Quick,2016,26,1,"$1,750,000",1750000
Charles Johnson,7998,WR,MIN,60.4,271,103.0,2016,1198,Charles Johnson,2016,27,4,"$2,221,820",555455
Andre Roberts,5612,WR,DET,60.3,186,104.0,2016,773,Andre Roberts,2016,28,1,"$760,000",760000
Andrew Hawkins,6125,WR,CLV,58.1,476,109.0,2016,1034,Andrew Hawkins,2016,30,4,"$13,600,000",3400000
Allen Hurns,8931,WR,JAX,57.1,455,114.0,2016,767,Allen Hurns,2016,24,4,"$40,650,000",10162500
Seth Roberts,9079,WR,LV,56.1,590,116.0,2016,872,Seth Roberts,2016,24,2,"$1,140,000",570000
Jermaine Kearse,7428,WR,SEA,55.5,635,117.0,2016,831,Jermaine Kearse,2016,26,3,"$13,500,000",4500000
Torrey Smith,6210,WR,SF,53.9,380,120.0,2016,1025,Torrey Smith,2016,27,5,"$40,000,000",8000000
Jordan Norwood,5358,WR,DEN,51.5,342,125.0,2016,834,Jordan Norwood,2016,29,1,"$880,000",880000
Isaiah Burse,9300,WR,LAC,49.6,32,127.0,2016,820,Isaiah Burse,2016,24,1,"$600,000",600000
Antonio Brown,5718,WR,PIT,92.5,733,1.0,2015,1305,Antonio Brown,2015,27,5,"$41,960,000",8392000
Julio Jones,6158,WR,ATL,92.5,658,1.0,2015,969,Julio Jones,2015,26,5,"$71,256,045",14251209
A.J. Green,6156,WR,CIN,90.4,627,5.0,2015,890,A.J. Green,2015,27,4,"$60,000,000",15000000
Larry Fitzgerald,1724,WR,ARZ,89.4,696,7.0,2015,984,Larry Fitzgerald,2015,31,2,"$22,000,000",11000000
Calvin Johnson,3618,WR,DET,88.6,688,8.0,2015,1316,Calvin Johnson,2015,29,7,"$113,450,000",16207143
Doug Baldwin,6615,WR,SEA,88.1,624,9.0,2015,1074,Doug Baldwin,2015,26,3,"$13,000,000",4333333
Brandon Marshall,3064,WR,NYJ,85.4,665,12.0,2015,899,Brandon Marshall,2015,31,3,"$26,000,000",8666667
Emmanuel Sanders,5606,WR,DEN,84.4,665,13.0,2015,1078,Emmanuel Sanders,2015,27,3,"$15,000,000",5000000
Julian Edelman,5156,WR,NE,83.7,478,15.0,2015,1110,Julian Edelman,2015,28,4,"$17,000,000",4250000
Vincent Jackson,2278,WR,TB,79.8,313,18.0,2015,1422,Vincent Jackson,2015,32,5,"$55,555,555",11111111
T.Y. Hilton,7092,WR,IND,78.9,654,20.0,2015,1017,T.Y. Hilton,2015,25,5,"$65,000,000",13000000
John Brown,8726,WR,ARZ,78.7,632,22.0,2015,1102,John Brown,2015,25,4,"$2,798,900",699725
Kamar Aiken,6671,WR,BLT,78.5,621,23.0,2015,972,Kamar Aiken,2015,25,1,"$585,000",585000
Jeremy Maclin,4942,WR,KC,78.3,581,25.0,2015,957,Jeremy Maclin,2015,26,5,"$55,000,000",11000000
Eric Decker,5611,WR,NYJ,78.0,588,26.0,2015,1079,Eric Decker,2015,27,5,"$36,250,000",7250000
Golden Tate,5585,WR,DET,77.4,679,27.0,2015,1083,Golden Tate,2015,26,5,"$31,000,000",6200000
Michael Crabtree,4933,WR,LV,77.2,595,28.0,2015,991,Michael Crabtree,2015,28,4,"$34,000,000",8500000
Demaryius Thomas,5547,WR,DEN,76.4,715,29.0,2015,921,Demaryius Thomas,2015,27,5,"$70,000,000",14000000
Jerricho Cotchery,1829,WR,CAR,76.1,310,30.0,2015,1100,Jerricho Cotchery,2015,32,5,"$8,015,000",1603000
Bryan Walters,6139,WR,JAX,75.2,258,32.0,2015,905,Bryan Walters,2015,27,2,"$1,445,000",722500
Danny Amendola,4717,WR,NE,75.2,518,32.0,2015,918,Danny Amendola,2015,29,3,"$12,750,000",4250000
Pierre Garcon,4519,WR,WAS,75.1,584,34.0,2015,1395,Pierre Garcon,2015,28,5,"$42,500,000",8500000
DeSean Jackson,4363,WR,WAS,74.8,302,35.0,2015,1066,DeSean Jackson,2015,28,4,"$24,000,000",6000000
Kenny Britt,4953,WR,LA,72.6,387,42.0,2015,974,Kenny Britt,2015,26,2,"$9,150,000",4575000
Ted Ginn Jr.,3625,WR,CAR,72.1,495,44.0,2015,1018,Ted Ginn Jr.,2015,29,2,"$4,200,000",2100000
Anquan Boldin,1369,WR,SF,72.0,521,45.0,2015,1036,Anquan Boldin,2015,34,2,"$12,000,000",6000000
Jermaine Kearse,7428,WR,SEA,71.1,592,49.0,2015,959,Jermaine Kearse,2015,25,1,"$2,356,000",2356000
James Jones,3694,WR,GB,69.7,800,53.0,2015,948,James Jones,2015,31,1,"$950,000",950000
Dez Bryant,5549,WR,DAL,68.7,311,57.0,2015,926,Dez Bryant,2015,26,5,"$70,000,000",14000000
Randall Cobb,6216,WR,GB,68.5,765,58.0,2015,1004,Randall Cobb,2015,24,4,"$40,000,000",10000000
Jarius Wright,7118,WR,MIN,68.3,329,60.0,2015,950,Jarius Wright,2015,25,4,"$14,800,000",3700000
Brian Hartline,5031,WR,CLV,68.2,387,61.0,2015,903,Brian Hartline,2015,28,2,"$6,000,000",3000000
Marc Mariani,5745,WR,CHI,67.5,338,63.0,2015,1131,Marc Mariani,2015,28,2,"$1,230,000",615000
Andre Johnson,1319,WR,IND,66.2,490,66.0,2015,894,Andre Johnson,2015,33,3,"$21,000,000",7000000
Nick Williams,8005,WR,ATL,65.0,125,70.0,2015,1000,Nick Williams,2015,24,2,"$1,290,000",645000
Nate Washington,2832,WR,HST,64.4,525,72.0,2015,996,Nate Washington,2015,31,1,"$1,000,000",1000000
Cole Beasley,7330,WR,DAL,64.3,441,73.0,2015,913,Cole Beasley,2015,25,4,"$13,606,000",3401500
Torrey Smith,6210,WR,SF,62.8,533,82.0,2015,1025,Torrey Smith,2015,26,5,"$40,000,000",8000000
Marques Colston,3197,WR,NO,62.8,416,82.0,2015,1384,Marques Colston,2015,31,5,"$36,300,000",7260000
Roddy White,2244,WR,ATL,62.6,630,85.0,2015,1155,Roddy White,2015,33,3,"$18,000,000",6000000
Dwayne Harris,6328,WR,NYG,61.0,435,91.0,2015,931,Dwayne Harris,2015,27,5,"$17,500,000",3500000
Darrius Heyward-Bey,4930,WR,PIT,60.7,308,93.0,2015,919,Darrius Heyward-Bey,2015,28,1,"$825,000",825000
Cecil Shorts,6266,WR,HST,60.4,412,95.0,2015,908,Cecil Shorts,2015,27,2,"$6,000,000",3000000
Chris Hogan,6468,WR,BUF,60.3,394,96.0,2015,909,Chris Hogan,2015,27,1,"$585,000",585000
Harry Douglas,4398,WR,TEN,60.1,470,97.0,2015,943,Harry Douglas,2015,29,3,"$11,250,000",3750000
Andrew Hawkins,6125,WR,CLV,59.7,287,101.0,2015,1034,Andrew Hawkins,2015,29,4,"$13,600,000",3400000
Jason Avant,3054,WR,KC,59.6,293,102.0,2015,952,Jason Avant,2015,31,1,"$950,000",950000
Eddie Royal,4356,WR,CHI,59.4,284,105.0,2015,932,Eddie Royal,2015,28,3,"$15,000,000",5000000
Mike Wallace,5007,WR,MIN,58.7,518,109.0,2015,1265,Mike Wallace,2015,28,5,"$60,000,000",12000000
Riley Cooper,5682,WR,PHI,58.2,359,110.0,2015,1153,Riley Cooper,2015,27,5,"$22,500,000",4500000
Andre Holmes,6489,WR,LV,57.8,208,111.0,2015,893,Andre Holmes,2015,26,1,"$1,542,000",1542000
Leonard Hankerson,6231,WR,BUF,57.5,252,112.0,2015,985,Leonard Hankerson,2015,26,1,"$1,000,000",1000000
Dontrelle Inman,6597,WR,LAC,57.4,474,113.0,2015,1073,Dontrelle Inman,2015,25,2,"$945,000",472500
Lance Moore,2718,WR,DET,56.8,463,115.0,2015,982,Lance Moore,2015,31,1,"$1,050,000",1050000
Brandon LaFell,5602,WR,NE,56.4,503,118.0,2015,1043,Brandon LaFell,2015,28,3,"$9,000,000",3000000
Jordan Norwood,5358,WR,DEN,55.6,332,119.0,2015,1103,Jordan Norwood,2015,28,2,"$1,390,000",695000
Hakeem Nicks,4952,WR,NYG,51.8,115,125.0,2015,942,Hakeem Nicks,2015,27,1,"$1,400,000",1400000
Antonio Brown,5718,WR,PIT,91.1,729,1.0,2014,1305,Antonio Brown,2014,26,5,"$41,960,000",8392000
Calvin Johnson,3618,WR,DET,89.5,537,5.0,2014,1316,Calvin Johnson,2014,28,7,"$113,450,000",16207143
Jordy Nelson,4350,WR,GB,86.9,686,7.0,2014,1104,Jordy Nelson,2014,29,4,"$39,050,000",9762500
Emmanuel Sanders,5606,WR,DEN,86.4,663,8.0,2014,1078,Emmanuel Sanders,2014,26,3,"$15,000,000",5000000
Andrew Hawkins,6125,WR,CLV,83.5,429,13.0,2014,1034,Andrew Hawkins,2014,28,4,"$13,600,000",3400000
Jeremy Maclin,4942,WR,PHI,80.6,657,16.0,2014,1097,Jeremy Maclin,2014,25,1,"$5,250,000",5250000
Golden Tate,5585,WR,DET,80.0,709,17.0,2014,1083,Golden Tate,2014,25,5,"$31,000,000",6200000
Anquan Boldin,1369,WR,SF,79.3,592,18.0,2014,1036,Anquan Boldin,2014,33,2,"$12,000,000",6000000
Steve Smith,837,WR,BLT,79.0,601,19.0,2014,1162,Steve Smith,2014,34,3,"$10,500,000",3500000
Doug Baldwin,6615,WR,SEA,78.4,611,20.0,2014,1074,Doug Baldwin,2014,25,3,"$13,000,000",4333333
Eric Decker,5611,WR,NYJ,78.3,476,22.0,2014,1079,Eric Decker,2014,26,5,"$36,250,000",7250000
Julian Edelman,5156,WR,NE,78.0,696,23.0,2014,1110,Julian Edelman,2014,27,4,"$17,000,000",4250000
Larry Fitzgerald,1724,WR,ARZ,77.2,583,25.0,2014,1467,Larry Fitzgerald,2014,30,7,"$113,000,000",16142857
Percy Harvin,4945,WR,NYJ,75.9,317,29.0,2014,1271,Percy Harvin,2014,25,6,"$64,245,000",10707500
Vincent Jackson,2278,WR,TB,75.7,621,30.0,2014,1422,Vincent Jackson,2014,31,5,"$55,555,555",11111111
Miles Austin,3211,WR,CLV,75.3,330,31.0,2014,1141,Miles Austin,2014,29,1,"$2,000,000",2000000
Andre Johnson,1319,WR,HST,75.3,517,31.0,2014,1499,Andre Johnson,2014,33,7,"$67,800,000",9685714
DeSean Jackson,4363,WR,WAS,74.9,512,35.0,2014,1066,DeSean Jackson,2014,27,4,"$24,000,000",6000000
Brandon Marshall,3064,WR,CHI,74.8,515,36.0,2014,1045,Brandon Marshall,2014,30,3,"$30,000,000",10000000
Malcom Floyd,2044,WR,LAC,74.6,639,37.0,2014,1379,Malcom Floyd,2014,33,3,"$11,550,000",3850000
Kenny Britt,4953,WR,LA,74.6,500,37.0,2014,1116,Kenny Britt,2014,25,1,"$1,400,000",1400000
Brandon LaFell,5602,WR,NE,73.1,715,42.0,2014,1043,Brandon LaFell,2014,27,3,"$9,000,000",3000000
Mike Wallace,5007,WR,MIA,72.5,534,44.0,2014,1265,Mike Wallace,2014,27,5,"$60,000,000",12000000
Eddie Royal,4356,WR,LAC,72.4,547,45.0,2014,1077,Eddie Royal,2014,27,1,"$3,500,000",3500000
Greg Jennings,2997,WR,MIN,71.8,595,47.0,2014,1228,Greg Jennings,2014,30,5,"$45,000,000",9000000
Dwayne Bowe,3639,WR,KC,71.7,509,48.0,2014,1224,Dwayne Bowe,2014,29,5,"$56,000,000",11200000
Pierre Garcon,4519,WR,WAS,70.4,583,55.0,2014,1395,Pierre Garcon,2014,27,5,"$42,500,000",8500000
Harry Douglas,4398,WR,ATL,70.1,418,56.0,2014,1350,Harry Douglas,2014,28,4,"$12,500,000",3125000
Kamar Aiken,6671,WR,BLT,69.8,187,59.0,2014,1112,Kamar Aiken,2014,24,1,"$495,000",495000
Ricardo Lockette,6622,WR,SEA,69.8,133,59.0,2014,1278,Ricardo Lockette,2014,27,2,"$1,050,000",525000
John Brown,8726,WR,ARZ,69.3,527,64.0,2014,1102,John Brown,2014,24,4,"$2,798,900",699725
Roddy White,2244,WR,ATL,68.5,620,70.0,2014,1155,Roddy White,2014,32,3,"$18,000,000",6000000
Charles Johnson,7998,WR,MIN,67.6,288,73.0,2014,1198,Charles Johnson,2014,25,4,"$2,221,820",555455
James Jones,3694,WR,LV,65.7,547,79.0,2014,1091,James Jones,2014,29,3,"$10,000,000",3333333
Marques Colston,3197,WR,NO,65.3,613,80.0,2014,1384,Marques Colston,2014,30,5,"$36,300,000",7260000
Nate Washington,2832,WR,TEN,64.8,540,81.0,2014,1592,Nate Washington,2014,30,6,"$26,800,000",4466667
Jerricho Cotchery,1829,WR,CAR,64.6,579,82.0,2014,1100,Jerricho Cotchery,2014,31,5,"$8,015,000",1603000
Chris Hogan,6468,WR,BUF,64.5,362,83.0,2014,1053,Chris Hogan,2014,26,1,"$495,000",495000
Devin Hester,3002,WR,ATL,64.3,318,85.0,2014,1069,Devin Hester,2014,31,3,"$9,000,000",3000000
Andre Holmes,6489,WR,LV,63.9,497,86.0,2014,1177,Andre Holmes,2014,25,2,"$1,200,000",600000
Brandon Lloyd,1436,WR,SF,63.3,250,87.0,2014,1044,Brandon Lloyd,2014,32,1,"$1,005,000",1005000
Brian Hartline,5031,WR,MIA,63.0,515,89.0,2014,1192,Brian Hartline,2014,27,5,"$30,775,000",6155000
Jason Avant,3054,WR,KC,62.8,386,91.0,2014,1094,Jason Avant,2014,30,1,"$1,050,000",1050000
Hakeem Nicks,4952,WR,IND,62.2,491,93.0,2014,1086,Hakeem Nicks,2014,26,1,"$4,000,000",4000000
Brandon Tate,5006,WR,CIN,62.0,329,94.0,2014,1046,Brandon Tate,2014,26,1,"$1,024,000",1024000
Victor Cruz,5827,WR,NYG,61.8,211,96.0,2014,1297,Victor Cruz,2014,27,5,"$43,000,000",8600000
Preston Parker,5950,WR,NYG,61.8,425,96.0,2014,1148,Preston Parker,2014,26,2,"$1,230,000",615000
Reggie Wayne,800,WR,IND,61.7,686,98.0,2014,1402,Reggie Wayne,2014,35,3,"$17,500,000",5833333
Andre Roberts,5612,WR,WAS,61.2,497,101.0,2014,1033,Andre Roberts,2014,26,4,"$16,000,000",4000000
Wes Welker,2204,WR,DEN,60.9,546,102.0,2014,1299,Wes Welker,2014,32,2,"$12,000,000",6000000
Louis Murphy Jr.,5048,WR,TB,60.5,353,103.0,2014,1130,Louis Murphy Jr.,2014,26,1,"$795,000",795000
Kenbrell Thompkins,8126,WR,LV,60.3,272,104.0,2014,1249,Kenbrell Thompkins,2014,25,3,"$1,487,500",495833
Riley Cooper,5682,WR,PHI,59.1,590,107.0,2014,1153,Riley Cooper,2014,26,5,"$22,500,000",4500000
Derek Hagan,3027,WR,TEN,58.9,214,108.0,2014,1068,Derek Hagan,2014,29,1,"$855,000",855000
Danny Amendola,4717,WR,NE,58.9,410,108.0,2014,1204,Danny Amendola,2014,28,5,"$28,500,000",5700000
Jeremy Ross,6476,WR,DET,58.8,519,110.0,2014,1098,Jeremy Ross,2014,25,1,"$570,000",570000
Brian Tyms,7321,WR,NE,58.0,92,112.0,2014,1048,Brian Tyms,2014,25,1,"$495,000",495000
Lance Moore,2718,WR,PIT,57.2,210,113.0,2014,1126,Lance Moore,2014,30,2,"$3,000,000",1500000
Brandon Gibson,5118,WR,MIA,56.6,332,114.0,2014,1187,Brandon Gibson,2014,26,3,"$9,780,000",3260000
Mike Williams,5625,WR,BUF,55.2,128,116.0,2014,1266,Mike Williams,2014,27,5,"$39,620,000",7924000
Josh Morgan,4488,WR,CHI,52.5,271,121.0,2014,1108,Josh Morgan,2014,28,1,"$730,000",730000
Dane Sanzenbacher,6570,WR,CIN,50.2,129,123.0,2014,1059,Dane Sanzenbacher,2014,25,1,"$1,200,000",1200000
Andre Caldwell,4411,WR,DEN,48.9,107,124.0,2014,1032,Andre Caldwell,2014,28,2,"$2,700,000",1350000
Seyi Ajirotutu,6035,WR,LAC,48.8,107,125.0,2014,1159,Seyi Ajirotutu,2014,26,1,"$795,000",795000
David Nelson,5862,WR,NYJ,47.0,172,126.0,2014,1207,David Nelson,2014,27,2,"$1,200,000",600000
Brandon Marshall,3064,WR,CHI,91.6,641,1.0,2013,1430,Brandon Marshall,2013,28,5,"$44,779,000",8955800
Calvin Johnson,3618,WR,DET,89.9,565,3.0,2013,1316,Calvin Johnson,2013,27,7,"$113,450,000",16207143
Andre Johnson,1319,WR,HST,89.4,635,4.0,2013,1499,Andre Johnson,2013,32,7,"$67,800,000",9685714
Antonio Brown,5718,WR,PIT,89.1,630,5.0,2013,1305,Antonio Brown,2013,25,5,"$41,960,000",8392000
Jordy Nelson,4350,WR,GB,86.0,715,10.0,2013,1464,Jordy Nelson,2013,28,3,"$13,100,000",4366667
Marques Colston,3197,WR,NO,85.3,634,11.0,2013,1384,Marques Colston,2013,29,5,"$36,300,000",7260000
DeSean Jackson,4363,WR,PHI,84.4,612,12.0,2013,1329,DeSean Jackson,2013,26,5,"$47,000,000",9400000
Steve Smith,837,WR,CAR,82.3,501,17.0,2013,1287,Steve Smith,2013,27,1,"$780,000",780000
Pierre Garcon,4519,WR,WAS,82.2,632,18.0,2013,1395,Pierre Garcon,2013,26,5,"$42,500,000",8500000
Julian Edelman,5156,WR,NE,81.2,703,23.0,2013,1244,Julian Edelman,2013,26,1,"$765,000",765000
Reggie Wayne,800,WR,IND,80.9,274,24.0,2013,1402,Reggie Wayne,2013,34,3,"$17,500,000",5833333
Larry Fitzgerald,1724,WR,ARZ,80.3,632,25.0,2013,1467,Larry Fitzgerald,2013,29,7,"$113,000,000",16142857
Malcom Floyd,2044,WR,LAC,79.3,57,28.0,2013,1379,Malcom Floyd,2013,32,3,"$11,550,000",3850000
Brandon Gibson,5118,WR,MIA,79.2,201,29.0,2013,1187,Brandon Gibson,2013,25,3,"$9,780,000",3260000
Vincent Jackson,2278,WR,TB,79.1,591,30.0,2013,1422,Vincent Jackson,2013,30,5,"$55,555,555",11111111
Brian Hartline,5031,WR,MIA,77.9,636,32.0,2013,1192,Brian Hartline,2013,26,5,"$30,775,000",6155000
Nate Washington,2832,WR,TEN,77.9,584,32.0,2013,1592,Nate Washington,2013,29,6,"$26,800,000",4466667
Victor Cruz,5827,WR,NYG,76.9,527,36.0,2013,1297,Victor Cruz,2013,26,5,"$43,000,000",8600000
Ted Ginn Jr.,3625,WR,CAR,75.1,391,37.0,2013,1288,Ted Ginn Jr.,2013,27,1,"$1,100,000",1100000
Jerricho Cotchery,1829,WR,PIT,74.9,457,38.0,2013,1360,Jerricho Cotchery,2013,30,2,"$3,000,000",1500000
Dwayne Bowe,3639,WR,KC,74.8,628,39.0,2013,1224,Dwayne Bowe,2013,28,5,"$56,000,000",11200000
Eddie Royal,4356,WR,LAC,74.5,509,40.0,2013,1346,Eddie Royal,2013,26,3,"$13,500,000",4500000
Andre Holmes,6489,WR,LV,74.5,261,40.0,2013,1177,Andre Holmes,2013,24,2,"$1,200,000",600000
Rod Streater,7416,WR,LV,74.3,518,42.0,2013,1405,Rod Streater,2013,25,3,"$1,450,000",483333
Wes Welker,2204,WR,DEN,74.2,639,43.0,2013,1299,Wes Welker,2013,31,2,"$12,000,000",6000000
Robert Meachem,3643,WR,NO,73.8,204,45.0,2013,1281,Robert Meachem,2013,28,1,"$715,000",715000
Greg Jennings,2997,WR,MIN,73.8,508,45.0,2013,1228,Greg Jennings,2013,29,5,"$45,000,000",9000000
Jerome Simpson,4360,WR,MIN,73.5,463,48.0,2013,1237,Jerome Simpson,2013,27,1,"$2,100,000",2100000
Danny Amendola,4717,WR,NE,72.7,458,53.0,2013,1204,Danny Amendola,2013,27,5,"$28,500,000",5700000
David Nelson,5862,WR,NYJ,71.4,305,57.0,2013,1207,David Nelson,2013,26,2,"$1,200,000",600000
Emmanuel Sanders,5606,WR,PIT,71.3,556,58.0,2013,1227,Emmanuel Sanders,2013,25,1,"$2,500,000",2500000
Mike Wallace,5007,WR,MIA,69.9,658,63.0,2013,1265,Mike Wallace,2013,26,5,"$60,000,000",12000000
Harry Douglas,4398,WR,ATL,69.8,681,64.0,2013,1350,Harry Douglas,2013,27,4,"$12,500,000",3125000
Lance Moore,2718,WR,NO,69.4,403,65.0,2013,1466,Lance Moore,2013,29,5,"$20,000,000",4000000
Jacoby Jones,3689,WR,BLT,69.3,377,66.0,2013,1353,Jacoby Jones,2013,28,2,"$6,500,000",3250000
Andre Caldwell,4411,WR,DEN,69.0,176,68.0,2013,1301,Andre Caldwell,2013,27,2,"$1,800,000",900000
Sidney Rice,3660,WR,SEA,68.0,213,74.0,2013,1489,Sidney Rice,2013,26,5,"$41,000,000",8200000
James Jones,3694,WR,GB,67.9,588,75.0,2013,1456,James Jones,2013,28,3,"$9,700,000",3233333
Andrew Hawkins,6125,WR,CIN,67.9,129,75.0,2013,1178,Andrew Hawkins,2013,26,1,"$555,000",555000
Santonio Holmes,2970,WR,NYJ,67.6,304,78.0,2013,1283,Santonio Holmes,2013,28,3,"$25,250,000",8416667
Tiquan Underwood,5177,WR,TB,65.8,378,86.0,2013,1418,Tiquan Underwood,2013,25,2,"$1,330,000",665000
Roddy White,2244,WR,ATL,65.6,559,88.0,2013,1594,Roddy White,2013,31,6,"$42,720,000",7120000
Nate Burleson,1386,WR,DET,65.0,305,89.0,2013,1547,Nate Burleson,2013,31,5,"$25,000,000",5000000
Kenbrell Thompkins,8126,WR,NE,64.4,387,91.0,2013,1249,Kenbrell Thompkins,2013,24,3,"$1,487,500",495833
Kevin Ogletree,5387,WR,DET,63.4,232,95.0,2013,1250,Kevin Ogletree,2013,25,2,"$2,600,000",1300000
Domenik Hixon,3075,WR,CAR,63.1,84,96.0,2013,1219,Domenik Hixon,2013,28,1,"$1,162,500",1162500
Earl Bennett,4384,WR,CHI,62.8,387,98.0,2013,1448,Earl Bennett,2013,26,4,"$15,000,000",3750000
Mike Williams,5625,WR,TB,62.2,240,101.0,2013,1266,Mike Williams,2013,26,5,"$39,620,000",7924000
Mario Manningham,4409,WR,SF,61.3,108,104.0,2013,1383,Mario Manningham,2013,26,2,"$7,375,000",3687500
Jason Avant,3054,WR,PHI,61.2,521,105.0,2013,1530,Jason Avant,2013,29,5,"$14,750,000",2950000
Donnie Avery,4347,WR,KC,58.6,525,110.0,2013,1222,Donnie Avery,2013,28,3,"$8,550,000",2850000
Miles Austin,3211,WR,DAL,58.5,345,111.0,2013,1546,Miles Austin,2013,28,7,"$54,100,000",7728571
Santana Moss,786,WR,WAS,58.1,468,112.0,2013,1487,Santana Moss,2013,34,3,"$15,000,000",5000000
Kris Durham,6259,WR,DET,55.4,586,118.0,2013,1253,Kris Durham,2013,24,1,"$555,000",555000
Darrius Heyward-Bey,4930,WR,IND,54.0,410,122.0,2013,1206,Darrius Heyward-Bey,2013,26,1,"$2,500,000",2500000
Davone Bess,4694,WR,CLV,54.0,447,122.0,2013,1209,Davone Bess,2013,27,3,"$8,817,999",2939333
Andre Johnson,1319,WR,HST,91.6,649,1.0,2012,1499,Andre Johnson,2012,31,7,"$67,800,000",9685714
Brandon Marshall,3064,WR,CHI,90.4,579,4.0,2012,1430,Brandon Marshall,2012,27,5,"$44,779,000",8955800
Calvin Johnson,3618,WR,DET,89.9,796,5.0,2012,1316,Calvin Johnson,2012,26,7,"$113,450,000",16207143
Vincent Jackson,2278,WR,TB,89.6,615,6.0,2012,1422,Vincent Jackson,2012,29,5,"$55,555,555",11111111
Roddy White,2244,WR,ATL,89.3,760,7.0,2012,1594,Roddy White,2012,30,6,"$42,720,000",7120000
Reggie Wayne,800,WR,IND,88.6,795,9.0,2012,1402,Reggie Wayne,2012,33,3,"$17,500,000",5833333
Danny Amendola,4717,WR,LA,86.5,342,10.0,2012,1327,Danny Amendola,2012,26,1,"$1,972,000",1972000
Pierre Garcon,4519,WR,WAS,84.4,239,13.0,2012,1395,Pierre Garcon,2012,25,5,"$42,500,000",8500000
Anquan Boldin,1369,WR,BLT,84.2,705,14.0,2012,1500,Anquan Boldin,2012,31,3,"$25,000,000",8333333
Lance Moore,2718,WR,NO,83.2,503,15.0,2012,1466,Lance Moore,2012,28,5,"$20,000,000",4000000
Wes Welker,2204,WR,NE,82.4,754,17.0,2012,1425,Wes Welker,2012,30,1,"$9,515,000",9515000
Domenik Hixon,3075,WR,NYG,81.6,279,18.0,2012,1338,Domenik Hixon,2012,27,1,"$615,000",615000
Sidney Rice,3660,WR,SEA,81.6,519,18.0,2012,1489,Sidney Rice,2012,25,5,"$41,000,000",8200000
Dwayne Bowe,3639,WR,KC,81.1,421,20.0,2012,1343,Dwayne Bowe,2012,27,1,"$9,515,000",9515000
Steve Smith,837,WR,CAR,80.9,559,21.0,2012,1412,Steve Smith,2012,32,4,"$30,000,000",7500000
Antonio Brown,5718,WR,PIT,79.6,453,23.0,2012,1305,Antonio Brown,2012,24,5,"$41,960,000",8392000
Malcom Floyd,2044,WR,LAC,79.0,549,25.0,2012,1379,Malcom Floyd,2012,31,3,"$11,550,000",3850000
Jason Avant,3054,WR,PHI,78.6,459,28.0,2012,1530,Jason Avant,2012,28,5,"$14,750,000",2950000
Mario Manningham,4409,WR,SF,78.3,261,29.0,2012,1383,Mario Manningham,2012,25,2,"$7,375,000",3687500
Brandon Lloyd,1436,WR,NE,77.0,732,33.0,2012,1306,Brandon Lloyd,2012,30,3,"$12,000,000",4000000
DeSean Jackson,4363,WR,PHI,76.2,471,37.0,2012,1329,DeSean Jackson,2012,25,5,"$47,000,000",9400000
Brandon Stokley,498,WR,DEN,76.2,447,37.0,2012,1307,Brandon Stokley,2012,35,1,"$925,000",925000
Miles Austin,3211,WR,DAL,76.1,601,39.0,2012,1546,Miles Austin,2012,27,7,"$54,100,000",7728571
Marques Colston,3197,WR,NO,76.0,649,41.0,2012,1384,Marques Colston,2012,28,5,"$36,300,000",7260000
Jordy Nelson,4350,WR,GB,75.5,484,44.0,2012,1464,Jordy Nelson,2012,27,3,"$13,100,000",4366667
Randy Moss,342,WR,SF,75.2,293,46.0,2012,1400,Randy Moss,2012,34,1,"$2,500,000",2500000
Davone Bess,4694,WR,MIA,74.4,459,48.0,2012,1517,Davone Bess,2012,26,4,"$9,030,000",2257500
James Jones,3694,WR,GB,73.2,744,49.0,2012,1456,James Jones,2012,27,3,"$9,700,000",3233333
Greg Jennings,2997,WR,GB,72.8,377,50.0,2012,1579,Greg Jennings,2012,28,4,"$26,885,000",6721250
Jacoby Jones,3689,WR,BLT,72.5,375,52.0,2012,1353,Jacoby Jones,2012,27,2,"$6,500,000",3250000
Larry Fitzgerald,1724,WR,ARZ,69.4,705,57.0,2012,1467,Larry Fitzgerald,2012,28,7,"$113,000,000",16142857
Santana Moss,786,WR,WAS,68.6,352,61.0,2012,1487,Santana Moss,2012,33,3,"$15,000,000",5000000
Derek Hagan,3027,WR,LV,68.5,180,63.0,2012,1333,Derek Hagan,2012,27,1,"$765,000",765000
Josh Morgan,4488,WR,WAS,68.2,423,64.0,2012,1367,Josh Morgan,2012,26,2,"$11,500,000",5750000
Andrew Hawkins,6125,WR,CIN,67.6,434,66.0,2012,1302,Andrew Hawkins,2012,25,1,"$465,000",465000
Rod Streater,7416,WR,LV,67.4,405,68.0,2012,1405,Rod Streater,2012,24,3,"$1,450,000",483333
Braylon Edwards,2220,WR,NYJ,67.4,191,68.0,2012,1309,Braylon Edwards,2012,28,1,"$890,000",890000
Earl Bennett,4384,WR,CHI,67.3,295,70.0,2012,1448,Earl Bennett,2012,25,4,"$15,000,000",3750000
Mike Wallace,5007,WR,PIT,67.1,571,71.0,2012,1391,Mike Wallace,2012,26,1,"$2,742,000",2742000
Michael Jenkins,1750,WR,MIN,65.9,490,73.0,2012,1477,Michael Jenkins,2012,29,3,"$8,750,000",2916667
Eddie Royal,4356,WR,LAC,65.7,204,76.0,2012,1346,Eddie Royal,2012,25,3,"$13,500,000",4500000
Matt Willis,4283,WR,DEN,65.5,111,78.0,2012,1385,Matt Willis,2012,28,1,"$1,260,000",1260000
Jerricho Cotchery,1829,WR,PIT,65.0,157,82.0,2012,1360,Jerricho Cotchery,2012,29,2,"$3,000,000",1500000
Brad Smith,3048,WR,BUF,64.9,189,83.0,2012,1428,Brad Smith,2012,28,4,"$14,750,000",3687500
Nate Washington,2832,WR,TEN,64.4,564,84.0,2012,1592,Nate Washington,2012,28,6,"$26,800,000",4466667
Kevin Ogletree,5387,WR,DAL,64.1,361,85.0,2012,1371,Kevin Ogletree,2012,24,1,"$640,000",640000
Devin Aromashodu,3178,WR,MIN,64.0,234,86.0,2012,1335,Devin Aromashodu,2012,27,1,"$700,000",700000
Nate Burleson,1386,WR,DET,63.4,251,89.0,2012,1547,Nate Burleson,2012,30,5,"$25,000,000",5000000
Kevin Walter,1549,WR,HST,63.1,556,90.0,2012,1539,Kevin Walter,2012,30,5,"$21,500,000",4300000
Chaz Schilens,4540,WR,NYJ,63.1,253,90.0,2012,1321,Chaz Schilens,2012,26,1,"$765,000",765000
Jordan Shipley,5608,WR,JAX,63.1,199,90.0,2012,1365,Jordan Shipley,2012,26,1,"$465,000",465000
Tiquan Underwood,5177,WR,TB,62.8,343,94.0,2012,1418,Tiquan Underwood,2012,24,2,"$1,330,000",665000
Jerome Simpson,4360,WR,MIN,62.3,299,97.0,2012,1359,Jerome Simpson,2012,26,1,"$2,000,000",2000000
Donnie Avery,4347,WR,IND,60.1,750,107.0,2012,1340,Donnie Avery,2012,27,1,"$665,000",665000
Ben Obomanu,3194,WR,SEA,59.5,65,109.0,2012,1427,Ben Obomanu,2012,28,3,"$6,900,000",2300000
Harry Douglas,4398,WR,ATL,58.6,507,110.0,2012,1350,Harry Douglas,2012,26,4,"$12,500,000",3125000
Laurent Robinson,3691,WR,JAX,57.6,199,112.0,2012,1374,Laurent Robinson,2012,26,5,"$32,500,000",6500000
Robert Meachem,3643,WR,LAC,55.7,261,117.0,2012,1404,Robert Meachem,2012,27,4,"$25,900,000",6475000
Devin Hester,3002,WR,CHI,55.1,263,120.0,2012,1522,Devin Hester,2012,27,4,"$21,956,025",5489006
Deion Branch,1072,WR,NE,53.5,353,122.0,2012,1330,Deion Branch,2012,32,1,"$1,325,000",1325000
Steve Breaston,3758,WR,KC,51.3,159,125.0,2012,1491,Steve Breaston,2012,28,5,"$22,550,000",4510000
Devery Henderson,1771,WR,NO,50.5,475,126.0,2012,1576,Devery Henderson,2012,29,4,"$12,000,000",3000000
Mike Thomas,5030,WR,DET,47.4,311,127.0,2012,1390,Mike Thomas,2012,24,4,"$10,210,000",2552500
Early Doucet,4395,WR,ARZ,47.1,326,128.0,2012,1344,Early Doucet,2012,26,2,"$4,000,000",2000000
