player,player_id,position,team_name,grades_defense,snap_counts_run,rank,Year,index,player_name,year_signed,age,contract_length,value,average/year
De'Vondre Campbell,10749,LB,GB,85.0,353,2.0,2021,37,De'Vondre Campbell,2021,27,1,"$2,000,000",2000000
Frankie Luvu,51028,LB,CAR,84.8,120,3.0,2021,56,Frankie Luvu,2021,24,1,"$1,100,000",1100000
Travin Howard,50959,LB,LA,82.6,71,4.0,2021,151,Travin Howard,2021,24,1,"$780,000",780000
Fred Warner,51222,LB,SF,80.1,442,5.0,2021,57,Fred Warner,2021,24,5,"$95,225,000",19045000
Darius Leonard,49684,LB,IND,79.0,367,7.0,2021,33,Darius Leonard,2021,26,5,"$98,500,000",19700000
Demario Davis,7079,LB,NO,77.2,362,8.0,2021,183,Demario Davis,2021,32,3,"$27,000,000",9000000
T.J. Edwards,30737,LB,PHI,75.5,298,10.0,2021,141,T.J. Edwards,2021,25,1,"$2,200,000",2200000
Josh Bynes,6503,LB,BLT,74.8,239,11.0,2021,82,Josh Bynes,2021,31,1,"$1,075,000",1075000
Shaq Thompson,9458,LB,CAR,72.7,340,12.0,2021,393,Shaq Thompson,2021,27,4,"$54,433,000",13608250
Lavonte David,7060,LB,TB,72.3,272,14.0,2021,103,Lavonte David,2021,31,2,"$25,000,000",12500000
Bobby Wagner,7050,LB,SEA,71.8,453,15.0,2021,285,Bobby Wagner,2021,31,3,"$54,000,000",18000000
Kyle Van Noy,8675,LB,NE,71.6,341,16.0,2021,98,Kyle Van Noy,2021,29,2,"$12,000,000",6000000
Anthony Walker,11916,LB,CLV,69.1,283,19.0,2021,10,Anthony Walker,2021,25,1,"$3,000,000",3000000
Duke Riley,11830,LB,MIA,67.2,74,22.0,2021,46,Duke Riley,2021,26,1,"$1,127,500",1127500
Matt Milano,11918,LB,BUF,67.0,399,23.0,2021,111,Matt Milano,2021,25,4,"$41,500,000",10375000
Jaylon Smith,10668,LB,NYG,66.5,121,24.0,2021,72,Jaylon Smith,2021,26,1,"$990,000",990000
K.J. Wright,6251,LB,LV,65.1,227,28.0,2021,89,K.J. Wright,2021,32,1,"$3,495,000",3495000
Denzel Perryman,9481,LB,LV,63.9,356,31.0,2021,41,Denzel Perryman,2021,28,2,"$6,000,000",3000000
Anthony Barr,8644,LB,MIN,63.0,279,33.0,2021,8,Anthony Barr,2021,28,1,"$8,635,000",8635000
Zach Cunningham,11812,LB,TEN,62.9,289,34.0,2021,271,Zach Cunningham,2021,26,4,"$58,000,000",14500000
Jordan Hicks,9517,LB,ARZ,62.6,442,36.0,2021,343,Jordan Hicks,2021,29,4,"$34,000,000",8500000
Logan Wilson,29623,LB,CIN,61.5,319,37.0,2021,232,Logan Wilson,2021,25,4,"$4,945,590",1236398
Reggie Ragland,10675,LB,NYG,61.2,222,39.0,2021,129,Reggie Ragland,2021,27,1,"$1,127,500",1127500
Jerome Baker,28091,LB,MIA,60.9,365,40.0,2021,75,Jerome Baker,2021,24,3,"$37,500,000",12500000
Eric Kendricks,9478,LB,MIN,59.9,398,42.0,2021,451,Eric Kendricks,2021,29,5,"$50,000,000",10000000
Jalen Reeves-Maybin,11879,LB,DET,55.8,248,48.0,2021,65,Jalen Reeves-Maybin,2021,26,1,"$2,377,500",2377500
Kevin Minter,7826,LB,TB,54.1,113,50.0,2021,93,Kevin Minter,2021,30,1,"$1,212,500",1212500
Alex Singleton,9994,LB,PHI,54.1,271,50.0,2021,6,Alex Singleton,2021,27,1,"$850,000",850000
Elandon Roberts,10848,LB,MIA,54.1,321,50.0,2021,49,Elandon Roberts,2021,26,1,"$1,995,000",1995000
Kwon Alexander,9557,LB,NO,53.9,170,54.0,2021,96,Kwon Alexander,2021,27,1,"$1,127,500",1127500
Chris Board,29456,LB,BLT,53.6,76,56.0,2021,25,Chris Board,2021,25,1,"$1,683,000",1683000
Joe Schobert,10733,LB,PIT,53.6,430,56.0,2021,212,Joe Schobert,2021,27,5,"$53,750,000",10750000
Anthony Hitchens,8754,LB,KC,52.2,329,59.0,2021,418,Anthony Hitchens,2021,28,5,"$45,000,000",9000000
Christian Kirksey,8706,LB,HST,50.3,368,61.0,2021,27,Christian Kirksey,2021,28,1,"$3,000,000",3000000
Neville Hewitt,9836,LB,HST,49.4,173,64.0,2021,116,Neville Hewitt,2021,28,1,"$1,700,000",1700000
A.J. Klein,7930,LB,BUF,48.9,129,66.0,2021,161,A.J. Klein,2021,29,3,"$18,000,000",6000000
Cory Littleton,11190,LB,LV,48.3,317,68.0,2021,176,Cory Littleton,2021,27,3,"$35,250,000",11750000
Robert Spillane,50918,LB,PIT,46.3,151,72.0,2021,132,Robert Spillane,2021,25,1,"$850,000",850000
Christian Jones,9020,LB,CHI,45.3,64,74.0,2021,26,Christian Jones,2021,30,1,"$1,212,500",1212500
Kamu Grugier-Hill,10842,LB,HST,44.4,371,76.0,2021,91,Kamu Grugier-Hill,2021,26,1,"$2,500,000",2500000
Damien Wilson,9560,LB,JAX,44.0,405,78.0,2021,31,Damien Wilson,2021,27,1,"$2,000,000",2000000
Troy Reeder,38268,LB,LA,43.1,355,80.0,2021,402,Troy Reeder,2021,26,3,"$1,755,000",585000
David Mayo,9602,LB,WAS,42.9,91,81.0,2021,35,David Mayo,2021,27,1,"$990,000",990000
Nick Vigil,10721,LB,MIN,42.1,302,83.0,2021,119,Nick Vigil,2021,27,1,"$1,750,000",1750000
C.J. Mosley,8652,LB,NYJ,42.0,463,84.0,2021,296,C.J. Mosley,2021,28,5,"$85,000,000",17000000
Alex Anzalone,11831,LB,DET,35.4,366,87.0,2021,5,Alex Anzalone,2021,26,1,"$1,750,000",1750000
Deion Jones,10686,LB,ATL,34.6,459,89.0,2021,314,Deion Jones,2021,26,4,"$57,000,000",14250000
Alec Ogletree,7811,LB,CHI,29.4,339,94.0,2021,4,Alec Ogletree,2021,29,1,"$1,075,000",1075000
Jarrad Davis,11776,LB,NYJ,28.6,97,96.0,2021,71,Jarrad Davis,2021,26,1,"$5,500,000",5500000
Bobby Wagner,7050,LB,SEA,85.1,401,2.0,2020,285,Bobby Wagner,2020,30,3,"$54,000,000",18000000
Eric Kendricks,9478,LB,MIN,82.6,300,3.0,2020,451,Eric Kendricks,2020,28,5,"$50,000,000",10000000
Demario Davis,7079,LB,NO,77.8,419,5.0,2020,183,Demario Davis,2020,31,3,"$27,000,000",9000000
Blake Martinez,10765,LB,NYG,75.9,411,6.0,2020,171,Blake Martinez,2020,26,3,"$30,750,000",10250000
K.J. Wright,6251,LB,SEA,75.7,371,7.0,2020,350,K.J. Wright,2020,30,2,"$14,000,000",7000000
L.J. Fort,7292,LB,BLT,71.5,151,10.0,2020,357,L.J. Fort,2020,30,3,"$5,500,000",1833333
Joe Jones,12321,LB,DEN,69.8,4,12.0,2020,211,Joe Jones,2020,26,1,"$825,000",825000
Deion Jones,10686,LB,ATL,68.7,348,14.0,2020,314,Deion Jones,2020,25,4,"$57,000,000",14250000
Kevin Pierre-Louis,8767,LB,WAS,67.7,209,18.0,2020,225,Kevin Pierre-Louis,2020,28,1,"$3,000,000",3000000
Nick Kwiatkoski,10747,LB,LV,67.1,281,21.0,2020,241,Nick Kwiatkoski,2020,26,3,"$21,000,000",7000000
B.J. Goodson,10743,LB,CLV,66.0,339,25.0,2020,169,B.J. Goodson,2020,26,1,"$2,400,000",2400000
Jamie Collins Sr.,7833,LB,DET,64.2,359,28.0,2020,203,Jamie Collins Sr.,2020,30,3,"$30,000,000",10000000
Nicholas Morrow,51674,LB,LV,63.7,272,29.0,2020,239,Nicholas Morrow,2020,24,1,"$3,259,000",3259000
Kyle Van Noy,8675,LB,MIA,61.6,311,30.0,2020,227,Kyle Van Noy,2020,28,4,"$51,000,000",12750000
Troy Reeder,38268,LB,LA,61.3,217,31.0,2020,402,Troy Reeder,2020,25,3,"$1,755,000",585000
Zach Cunningham,11812,LB,HST,60.9,471,33.0,2020,271,Zach Cunningham,2020,25,4,"$58,000,000",14500000
Todd Davis,9007,LB,MIN,60.6,132,34.0,2020,264,Todd Davis,2020,29,1,"$1,050,000",1050000
Nick Vigil,10721,LB,LAC,60.6,152,34.0,2020,243,Nick Vigil,2020,26,1,"$2,400,000",2400000
Neville Hewitt,9836,LB,NYJ,59.3,435,38.0,2020,238,Neville Hewitt,2020,26,1,"$2,000,000",2000000
Alex Singleton,9994,LB,PHI,58.9,351,39.0,2020,277,Alex Singleton,2020,26,2,"$1,080,000",540000
Kwon Alexander,9557,LB,NO,58.6,276,40.0,2020,354,Kwon Alexander,2020,25,4,"$54,000,000",13500000
Brennan Scarlett,11169,LB,HST,55.7,168,44.0,2020,291,Brennan Scarlett,2020,26,2,"$5,782,285",2891143
Logan Wilson,29623,LB,CIN,54.7,115,49.0,2020,232,Logan Wilson,2020,24,4,"$4,945,590",1236398
Damien Wilson,9560,LB,KC,54.2,334,53.0,2020,309,Damien Wilson,2020,26,2,"$5,750,000",2875000
Joe Schobert,10733,LB,JAX,54.2,504,53.0,2020,212,Joe Schobert,2020,26,5,"$53,750,000",10750000
Jaylon Smith,10668,LB,DAL,54.2,472,53.0,2020,336,Jaylon Smith,2020,25,6,"$68,421,000",11403500
Jon Bostic,7831,LB,WAS,53.7,421,56.0,2020,216,Jon Bostic,2020,28,2,"$5,100,000",2550000
Eric Wilson,38587,LB,MIN,53.5,440,57.0,2020,194,Eric Wilson,2020,25,1,"$3,259,000",3259000
Josh Bynes,6503,LB,CIN,52.6,390,60.0,2020,219,Josh Bynes,2020,30,1,"$1,650,000",1650000
Avery Williamson,8786,LB,PIT,51.9,299,61.0,2020,422,Avery Williamson,2020,28,3,"$22,500,000",7500000
Jordan Hicks,9517,LB,ARZ,50.4,377,65.0,2020,343,Jordan Hicks,2020,28,4,"$34,000,000",8500000
Vince Williams,7988,LB,PIT,50.3,295,66.0,2020,535,Vince Williams,2020,30,3,"$18,600,000",6200000
Shaq Thompson,9458,LB,CAR,49.8,374,68.0,2020,393,Shaq Thompson,2020,26,4,"$54,433,000",13608250
Anthony Hitchens,8754,LB,KC,49.7,361,69.0,2020,418,Anthony Hitchens,2020,27,5,"$45,000,000",9000000
De'Vondre Campbell,10749,LB,ARZ,49.0,349,70.0,2020,181,De'Vondre Campbell,2020,26,1,"$6,000,000",6000000
Kevin Minter,7826,LB,TB,48.8,48,71.0,2020,224,Kevin Minter,2020,29,1,"$1,187,000",1187000
Christian Kirksey,8706,LB,GB,48.2,221,73.0,2020,175,Christian Kirksey,2020,27,2,"$13,000,000",6500000
Reggie Ragland,10675,LB,DET,48.0,232,75.0,2020,251,Reggie Ragland,2020,26,1,"$962,500",962500
Joe Thomas,9272,LB,DAL,47.6,168,77.0,2020,213,Joe Thomas,2020,28,1,"$1,250,000",1250000
A.J. Klein,7930,LB,BUF,46.4,300,78.0,2020,161,A.J. Klein,2020,28,3,"$18,000,000",6000000
Cory Littleton,11190,LB,LV,46.3,332,79.0,2020,176,Cory Littleton,2020,26,3,"$35,250,000",11750000
Tyrell Adams,10140,LB,HST,43.5,350,82.0,2020,268,Tyrell Adams,2020,27,1,"$970,000",970000
Danny Trevathan,7177,LB,CHI,39.9,387,88.0,2020,177,Danny Trevathan,2020,29,3,"$21,750,000",7250000
Harvey Langi,50118,LB,NYJ,34.9,194,91.0,2020,328,Harvey Langi,2020,27,2,"$1,230,000",615000
Tahir Whitehead,7135,LB,CAR,31.9,207,93.0,2020,260,Tahir Whitehead,2020,29,1,"$2,500,000",2500000
Bryce Hager,9657,LB,NYJ,30.2,46,94.0,2020,173,Bryce Hager,2020,28,1,"$910,000",910000
Elandon Roberts,10848,LB,MIA,29.3,228,96.0,2020,191,Elandon Roberts,2020,25,1,"$2,000,000",2000000
Demario Davis,7079,LB,NO,90.3,358,1.0,2019,443,Demario Davis,2019,30,3,"$24,000,000",8000000
Eric Kendricks,9478,LB,MIN,90.1,402,2.0,2019,451,Eric Kendricks,2019,27,5,"$50,000,000",10000000
Lavonte David,7060,LB,TB,88.2,343,4.0,2019,946,Lavonte David,2019,29,5,"$50,250,000",10050000
Luke Kuechly,7015,LB,CAR,85.4,403,5.0,2019,948,Luke Kuechly,2019,28,5,"$61,801,565",12360313
Josh Bynes,6503,LB,BLT,80.0,214,6.0,2019,345,Josh Bynes,2019,29,1,"$930,000",930000
Cory Littleton,11190,LB,LA,79.0,408,7.0,2019,305,Cory Littleton,2019,25,1,"$3,095,000",3095000
Deion Jones,10686,LB,ATL,76.6,362,10.0,2019,314,Deion Jones,2019,24,4,"$57,000,000",14250000
Bobby Wagner,7050,LB,SEA,76.4,424,11.0,2019,285,Bobby Wagner,2019,29,3,"$54,000,000",18000000
Vince Williams,7988,LB,PIT,76.2,203,12.0,2019,535,Vince Williams,2019,29,3,"$18,600,000",6200000
L.J. Fort,7292,LB,BLT,73.5,105,14.0,2019,357,L.J. Fort,2019,29,3,"$5,500,000",1833333
David Mayo,9602,LB,NYG,72.9,304,15.0,2019,311,David Mayo,2019,25,2,"$2,500,000",1250000
Jamie Collins Sr.,7833,LB,NE,72.3,299,17.0,2019,334,Jamie Collins Sr.,2019,29,1,"$2,000,000",2000000
Dont'a Hightower,7030,LB,NE,71.3,295,18.0,2019,594,Dont'a Hightower,2019,29,4,"$35,500,000",8875000
Jaylon Smith,10668,LB,DAL,70.2,359,19.0,2019,336,Jaylon Smith,2019,24,6,"$68,421,000",11403500
Kiko Alonso,7827,LB,NO,69.5,91,20.0,2019,648,Kiko Alonso,2019,28,4,"$28,910,000",7227500
Benardrick McKinney,9476,LB,HST,65.8,352,29.0,2019,425,Benardrick McKinney,2019,26,5,"$50,000,000",10000000
Shaq Thompson,9458,LB,CAR,65.8,360,29.0,2019,393,Shaq Thompson,2019,25,4,"$54,433,000",13608250
Kevin Minter,7826,LB,TB,65.2,73,32.0,2019,352,Kevin Minter,2019,28,1,"$895,000",895000
Todd Davis,9007,LB,DEN,65.1,340,33.0,2019,530,Todd Davis,2019,28,3,"$15,000,000",5000000
Nigel Bradham,7105,LB,PHI,64.6,241,34.0,2019,506,Nigel Bradham,2019,29,5,"$40,000,000",8000000
Will Compton,8308,LB,LV,64.3,111,36.0,2019,408,Will Compton,2019,29,1,"$805,000",805000
Danny Trevathan,7177,LB,CHI,61.9,209,45.0,2019,730,Danny Trevathan,2019,28,4,"$28,000,000",7000000
Thomas Davis Sr.,2231,LB,LAC,61.7,384,46.0,2019,401,Thomas Davis Sr.,2019,35,2,"$10,500,000",5250000
Sean Lee,5580,LB,DAL,61.5,284,48.0,2019,391,Sean Lee,2019,32,1,"$3,500,000",3500000
Jordan Hicks,9517,LB,ARZ,61.0,423,50.0,2019,343,Jordan Hicks,2019,27,4,"$34,000,000",8500000
K.J. Wright,6251,LB,SEA,59.9,421,53.0,2019,350,K.J. Wright,2019,29,2,"$14,000,000",7000000
Denzel Perryman,9481,LB,LAC,59.2,194,55.0,2019,316,Denzel Perryman,2019,26,2,"$12,000,000",6000000
Mark Barron,7013,LB,PIT,57.5,277,61.0,2019,362,Mark Barron,2019,29,2,"$12,000,000",6000000
Anthony Barr,8644,LB,MIN,56.3,393,63.0,2019,279,Anthony Barr,2019,26,5,"$67,500,000",13500000
Jon Bostic,7831,LB,WAS,55.9,438,65.0,2019,341,Jon Bostic,2019,28,1,"$895,000",895000
Alec Ogletree,7811,LB,NYG,55.6,349,66.0,2019,546,Alec Ogletree,2019,28,4,"$42,750,000",10687500
James Burgess,11202,LB,NYJ,54.9,235,67.0,2019,332,James Burgess,2019,24,1,"$645,000",645000
Wesley Woodyard,4583,LB,TEN,54.0,143,69.0,2019,703,Wesley Woodyard,2019,32,3,"$10,500,000",3500000
Tahir Whitehead,7135,LB,LV,53.2,387,72.0,2019,525,Tahir Whitehead,2019,28,3,"$19,000,000",6333333
Kwon Alexander,9557,LB,SF,52.6,154,73.0,2019,354,Kwon Alexander,2019,24,4,"$54,000,000",13500000
Damien Wilson,9560,LB,KC,50.4,388,77.0,2019,309,Damien Wilson,2019,25,2,"$5,750,000",2875000
Sam Eguavoen,15301,LB,MIA,50.2,233,78.0,2019,389,Sam Eguavoen,2019,25,2,"$1,080,000",540000
Patrick Onwuasor,11100,LB,BLT,48.3,200,81.0,2019,375,Patrick Onwuasor,2019,26,1,"$3,095,000",3095000
Joe Walker,10885,LB,ARZ,46.2,249,84.0,2019,466,Joe Walker,2019,26,2,"$1,200,000",600000
Preston Brown,8708,LB,JAX,45.9,242,86.0,2019,379,Preston Brown,2019,26,3,"$16,500,000",5500000
A.J. Klein,7930,LB,NO,45.7,308,88.0,2019,540,A.J. Klein,2019,27,4,"$24,000,000",6000000
Christian Jones,9020,LB,DET,45.5,257,89.0,2019,301,Christian Jones,2019,28,2,"$5,740,000",2870000
Anthony Hitchens,8754,LB,KC,44.4,365,91.0,2019,418,Anthony Hitchens,2019,26,5,"$45,000,000",9000000
Neville Hewitt,9836,LB,NYJ,40.4,278,93.0,2019,372,Neville Hewitt,2019,25,1,"$1,500,000",1500000
Troy Reeder,38268,LB,LA,28.6,170,96.0,2019,402,Troy Reeder,2019,24,3,"$1,755,000",585000
Bobby Wagner,7050,LB,SEA,91.7,366,1.0,2018,855,Bobby Wagner,2018,28,4,"$43,000,000",10750000
Luke Kuechly,7015,LB,CAR,90.5,337,2.0,2018,948,Luke Kuechly,2018,27,5,"$61,801,565",12360313
Zach Brown,7055,LB,WAS,88.2,295,4.0,2018,538,Zach Brown,2018,28,3,"$24,000,000",8000000
Lorenzo Alexander,2476,LB,BUF,86.6,257,5.0,2018,657,Lorenzo Alexander,2018,34,2,"$5,950,000",2975000
Benardrick McKinney,9476,LB,HST,80.5,377,10.0,2018,425,Benardrick McKinney,2018,25,5,"$50,000,000",10000000
Lavonte David,7060,LB,TB,76.1,366,13.0,2018,946,Lavonte David,2018,28,5,"$50,250,000",10050000
Demario Davis,7079,LB,NO,75.1,327,15.0,2018,443,Demario Davis,2018,29,3,"$24,000,000",8000000
Josh Bynes,6503,LB,ARZ,74.8,329,16.0,2018,472,Josh Bynes,2018,28,3,"$5,575,000",1858333
Thomas Davis Sr.,2231,LB,CAR,73.9,252,17.0,2018,1140,Thomas Davis Sr.,2018,34,5,"$16,500,000",3300000
Danny Trevathan,7177,LB,CHI,73.7,329,18.0,2018,730,Danny Trevathan,2018,27,4,"$28,000,000",7000000
Avery Williamson,8786,LB,NYJ,72.8,427,21.0,2018,422,Avery Williamson,2018,26,3,"$22,500,000",7500000
L.J. Fort,7292,LB,PIT,72.4,87,22.0,2018,652,L.J. Fort,2018,28,2,"$1,320,000",660000
Wesley Woodyard,4583,LB,TEN,72.2,258,24.0,2018,703,Wesley Woodyard,2018,31,3,"$10,500,000",3500000
K.J. Wright,6251,LB,SEA,71.3,119,25.0,2018,930,K.J. Wright,2018,28,4,"$27,000,000",6750000
Todd Davis,9007,LB,DEN,70.6,362,28.0,2018,530,Todd Davis,2018,27,3,"$15,000,000",5000000
Kyle Van Noy,8675,LB,NE,70.4,347,29.0,2018,651,Kyle Van Noy,2018,27,2,"$11,757,095",5878548
A.J. Klein,7930,LB,NO,69.9,286,31.0,2018,540,A.J. Klein,2018,26,4,"$24,000,000",6000000
Patrick Onwuasor,11100,LB,BLT,65.9,201,41.0,2018,510,Patrick Onwuasor,2018,25,1,"$630,000",630000
Vince Williams,7988,LB,PIT,65.0,276,44.0,2018,535,Vince Williams,2018,28,3,"$18,600,000",6200000
Christian Jones,9020,LB,DET,64.8,309,45.0,2018,438,Christian Jones,2018,27,2,"$6,350,000",3175000
Eric Kendricks,9478,LB,MIN,64.5,355,46.0,2018,451,Eric Kendricks,2018,26,5,"$50,000,000",10000000
Telvin Smith Sr.,8779,LB,JAX,63.7,398,48.0,2018,696,Telvin Smith Sr.,2018,27,4,"$45,051,175",11262794
Brandon Marshall,7648,LB,DEN,63.5,162,49.0,2018,719,Brandon Marshall,2018,28,4,"$32,000,000",8000000
Nigel Bradham,7105,LB,PHI,63.4,329,52.0,2018,506,Nigel Bradham,2018,28,5,"$40,000,000",8000000
Dont'a Hightower,7030,LB,NE,63.3,326,53.0,2018,594,Dont'a Hightower,2018,28,4,"$35,500,000",8875000
Malcolm Smith,6394,LB,SF,62.6,146,54.0,2018,658,Malcolm Smith,2018,28,5,"$26,500,000",5300000
Ramik Wilson,9551,LB,LA,61.3,69,56.0,2018,515,Ramik Wilson,2018,25,1,"$750,000",750000
Jamie Collins Sr.,7833,LB,CLV,61.2,415,57.0,2018,612,Jamie Collins Sr.,2018,28,4,"$50,000,000",12500000
Jon Bostic,7831,LB,PIT,59.5,258,63.0,2018,468,Jon Bostic,2018,26,2,"$4,000,000",2000000
Mason Foster,6236,LB,WAS,57.3,388,67.0,2018,493,Mason Foster,2018,28,2,"$3,400,000",1700000
Tahir Whitehead,7135,LB,LV,54.8,476,73.0,2018,525,Tahir Whitehead,2018,27,3,"$19,000,000",6333333
Emmanuel Lamur,7561,LB,NYJ,52.9,98,77.0,2018,450,Emmanuel Lamur,2018,28,1,"$790,000",790000
Mark Barron,7013,LB,LA,51.6,340,79.0,2018,786,Mark Barron,2018,28,5,"$45,000,000",9000000
Alec Ogletree,7811,LB,NYG,49.3,357,83.0,2018,546,Alec Ogletree,2018,27,4,"$42,750,000",10687500
Kiko Alonso,7827,LB,MIA,47.7,428,85.0,2018,648,Kiko Alonso,2018,27,4,"$28,910,000",7227500
Devante Bond,10817,LB,TB,47.1,160,86.0,2018,447,Devante Bond,2018,25,1,"$630,000",630000
Christian Kirksey,8706,LB,CLV,44.7,176,89.0,2018,576,Christian Kirksey,2018,25,4,"$38,000,000",9500000
Adarius Taylor,9074,LB,TB,41.1,313,93.0,2018,415,Adarius Taylor,2018,27,1,"$1,040,000",1040000
Anthony Hitchens,8754,LB,KC,37.5,423,95.0,2018,418,Anthony Hitchens,2018,25,5,"$45,000,000",9000000
Austin Calitro,50640,LB,SEA,29.3,136,96.0,2018,421,Austin Calitro,2018,24,1,"$480,000",480000
Bobby Wagner,7050,LB,SEA,91.4,389,1.0,2017,855,Bobby Wagner,2017,27,4,"$43,000,000",10750000
Luke Kuechly,7015,LB,CAR,90.6,312,2.0,2017,948,Luke Kuechly,2017,26,5,"$61,801,565",12360313
Lavonte David,7060,LB,TB,90.5,340,3.0,2017,946,Lavonte David,2017,27,5,"$50,250,000",10050000
Paul Posluszny,3650,LB,JAX,87.5,265,5.0,2017,968,Paul Posluszny,2017,32,3,"$15,000,000",5000000
Sean Lee,5580,LB,DAL,82.1,219,7.0,2017,1132,Sean Lee,2017,30,6,"$42,000,000",7000000
Telvin Smith Sr.,8779,LB,JAX,81.9,401,8.0,2017,696,Telvin Smith Sr.,2017,26,4,"$45,051,175",11262794
Danny Trevathan,7177,LB,CHI,80.4,281,11.0,2017,730,Danny Trevathan,2017,26,4,"$28,000,000",7000000
Mychal Kendricks,7049,LB,PHI,79.9,283,13.0,2017,962,Mychal Kendricks,2017,26,4,"$29,000,000",7250000
Demario Davis,7079,LB,NYJ,73.7,465,19.0,2017,588,Demario Davis,2017,28,1,"$2,225,000",2225000
Vontaze Burfict,7280,LB,CIN,72.9,241,21.0,2017,702,Vontaze Burfict,2017,26,3,"$32,534,000",10844667
Josh Bynes,6503,LB,ARZ,69.9,93,23.0,2017,630,Josh Bynes,2017,27,1,"$775,000",775000
Manti Te'o,7819,LB,NO,69.3,304,25.0,2017,659,Manti Te'o,2017,26,2,"$5,000,000",2500000
K.J. Wright,6251,LB,SEA,68.7,367,28.0,2017,930,K.J. Wright,2017,27,4,"$27,000,000",6750000
Zach Vigil,9824,LB,WAS,67.7,192,31.0,2017,706,Zach Vigil,2017,26,2,"$1,320,000",660000
NaVorro Bowman,5615,LB,LV,67.6,395,32.0,2017,670,NaVorro Bowman,2017,29,1,"$2,600,000",2600000
Michael Wilhoite,6989,LB,SEA,67.4,200,33.0,2017,666,Michael Wilhoite,2017,30,1,"$1,550,000",1550000
Nigel Bradham,7105,LB,PHI,65.6,345,38.0,2017,796,Nigel Bradham,2017,27,2,"$7,000,000",3500000
Todd Davis,9007,LB,DEN,65.3,264,40.0,2017,700,Todd Davis,2017,26,1,"$2,746,000",2746000
Wesley Woodyard,4583,LB,TEN,65.1,410,42.0,2017,703,Wesley Woodyard,2017,30,3,"$10,500,000",3500000
Derrick Johnson,2232,LB,KC,65.1,344,42.0,2017,591,Derrick Johnson,2017,34,2,"$10,250,000",5125000
Craig Robertson,7003,LB,NO,64.3,340,44.0,2017,727,Craig Robertson,2017,29,3,"$5,000,000",1666667
Thomas Davis Sr.,2231,LB,CAR,64.1,295,45.0,2017,698,Thomas Davis Sr.,2017,34,1,"$6,750,000",6750000
Jon Bostic,7831,LB,IND,63.4,395,48.0,2017,625,Jon Bostic,2017,25,1,"$690,000",690000
Karlos Dansby,1754,LB,ARZ,63.0,361,49.0,2017,640,Karlos Dansby,2017,34,1,"$2,000,000",2000000
Christian Kirksey,8706,LB,CLV,62.0,460,50.0,2017,576,Christian Kirksey,2017,24,4,"$38,000,000",9500000
Vince Williams,7988,LB,PIT,61.9,383,51.0,2017,834,Vince Williams,2017,27,3,"$5,500,000",1833333
Brandon Marshall,7648,LB,DEN,61.8,394,52.0,2017,719,Brandon Marshall,2017,27,4,"$32,000,000",8000000
Mark Barron,7013,LB,LA,61.4,350,54.0,2017,786,Mark Barron,2017,27,5,"$45,000,000",9000000
Tahir Whitehead,7135,LB,DET,61.4,411,54.0,2017,825,Tahir Whitehead,2017,26,2,"$8,000,000",4000000
Zaire Anderson,9792,LB,DEN,61.1,76,56.0,2017,707,Zaire Anderson,2017,24,1,"$540,000",540000
David Harris,3663,LB,NE,61.0,86,57.0,2017,584,David Harris,2017,33,2,"$5,000,000",2500000
Brian Cushing,4938,LB,HST,59.3,112,61.0,2017,1016,Brian Cushing,2017,29,6,"$52,500,000",8750000
Paul Worrilow,8141,LB,DET,59.1,142,62.0,2017,676,Paul Worrilow,2017,26,1,"$3,000,000",3000000
Zach Brown,7055,LB,WAS,58.7,324,63.0,2017,705,Zach Brown,2017,27,1,"$2,300,000",2300000
Kyle Van Noy,8675,LB,NE,58.5,317,64.0,2017,651,Kyle Van Noy,2017,26,2,"$11,757,095",5878548
Joe Thomas,9272,LB,GB,58.0,49,65.0,2017,622,Joe Thomas,2017,25,1,"$615,000",615000
Vincent Rey,5811,LB,CIN,56.3,277,68.0,2017,835,Vincent Rey,2017,29,3,"$10,500,000",3500000
Christian Jones,9020,LB,CHI,55.8,261,69.0,2017,575,Christian Jones,2017,26,1,"$1,500,000",1500000
Alec Ogletree,7811,LB,LA,55.0,377,70.0,2017,546,Alec Ogletree,2017,26,4,"$42,750,000",10687500
Julian Stanford,7372,LB,NYJ,54.8,29,71.0,2017,768,Julian Stanford,2017,26,2,"$1,450,000",725000
Najee Goode,7137,LB,PHI,54.8,81,71.0,2017,668,Najee Goode,2017,27,1,"$875,000",875000
Lawrence Timmons,3631,LB,MIA,53.7,363,75.0,2017,656,Lawrence Timmons,2017,30,2,"$12,000,000",6000000
Ray-Ray Armstrong,8271,LB,NYG,53.3,236,77.0,2017,808,Ray-Ray Armstrong,2017,26,2,"$3,100,000",1550000
Brock Coyle,8929,LB,SF,51.8,305,80.0,2017,562,Brock Coyle,2017,26,1,"$1,450,000",1450000
Ramon Humber,5310,LB,BUF,50.1,257,84.0,2017,679,Ramon Humber,2017,29,1,"$900,000",900000
Kiko Alonso,7827,LB,MIA,49.1,407,85.0,2017,648,Kiko Alonso,2017,26,4,"$28,910,000",7227500
A.J. Klein,7930,LB,NO,48.2,242,87.0,2017,540,A.J. Klein,2017,25,4,"$24,000,000",6000000
Jonathan Casillas,5422,LB,NYG,46.4,216,90.0,2017,918,Jonathan Casillas,2017,29,3,"$8,000,000",2666667
Sean Spence,7087,LB,PIT,27.2,112,96.0,2017,688,Sean Spence,2017,27,1,"$2,500,000",2500000
Luke Kuechly,7015,LB,CAR,91.0,225,1.0,2016,948,Luke Kuechly,2016,25,5,"$61,801,565",12360313
Jerrell Freeman,4888,LB,CHI,90.9,317,2.0,2016,758,Jerrell Freeman,2016,29,3,"$12,000,000",4000000
Bobby Wagner,7050,LB,SEA,86.4,487,4.0,2016,855,Bobby Wagner,2016,26,4,"$43,000,000",10750000
Paul Posluszny,3650,LB,JAX,82.0,413,6.0,2016,968,Paul Posluszny,2016,31,3,"$15,000,000",5000000
Mason Foster,6236,LB,WAS,79.6,355,7.0,2016,787,Mason Foster,2016,27,2,"$2,500,000",1250000
Sean Lee,5580,LB,DAL,78.5,314,9.0,2016,1132,Sean Lee,2016,29,6,"$42,000,000",7000000
Vincent Rey,5811,LB,CIN,78.5,227,9.0,2016,835,Vincent Rey,2016,28,3,"$10,500,000",3500000
Ramon Humber,5310,LB,BUF,77.6,31,14.0,2016,806,Ramon Humber,2016,28,1,"$965,000",965000
Brandon Marshall,7648,LB,DEN,77.3,267,16.0,2016,719,Brandon Marshall,2016,26,4,"$32,000,000",8000000
Nigel Bradham,7105,LB,PHI,75.9,371,19.0,2016,796,Nigel Bradham,2016,26,2,"$7,000,000",3500000
Zach Brown,7055,LB,BUF,75.7,448,20.0,2016,840,Zach Brown,2016,26,1,"$1,250,000",1250000
K.J. Wright,6251,LB,SEA,75.6,478,21.0,2016,930,K.J. Wright,2016,26,4,"$27,000,000",6750000
Perry Riley,5627,LB,LV,75.6,286,21.0,2016,802,Perry Riley,2016,27,1,"$760,000",760000
Wesley Woodyard,4583,LB,TEN,74.2,255,23.0,2016,1147,Wesley Woodyard,2016,29,4,"$15,750,000",3937500
Korey Toomer,7147,LB,LAC,73.0,180,24.0,2016,778,Korey Toomer,2016,27,1,"$600,000",600000
Derrick Johnson,2232,LB,KC,70.5,317,27.0,2016,737,Derrick Johnson,2016,33,3,"$21,000,000",7000000
Thomas Davis Sr.,2231,LB,CAR,66.4,327,38.0,2016,990,Thomas Davis Sr.,2016,33,2,"$18,000,000",9000000
Brian Cushing,4938,LB,HST,65.3,301,40.0,2016,1016,Brian Cushing,2016,28,6,"$52,500,000",8750000
Danny Trevathan,7177,LB,CHI,65.0,221,41.0,2016,730,Danny Trevathan,2016,25,4,"$28,000,000",7000000
Mark Barron,7013,LB,LA,65.0,404,41.0,2016,786,Mark Barron,2016,26,5,"$45,000,000",9000000
Karlos Dansby,1754,LB,CIN,65.0,292,41.0,2016,772,Karlos Dansby,2016,34,1,"$2,000,000",2000000
David Harris,3663,LB,NYJ,65.0,368,41.0,2016,883,David Harris,2016,32,3,"$21,500,000",7166667
Michael Morgan,6623,LB,SEA,64.6,105,45.0,2016,788,Michael Morgan,2016,27,1,"$1,000,000",1000000
Sio Moore,7847,LB,ARZ,64.3,151,48.0,2016,821,Sio Moore,2016,25,1,"$760,000",760000
Sean Spence,7087,LB,TEN,64.2,143,49.0,2016,817,Sean Spence,2016,27,1,"$2,500,000",2500000
Mychal Kendricks,7049,LB,PHI,64.0,158,51.0,2016,962,Mychal Kendricks,2016,25,4,"$29,000,000",7250000
Lavonte David,7060,LB,TB,63.7,409,52.0,2016,946,Lavonte David,2016,26,5,"$50,250,000",10050000
Vince Williams,7988,LB,PIT,62.7,107,54.0,2016,834,Vince Williams,2016,26,3,"$5,500,000",1833333
Demario Davis,7079,LB,CLV,61.5,391,56.0,2016,735,Demario Davis,2016,27,2,"$8,000,000",4000000
Edwin Jackson,9800,LB,IND,60.2,209,63.0,2016,742,Edwin Jackson,2016,24,2,"$990,000",495000
Craig Robertson,7003,LB,NO,59.9,343,65.0,2016,727,Craig Robertson,2016,28,3,"$5,000,000",1666667
Jonathan Casillas,5422,LB,NYG,59.7,338,66.0,2016,918,Jonathan Casillas,2016,28,3,"$8,000,000",2666667
Philip Wheeler,4407,LB,ATL,59.3,170,67.0,2016,803,Philip Wheeler,2016,31,1,"$965,000",965000
Dannell Ellerbe,5442,LB,NO,58.6,138,72.0,2016,728,Dannell Ellerbe,2016,30,2,"$5,000,000",2500000
Daryl Smith,1760,LB,TB,57.5,242,74.0,2016,732,Daryl Smith,2016,34,1,"$2,500,000",2500000
Josh Bynes,6503,LB,DET,57.1,188,75.0,2016,765,Josh Bynes,2016,26,1,"$760,000",760000
Malcolm Smith,6394,LB,LV,55.5,381,79.0,2016,950,Malcolm Smith,2016,26,2,"$7,000,000",3500000
Chad Greenway,2962,LB,MIN,54.8,223,81.0,2016,725,Chad Greenway,2016,33,1,"$2,750,000",2750000
Will Compton,8308,LB,WAS,53.7,362,83.0,2016,837,Will Compton,2016,26,1,"$600,000",600000
Donald Butler,5603,LB,MIA,50.0,225,86.0,2016,740,Donald Butler,2016,27,1,"$800,000",800000
Keenan Robinson,7119,LB,NYG,49.8,235,87.0,2016,774,Keenan Robinson,2016,26,1,"$2,600,000",2600000
D'Qwell Jackson,2979,LB,IND,49.4,275,88.0,2016,1029,D'Qwell Jackson,2016,32,4,"$22,000,000",5500000
Tahir Whitehead,7135,LB,DET,48.8,401,90.0,2016,825,Tahir Whitehead,2016,25,2,"$8,000,000",4000000
Michael Wilhoite,6989,LB,SF,44.8,247,94.0,2016,789,Michael Wilhoite,2016,29,1,"$1,671,000",1671000
Kelvin Sheppard,6220,LB,NYG,39.1,256,95.0,2016,775,Kelvin Sheppard,2016,28,1,"$840,000",840000
Julian Stanford,7372,LB,NYJ,29.5,79,96.0,2016,768,Julian Stanford,2016,25,2,"$1,450,000",725000
Luke Kuechly,7015,LB,CAR,93.6,300,1.0,2015,948,Luke Kuechly,2015,24,5,"$61,801,565",12360313
Wesley Woodyard,4583,LB,TEN,90.2,268,2.0,2015,1147,Wesley Woodyard,2015,28,4,"$15,750,000",3937500
Jerrell Freeman,4888,LB,IND,89.4,298,4.0,2015,913,Jerrell Freeman,2015,28,1,"$2,356,000",2356000
Sean Lee,5580,LB,DAL,88.4,349,5.0,2015,1132,Sean Lee,2015,28,6,"$42,000,000",7000000
K.J. Wright,6251,LB,SEA,87.9,405,6.0,2015,930,K.J. Wright,2015,25,4,"$27,000,000",6750000
Thomas Davis Sr.,2231,LB,CAR,80.0,372,11.0,2015,990,Thomas Davis Sr.,2015,32,2,"$18,000,000",9000000
Karlos Dansby,1754,LB,CLV,77.5,437,14.0,2015,1084,Karlos Dansby,2015,33,4,"$24,000,000",6000000
Brandon Marshall,7648,LB,DEN,77.1,402,16.0,2015,858,Brandon Marshall,2015,25,1,"$585,000",585000
Rolando McClain,5533,LB,DAL,75.0,304,20.0,2015,977,Rolando McClain,2015,25,1,"$3,000,000",3000000
Josh Mauga,5491,LB,KC,72.0,228,22.0,2015,925,Josh Mauga,2015,27,3,"$8,250,000",2750000
David Harris,3663,LB,NYJ,69.8,334,25.0,2015,883,David Harris,2015,31,3,"$21,500,000",7166667
Erin Henderson,4656,LB,NYJ,69.5,83,27.0,2015,895,Erin Henderson,2015,28,1,"$745,000",745000
Bobby Wagner,7050,LB,SEA,69.3,379,28.0,2015,855,Bobby Wagner,2015,25,4,"$43,000,000",10750000
Rey Maualuga,4961,LB,CIN,69.2,290,29.0,2015,974,Rey Maualuga,2015,28,3,"$15,000,000",5000000
Koa Misi,5565,LB,MIA,68.7,328,30.0,2015,1094,Koa Misi,2015,27,4,"$17,000,000",4250000
Josh Bynes,6503,LB,DET,68.5,327,31.0,2015,922,Josh Bynes,2015,25,2,"$1,810,000",905000
Manny Lawson,2967,LB,BUF,65.0,288,38.0,2015,1248,Manny Lawson,2015,30,4,"$12,000,000",3000000
Akeem Dent,6243,LB,HST,64.6,53,39.0,2015,845,Akeem Dent,2015,27,2,"$4,500,000",2250000
Danny Lansanah,4713,LB,TB,64.0,221,41.0,2015,879,Danny Lansanah,2015,29,1,"$660,000",660000
Lavonte David,7060,LB,TB,63.9,462,42.0,2015,946,Lavonte David,2015,25,5,"$50,250,000",10050000
NaVorro Bowman,5615,LB,SF,63.8,468,43.0,2015,1400,NaVorro Bowman,2015,27,5,"$45,250,000",9050000
Brooks Reed,6194,LB,ATL,63.4,163,44.0,2015,862,Brooks Reed,2015,28,5,"$22,000,000",4400000
Daryl Smith,1760,LB,BLT,63.3,392,45.0,2015,1037,Daryl Smith,2015,33,4,"$13,600,000",3400000
Josh McNary,8073,LB,IND,62.7,60,47.0,2015,926,Josh McNary,2015,26,2,"$1,260,000",630000
Craig Robertson,7003,LB,CLV,62.6,214,48.0,2015,873,Craig Robertson,2015,27,1,"$2,356,000",2356000
Paul Posluszny,3650,LB,JAX,61.1,373,53.0,2015,968,Paul Posluszny,2015,30,3,"$15,000,000",5000000
Stephen Tulloch,3061,LB,DET,60.8,347,54.0,2015,1422,Stephen Tulloch,2015,30,5,"$25,500,000",5100000
J.T. Thomas,6347,LB,NYG,60.4,210,55.0,2015,899,J.T. Thomas,2015,26,3,"$10,000,000",3333333
Jonathan Freeny,6633,LB,NE,60.1,183,57.0,2015,919,Jonathan Freeny,2015,26,1,"$1,750,000",1750000
D'Qwell Jackson,2979,LB,IND,60.1,441,57.0,2015,1029,D'Qwell Jackson,2015,31,4,"$22,000,000",5500000
Dan Skuta,5349,LB,JAX,59.5,211,59.0,2015,875,Dan Skuta,2015,28,5,"$20,500,000",4100000
Justin Durant,3664,LB,ATL,58.0,251,61.0,2015,928,Justin Durant,2015,29,3,"$10,800,000",3600000
Vincent Rey,5811,LB,CIN,56.3,196,63.0,2015,1146,Vincent Rey,2015,27,2,"$4,200,000",2100000
Chad Greenway,2962,LB,MIN,55.7,309,64.0,2015,1022,Chad Greenway,2015,31,2,"$12,600,000",6300000
Brian Cushing,4938,LB,HST,55.2,399,66.0,2015,1016,Brian Cushing,2015,27,6,"$52,500,000",8750000
DeMeco Ryans,2978,LB,PHI,53.6,302,67.0,2015,885,DeMeco Ryans,2015,30,2,"$7,500,000",3750000
Malcolm Smith,6394,LB,LV,53.3,389,68.0,2015,950,Malcolm Smith,2015,25,2,"$7,000,000",3500000
Sean Weatherspoon,5544,LB,ARZ,53.2,32,69.0,2015,981,Sean Weatherspoon,2015,27,1,"$3,850,000",3850000
Kelvin Sheppard,6220,LB,MIA,52.3,357,72.0,2015,935,Kelvin Sheppard,2015,27,1,"$2,000,000",2000000
Michael Wilhoite,6989,LB,SF,51.8,294,74.0,2015,957,Michael Wilhoite,2015,28,1,"$660,000",660000
Mychal Kendricks,7049,LB,PHI,51.5,259,75.0,2015,962,Mychal Kendricks,2015,24,4,"$29,000,000",7250000
Akeem Ayers,6191,LB,LA,49.8,243,79.0,2015,844,Akeem Ayers,2015,25,2,"$6,000,000",3000000
Jonathan Casillas,5422,LB,NYG,48.4,213,82.0,2015,918,Jonathan Casillas,2015,27,3,"$8,000,000",2666667
James Laurinaitis,4958,LB,LA,43.7,435,85.0,2015,1208,James Laurinaitis,2015,27,5,"$41,500,000",8300000
Curtis Lofton,4351,LB,LV,42.3,269,87.0,2015,874,Curtis Lofton,2015,28,3,"$18,000,000",6000000
Lawrence Timmons,3631,LB,PIT,40.4,430,89.0,2015,1498,Lawrence Timmons,2015,29,5,"$47,795,750",9559150
Perry Riley,5627,LB,WAS,40.4,198,89.0,2015,1122,Perry Riley,2015,26,3,"$12,000,000",4000000
Donald Butler,5603,LB,LAC,39.5,239,92.0,2015,1042,Donald Butler,2015,26,7,"$51,800,000",7400000
David Hawthorne,4693,LB,NO,37.0,119,96.0,2015,1340,David Hawthorne,2015,29,5,"$19,000,000",3800000
Karlos Dansby,1754,LB,CLV,86.5,328,4.0,2014,1084,Karlos Dansby,2014,32,4,"$24,000,000",6000000
Thomas Davis Sr.,2231,LB,CAR,82.2,368,7.0,2014,1140,Thomas Davis Sr.,2014,30,5,"$16,500,000",3300000
Rolando McClain,5533,LB,DAL,81.8,268,8.0,2014,1131,Rolando McClain,2014,24,1,"$700,000",700000
Brandon Spikes,5587,LB,BUF,77.8,232,10.0,2014,1015,Brandon Spikes,2014,26,1,"$3,000,000",3000000
Brandon Marshall,7648,LB,DEN,77.4,272,11.0,2014,1014,Brandon Marshall,2014,24,1,"$495,000",495000
Daryl Smith,1760,LB,BLT,76.5,407,12.0,2014,1037,Daryl Smith,2014,32,4,"$13,600,000",3400000
Patrick Willis,3627,LB,SF,75.0,113,13.0,2014,1602,Patrick Willis,2014,29,5,"$50,000,000",10000000
Koa Misi,5565,LB,MIA,74.5,252,14.0,2014,1094,Koa Misi,2014,26,4,"$17,000,000",4250000
DeAndre Levy,4999,LB,DET,71.0,367,16.0,2014,1188,DeAndre Levy,2014,26,3,"$9,750,000",3250000
Mike Mohamed,6341,LB,HST,70.5,142,17.0,2014,1254,Mike Mohamed,2014,25,3,"$1,710,000",570000
Craig Robertson,7003,LB,CLV,68.8,331,20.0,2014,1028,Craig Robertson,2014,26,1,"$570,000",570000
Geno Hayes,4489,LB,JAX,68.2,300,22.0,2014,1200,Geno Hayes,2014,26,2,"$2,000,000",1000000
Jasper Brinkley,5074,LB,MIN,67.8,262,23.0,2014,1063,Jasper Brinkley,2014,28,1,"$830,000",830000
Jerrell Freeman,4888,LB,IND,67.5,374,24.0,2014,1361,Jerrell Freeman,2014,27,3,"$1,460,000",486667
Lawrence Timmons,3631,LB,PIT,67.1,370,25.0,2014,1498,Lawrence Timmons,2014,28,5,"$47,795,750",9559150
David Harris,3663,LB,NYJ,66.3,384,30.0,2014,1467,David Harris,2014,30,4,"$36,000,000",9000000
Danny Lansanah,4713,LB,TB,64.5,301,33.0,2014,1186,Danny Lansanah,2014,28,2,"$1,050,000",525000
DeMeco Ryans,2978,LB,PHI,63.1,209,37.0,2014,1564,DeMeco Ryans,2014,29,6,"$46,800,000",7800000
Rey Maualuga,4961,LB,CIN,62.7,224,38.0,2014,1274,Rey Maualuga,2014,27,2,"$6,500,000",3250000
Philip Wheeler,4407,LB,MIA,62.6,197,39.0,2014,1268,Philip Wheeler,2014,29,5,"$26,000,000",5200000
Michael Wilhoite,6989,LB,SF,61.8,395,42.0,2014,1115,Michael Wilhoite,2014,27,1,"$570,000",570000
Ashlee Palmer,5281,LB,DET,61.4,90,44.0,2014,1161,Ashlee Palmer,2014,27,2,"$3,250,000",1625000
James Laurinaitis,4958,LB,LA,61.2,412,47.0,2014,1208,James Laurinaitis,2014,26,5,"$41,500,000",8300000
Jamari Lattimore,6754,LB,GB,60.0,133,50.0,2014,1054,Jamari Lattimore,2014,25,1,"$1,431,000",1431000
Vincent Rey,5811,LB,CIN,59.1,387,52.0,2014,1146,Vincent Rey,2014,26,2,"$4,200,000",2100000
Brian Cushing,4938,LB,HST,58.3,314,53.0,2014,1016,Brian Cushing,2014,26,6,"$52,500,000",8750000
Jonathan Casillas,5422,LB,NE,55.0,141,60.0,2014,1071,Jonathan Casillas,2014,25,1,"$1,400,000",1400000
Wesley Woodyard,4583,LB,TEN,54.8,429,61.0,2014,1147,Wesley Woodyard,2014,27,4,"$15,750,000",3937500
Josh Mauga,5491,LB,KC,54.2,407,63.0,2014,1077,Josh Mauga,2014,27,1,"$645,000",645000
Joe Mays,4514,LB,KC,53.9,73,64.0,2014,1068,Joe Mays,2014,28,2,"$6,000,000",3000000
David Hawthorne,4693,LB,NO,53.6,313,66.0,2014,1340,David Hawthorne,2014,28,5,"$19,000,000",3800000
D'Qwell Jackson,2979,LB,IND,52.5,468,70.0,2014,1029,D'Qwell Jackson,2014,30,4,"$22,000,000",5500000
Perry Riley,5627,LB,WAS,52.4,351,71.0,2014,1122,Perry Riley,2014,25,3,"$12,000,000",4000000
Kavell Conner,5763,LB,LAC,52.1,213,73.0,2014,1086,Kavell Conner,2014,27,3,"$2,700,000",900000
Josh McNary,8073,LB,IND,52.0,103,74.0,2014,1226,Josh McNary,2014,25,2,"$900,000",450000
Jameel McClain,4788,LB,NYG,51.4,399,76.0,2014,1055,Jameel McClain,2014,28,2,"$4,500,000",2250000
Albert McClellan,6022,LB,BLT,50.8,12,77.0,2014,1001,Albert McClellan,2014,27,2,"$2,200,000",1100000
A.J. Hawk,2950,LB,GB,50.2,397,79.0,2014,1152,A.J. Hawk,2014,29,3,"$10,600,000",3533333
Curtis Lofton,4351,LB,NO,50.2,424,79.0,2014,1332,Curtis Lofton,2014,27,5,"$27,500,000",5500000
D.J. Williams,1738,LB,CHI,50.0,210,81.0,2014,1032,D.J. Williams,2014,31,1,"$1,500,000",1500000
Steven Johnson,7298,LB,DEN,49.3,126,83.0,2014,1424,Steven Johnson,2014,26,3,"$1,452,000",484000
Chad Greenway,2962,LB,MIN,46.0,315,86.0,2014,1022,Chad Greenway,2014,30,2,"$12,600,000",6300000
Larry Foote,1126,LB,ARZ,41.0,385,91.0,2014,1104,Larry Foote,2014,33,1,"$955,000",955000
Donald Butler,5603,LB,LAC,40.7,296,92.0,2014,1042,Donald Butler,2014,25,7,"$51,800,000",7400000
JoLonn Dunbar,4588,LB,LA,38.7,251,93.0,2014,1067,JoLonn Dunbar,2014,28,2,"$2,005,498",1002749
NaVorro Bowman,5615,LB,SF,90.6,461,1.0,2013,1400,NaVorro Bowman,2013,25,5,"$45,250,000",9050000
Patrick Willis,3627,LB,SF,88.7,402,2.0,2013,1602,Patrick Willis,2013,28,5,"$50,000,000",10000000
Derrick Johnson,2232,LB,KC,85.9,377,4.0,2013,1565,Derrick Johnson,2013,30,5,"$27,650,000",5530000
Thomas Davis Sr.,2231,LB,CAR,83.1,369,5.0,2013,1535,Thomas Davis Sr.,2013,30,5,"$36,500,000",7300000
Stephen Tulloch,3061,LB,DET,81.7,366,6.0,2013,1422,Stephen Tulloch,2013,28,5,"$25,500,000",5100000
Karlos Dansby,1754,LB,ARZ,81.1,352,8.0,2013,1231,Karlos Dansby,2013,31,1,"$2,250,000",2250000
James Harrison,1251,LB,CIN,78.5,164,10.0,2013,1207,James Harrison,2013,34,2,"$4,450,000",2225000
Akeem Jordan,4270,LB,KC,75.3,233,13.0,2013,1156,Akeem Jordan,2013,26,1,"$735,000",735000
Sean Lee,5580,LB,DAL,73.1,230,16.0,2013,1613,Sean Lee,2013,27,4,"$3,490,000",872500
Daryl Washington,5572,LB,ARZ,72.9,257,17.0,2013,1339,Daryl Washington,2013,26,4,"$32,000,000",8000000
Daryl Smith,1760,LB,BLT,72.2,428,18.0,2013,1187,Daryl Smith,2013,31,1,"$1,125,000",1125000
Jerrell Freeman,4888,LB,IND,71.1,442,23.0,2013,1361,Jerrell Freeman,2013,26,3,"$1,460,000",486667
DeAndre Levy,4999,LB,DET,69.7,364,25.0,2013,1188,DeAndre Levy,2013,25,3,"$9,750,000",3250000
Ramon Humber,5310,LB,NO,67.6,72,29.0,2013,1272,Ramon Humber,2013,25,1,"$740,000",740000
James Laurinaitis,4958,LB,LA,67.3,425,30.0,2013,1208,James Laurinaitis,2013,25,5,"$41,500,000",8300000
David Harris,3663,LB,NYJ,67.2,415,31.0,2013,1467,David Harris,2013,29,4,"$36,000,000",9000000
Nick Roach,4054,LB,LV,66.4,431,35.0,2013,1258,Nick Roach,2013,27,4,"$13,000,000",3250000
Curtis Lofton,4351,LB,NO,65.9,414,36.0,2013,1332,Curtis Lofton,2013,26,5,"$27,500,000",5500000
Erin Henderson,4656,LB,MIN,65.4,331,37.0,2013,1196,Erin Henderson,2013,26,2,"$4,000,000",2000000
Marvin Mitchell,3836,LB,MIN,64.7,179,39.0,2013,1251,Marvin Mitchell,2013,28,1,"$815,000",815000
Lawrence Timmons,3631,LB,PIT,64.1,422,42.0,2013,1498,Lawrence Timmons,2013,27,5,"$47,795,750",9559150
Russell Allen,5263,LB,JAX,63.8,314,43.0,2013,1416,Russell Allen,2013,26,3,"$6,000,000",2000000
Paul Posluszny,3650,LB,JAX,63.4,455,44.0,2013,1514,Paul Posluszny,2013,28,6,"$45,000,000",7500000
Keith Rivers,4323,LB,NYG,63.3,243,46.0,2013,1232,Keith Rivers,2013,26,1,"$800,000",800000
Geno Hayes,4489,LB,JAX,63.0,390,47.0,2013,1200,Geno Hayes,2013,25,2,"$2,000,000",1000000
Michael Wilhoite,6989,LB,SF,63.0,76,47.0,2013,1395,Michael Wilhoite,2013,26,3,"$1,440,000",480000
Wesley Woodyard,4583,LB,DEN,61.9,281,50.0,2013,1434,Wesley Woodyard,2013,26,2,"$5,000,000",2500000
Stevenson Sylvester,5689,LB,PIT,61.3,46,51.0,2013,1284,Stevenson Sylvester,2013,24,1,"$630,000",630000
A.J. Hawk,2950,LB,GB,61.3,440,51.0,2013,1152,A.J. Hawk,2013,28,3,"$10,600,000",3533333
Joe Mays,4514,LB,HST,60.9,295,54.0,2013,1218,Joe Mays,2013,27,1,"$1,100,000",1100000
Brad Jones,5142,LB,GB,60.5,303,57.0,2013,1165,Brad Jones,2013,26,3,"$11,250,000",3750000
D'Qwell Jackson,2979,LB,CLV,60.2,449,58.0,2013,1334,D'Qwell Jackson,2013,29,5,"$38,500,000",7700000
Rey Maualuga,4961,LB,CIN,59.6,296,59.0,2013,1274,Rey Maualuga,2013,26,2,"$6,500,000",3250000
Jasper Brinkley,5074,LB,ARZ,59.5,81,60.0,2013,1213,Jasper Brinkley,2013,27,2,"$3,500,000",1750000
Dannell Ellerbe,5442,LB,MIA,59.1,409,63.0,2013,1185,Dannell Ellerbe,2013,27,5,"$35,000,000",7000000
Lance Briggs,1383,LB,CHI,58.0,246,66.0,2013,1382,Lance Briggs,2013,32,3,"$17,500,000",5833333
Jerod Mayo,4324,LB,NE,57.8,155,68.0,2013,1482,Jerod Mayo,2013,26,7,"$49,850,000",7121429
James Anderson,3033,LB,CHI,56.2,456,71.0,2013,1206,James Anderson,2013,29,1,"$1,250,000",1250000
DeMeco Ryans,2978,LB,PHI,56.0,443,73.0,2013,1564,DeMeco Ryans,2013,28,6,"$46,800,000",7800000
Kevin Burnett,2259,LB,LV,54.9,380,74.0,2013,1235,Kevin Burnett,2013,30,2,"$5,250,000",2625000
Ashlee Palmer,5281,LB,DET,54.8,182,75.0,2013,1161,Ashlee Palmer,2013,26,2,"$3,250,000",1625000
Nick Barnett,1345,LB,WAS,54.4,29,76.0,2013,1257,Nick Barnett,2013,32,1,"$940,000",940000
Chase Blackburn,2498,LB,CAR,53.7,137,78.0,2013,1177,Chase Blackburn,2013,29,2,"$2,050,000",1025000
Reggie Walker,5351,LB,LAC,53.7,162,78.0,2013,1273,Reggie Walker,2013,26,1,"$730,000",730000
Jameel McClain,4788,LB,BLT,52.9,204,81.0,2013,1355,Jameel McClain,2013,27,2,"$10,500,000",5250000
JoLonn Dunbar,4588,LB,LA,50.3,220,86.0,2013,1216,JoLonn Dunbar,2013,27,1,"$850,000",850000
David Hawthorne,4693,LB,NO,50.2,383,87.0,2013,1340,David Hawthorne,2013,27,5,"$19,000,000",3800000
Jon Beason,3641,LB,NYG,48.0,307,88.0,2013,1220,Jon Beason,2013,27,1,"$3,250,000",3250000
Philip Wheeler,4407,LB,MIA,48.0,432,88.0,2013,1268,Philip Wheeler,2013,28,5,"$26,000,000",5200000
Chad Greenway,2962,LB,MIN,47.7,412,90.0,2013,1457,Chad Greenway,2013,29,5,"$40,600,000",8120000
Moise Fokou,5154,LB,TEN,47.1,271,91.0,2013,1255,Moise Fokou,2013,27,2,"$2,800,000",1400000
London Fletcher,424,LB,WAS,45.3,408,95.0,2013,1388,London Fletcher,2013,37,2,"$10,750,000",5375000
Ernie Sims,2954,LB,DAL,30.9,200,96.0,2013,1197,Ernie Sims,2013,28,1,"$840,000",840000
Patrick Willis,3627,LB,SF,90.4,444,1.0,2012,1602,Patrick Willis,2012,27,5,"$50,000,000",10000000
NaVorro Bowman,5615,LB,SF,88.1,445,2.0,2012,1400,NaVorro Bowman,2012,24,5,"$45,250,000",9050000
Lawrence Timmons,3631,LB,PIT,87.7,381,3.0,2012,1498,Lawrence Timmons,2012,26,5,"$47,795,750",9559150
Daryl Washington,5572,LB,ARZ,82.8,490,5.0,2012,1339,Daryl Washington,2012,25,4,"$32,000,000",8000000
Derrick Johnson,2232,LB,KC,79.7,452,6.0,2012,1565,Derrick Johnson,2012,29,5,"$27,650,000",5530000
Karlos Dansby,1754,LB,MIA,76.0,405,10.0,2012,1581,Karlos Dansby,2012,30,5,"$42,100,000",8420000
Jerod Mayo,4324,LB,NE,75.6,447,11.0,2012,1482,Jerod Mayo,2012,25,7,"$49,850,000",7121429
DeMeco Ryans,2978,LB,PHI,73.4,467,12.0,2012,1564,DeMeco Ryans,2012,27,6,"$46,800,000",7800000
Thomas Davis Sr.,2231,LB,CAR,72.8,282,14.0,2012,1535,Thomas Davis Sr.,2012,29,5,"$36,500,000",7300000
Wesley Woodyard,4583,LB,DEN,71.8,362,18.0,2012,1434,Wesley Woodyard,2012,25,2,"$5,000,000",2500000
Philip Wheeler,4407,LB,LV,71.4,422,20.0,2012,1407,Philip Wheeler,2012,27,1,"$700,000",700000
Kevin Burnett,2259,LB,MIA,71.0,393,21.0,2012,1491,Kevin Burnett,2012,29,4,"$21,000,000",5250000
Jerrell Freeman,4888,LB,IND,70.6,446,22.0,2012,1361,Jerrell Freeman,2012,25,3,"$1,460,000",486667
D'Qwell Jackson,2979,LB,CLV,70.6,436,22.0,2012,1334,D'Qwell Jackson,2012,28,5,"$38,500,000",7700000
Lance Briggs,1383,LB,CHI,70.0,361,24.0,2012,1382,Lance Briggs,2012,31,3,"$17,500,000",5833333
A.J. Hawk,2950,LB,GB,69.9,428,25.0,2012,1437,A.J. Hawk,2012,27,5,"$33,750,000",6750000
Tim Dobbins,3096,LB,HST,69.7,133,27.0,2012,1426,Tim Dobbins,2012,29,1,"$700,000",700000
Paul Posluszny,3650,LB,JAX,69.4,517,28.0,2012,1514,Paul Posluszny,2012,27,6,"$45,000,000",7500000
Stephen Tulloch,3061,LB,DET,68.7,395,30.0,2012,1422,Stephen Tulloch,2012,27,5,"$25,500,000",5100000
Nick Barnett,1345,LB,BUF,68.2,433,32.0,2012,1509,Nick Barnett,2012,30,3,"$11,500,000",3833333
Dannell Ellerbe,5442,LB,BLT,67.9,357,33.0,2012,1337,Dannell Ellerbe,2012,26,1,"$1,927,000",1927000
Demorrio Williams,1822,LB,LAC,66.7,126,39.0,2012,1343,Demorrio Williams,2012,31,1,"$890,000",890000
Takeo Spikes,337,LB,LAC,66.7,312,39.0,2012,1532,Takeo Spikes,2012,35,3,"$9,500,000",3166667
Leroy Hill,2315,LB,SEA,63.6,244,45.0,2012,1386,Leroy Hill,2012,29,1,"$1,600,000",1600000
Jovan Belcher,5449,LB,KC,63.1,199,47.0,2012,1370,Jovan Belcher,2012,24,1,"$1,927,000",1927000
Brandon Siler,3856,LB,KC,63.1,112,47.0,2012,1316,Brandon Siler,2012,26,1,"$700,000",700000
Chad Greenway,2962,LB,MIN,63.1,420,47.0,2012,1457,Chad Greenway,2012,28,5,"$40,600,000",8120000
Curtis Lofton,4351,LB,NO,62.5,449,50.0,2012,1332,Curtis Lofton,2012,25,5,"$27,500,000",5500000
JoLonn Dunbar,4588,LB,LA,62.4,412,51.0,2012,1364,JoLonn Dunbar,2012,27,2,"$3,050,000",1525000
Nick Roach,4054,LB,CHI,62.1,299,52.0,2012,1510,Nick Roach,2012,27,2,"$4,500,000",2250000
Will Witherspoon,1079,LB,TEN,62.1,159,52.0,2012,1626,Will Witherspoon,2012,31,3,"$11,000,000",3666667
Dan Connor,4388,LB,DAL,61.9,175,54.0,2012,1335,Dan Connor,2012,26,2,"$6,500,000",3250000
Bart Scott,1303,LB,NYJ,61.6,337,55.0,2012,1630,Bart Scott,2012,31,6,"$48,000,000",8000000
Larry Grant,4528,LB,SF,61.0,10,57.0,2012,1383,Larry Grant,2012,27,1,"$1,260,000",1260000
Keith Brooking,336,LB,DEN,60.9,252,59.0,2012,1375,Keith Brooking,2012,36,1,"$1,000,000",1000000
Brian Urlacher,587,LB,CHI,60.5,256,61.0,2012,1692,Brian Urlacher,2012,33,5,"$43,550,000",8710000
Jameel McClain,4788,LB,BLT,60.2,338,62.0,2012,1355,Jameel McClain,2012,26,2,"$10,500,000",5250000
Russell Allen,5263,LB,JAX,60.0,506,63.0,2012,1416,Russell Allen,2012,25,3,"$6,000,000",2000000
Larry Foote,1126,LB,PIT,59.7,381,64.0,2012,1588,Larry Foote,2012,31,3,"$9,300,000",3100000
David Harris,3663,LB,NYJ,59.5,496,66.0,2012,1467,David Harris,2012,28,4,"$36,000,000",9000000
Bradie James,1416,LB,HST,59.3,317,67.0,2012,1312,Bradie James,2012,31,1,"$890,000",890000
Joe Mays,4514,LB,DEN,59.0,135,68.0,2012,1365,Joe Mays,2012,26,3,"$12,000,000",4000000
Chase Blackburn,2498,LB,NYG,59.0,383,68.0,2012,1326,Chase Blackburn,2012,28,1,"$825,000",825000
Akeem Jordan,4270,LB,PHI,58.9,204,70.0,2012,1440,Akeem Jordan,2012,25,2,"$1,385,000",692500
Justin Durant,3664,LB,DET,58.5,350,71.0,2012,1487,Justin Durant,2012,26,2,"$5,500,000",2750000
Jonathan Vilma,1733,LB,NO,57.7,217,73.0,2012,1368,Jonathan Vilma,2012,29,2,"$9,300,000",4650000
Michael Boley,2377,LB,NYG,55.4,327,76.0,2012,1663,Michael Boley,2012,29,5,"$25,000,000",5000000
DeAndre Levy,4999,LB,DET,55.4,320,76.0,2012,1342,DeAndre Levy,2012,25,1,"$1,927,000",1927000
Erin Henderson,4656,LB,MIN,55.0,324,79.0,2012,1346,Erin Henderson,2012,25,1,"$2,000,000",2000000
Stewart Bradley,3703,LB,ARZ,54.5,25,80.0,2012,1531,Stewart Bradley,2012,28,5,"$27,500,000",5500000
Quincy Black,3684,LB,TB,54.1,130,81.0,2012,1515,Quincy Black,2012,28,5,"$29,000,000",5800000
Rocky McIntosh,2980,LB,LA,53.9,259,82.0,2012,1415,Rocky McIntosh,2012,29,1,"$700,000",700000
London Fletcher,424,LB,WAS,53.5,372,84.0,2012,1388,London Fletcher,2012,36,2,"$10,750,000",5375000
Manny Lawson,2967,LB,CIN,53.0,218,85.0,2012,1389,Manny Lawson,2012,27,1,"$2,100,000",2100000
James Anderson,3033,LB,CAR,51.7,258,87.0,2012,1479,James Anderson,2012,28,5,"$22,000,000",4400000
Stephen Nicholas,3725,LB,ATL,51.1,407,89.0,2012,1528,Stephen Nicholas,2012,29,5,"$17,500,000",3500000
Paris Lenon,751,LB,ARZ,50.9,461,90.0,2012,1600,Paris Lenon,2012,34,3,"$4,500,000",1500000
David Hawthorne,4693,LB,NO,49.0,188,91.0,2012,1340,David Hawthorne,2012,26,5,"$19,000,000",3800000
Ray Lewis,167,LB,BLT,48.7,328,92.0,2012,1673,Ray Lewis,2012,36,7,"$44,500,000",6357143
Ernie Sims,2954,LB,DAL,48.2,170,93.0,2012,1347,Ernie Sims,2012,27,1,"$700,000",700000
